TRACE::2026-05-04.15:50:43::SCWPlatform::Trying to open the hw design at C:/Xilinx/ECE_520/Sandbox/threat_detection_vitis/threat_app3/hw/threat_detector_bd_wrapper2.xsa
TRACE::2026-05-04.15:50:43::SCWPlatform::DSA given C:/Xilinx/ECE_520/Sandbox/threat_detection_vitis/threat_app3/hw/threat_detector_bd_wrapper2.xsa
TRACE::2026-05-04.15:50:43::SCWPlatform::DSA absoulate path C:/Xilinx/ECE_520/Sandbox/threat_detection_vitis/threat_app3/hw/threat_detector_bd_wrapper2.xsa
TRACE::2026-05-04.15:50:43::SCWPlatform::DSA directory C:/Xilinx/ECE_520/Sandbox/threat_detection_vitis/threat_app3/hw
TRACE::2026-05-04.15:50:43::SCWPlatform:: Platform Path C:/Xilinx/ECE_520/Sandbox/threat_detection_vitis/threat_app3/hw/threat_detector_bd_wrapper2.xsa
TRACE::2026-05-04.15:50:43::SCWPlatform:: Unique name xilinx:zybo-z7-10::0.0
TRACE::2026-05-04.15:50:43::SCWPlatform::Do not have an existing db opened. 
TRACE::2026-05-04.15:50:45::SCWPlatform::Opened new HwDB with name threat_detector_bd_wrapper_0
TRACE::2026-05-04.15:50:45::SCWWriter::formatted JSON is {
	"platformName":	"threat_app3",
	"sprVersion":	"2.0",
	"mode":	"gui",
	"dsaType":	"Fixed",
	"platformDesc":	"threat_app3",
	"platHandOff":	"C:/Xilinx/ECE_520/Sandbox/threat_detector_final_soc/threat_detector_bd_wrapper2.xsa",
	"platIntHandOff":	"<platformDir>/hw/threat_detector_bd_wrapper2.xsa",
	"deviceType":	"zynq",
	"platIsPrebuiltAutogen":	"false",
	"platIsNoBootBsp":	"false",
	"hasFsblMakeHasChanges":	"false",
	"hasPmufwMakeHasChanges":	"false",
	"platPreBuiltFlag":	false,
	"platformSamplesDir":	""
}
TRACE::2026-05-04.15:50:45::SCWWriter::formatted JSON is {
	"platformName":	"threat_app3",
	"sprVersion":	"2.0",
	"mode":	"gui",
	"dsaType":	"Fixed",
	"platformDesc":	"threat_app3",
	"platHandOff":	"C:/Xilinx/ECE_520/Sandbox/threat_detector_final_soc/threat_detector_bd_wrapper2.xsa",
	"platIntHandOff":	"<platformDir>/hw/threat_detector_bd_wrapper2.xsa",
	"deviceType":	"zynq",
	"platIsPrebuiltAutogen":	"false",
	"platIsNoBootBsp":	"false",
	"hasFsblMakeHasChanges":	"false",
	"hasPmufwMakeHasChanges":	"false",
	"platPreBuiltFlag":	false,
	"platformSamplesDir":	"",
	"platActiveSys":	"threat_app3",
	"systems":	[{
			"systemName":	"threat_app3",
			"systemDesc":	"threat_app3",
			"sysIsBootAutoGen":	"true",
			"systemDispName":	"threat_app3"
		}]
}
TRACE::2026-05-04.15:50:45::SCWPlatform::Boot application domains not present, creating them
TRACE::2026-05-04.15:50:45::SCWDomain::checking for install qemu data   : 
TRACE::2026-05-04.15:50:45::SCWDomain:: Using the QEMU Data from install at  : C:/Xilinx/Vitis/2023.1/data/emulation/platforms/zynq/sw/a9_standalone/qemu/
TRACE::2026-05-04.15:50:45::SCWDomain:: Using the QEMU args  from install at  : C:/Xilinx/Vitis/2023.1/data/emulation/platforms/zynq/sw/a9_standalone/qemu/qemu_args.txt
TRACE::2026-05-04.15:50:45::SCWPlatform::Trying to open the hw design at C:/Xilinx/ECE_520/Sandbox/threat_detection_vitis/threat_app3/hw/threat_detector_bd_wrapper2.xsa
TRACE::2026-05-04.15:50:45::SCWPlatform::DSA given C:/Xilinx/ECE_520/Sandbox/threat_detection_vitis/threat_app3/hw/threat_detector_bd_wrapper2.xsa
TRACE::2026-05-04.15:50:45::SCWPlatform::DSA absoulate path C:/Xilinx/ECE_520/Sandbox/threat_detection_vitis/threat_app3/hw/threat_detector_bd_wrapper2.xsa
TRACE::2026-05-04.15:50:45::SCWPlatform::DSA directory C:/Xilinx/ECE_520/Sandbox/threat_detection_vitis/threat_app3/hw
TRACE::2026-05-04.15:50:45::SCWPlatform:: Platform Path C:/Xilinx/ECE_520/Sandbox/threat_detection_vitis/threat_app3/hw/threat_detector_bd_wrapper2.xsa
TRACE::2026-05-04.15:50:45::SCWPlatform:: Unique name xilinx:zybo-z7-10::0.0
TRACE::2026-05-04.15:50:45::SCWPlatform::Trying to set the existing hwdb with name threat_detector_bd_wrapper_0
TRACE::2026-05-04.15:50:45::SCWPlatform::Opened existing hwdb threat_detector_bd_wrapper_0
TRACE::2026-05-04.15:50:45::SCWPlatform::Found the Hw Db part of the input DSA
TRACE::2026-05-04.15:50:45::SCWPlatform::Trying to open the hw design at C:/Xilinx/ECE_520/Sandbox/threat_detection_vitis/threat_app3/hw/threat_detector_bd_wrapper2.xsa
TRACE::2026-05-04.15:50:45::SCWPlatform::DSA given C:/Xilinx/ECE_520/Sandbox/threat_detection_vitis/threat_app3/hw/threat_detector_bd_wrapper2.xsa
TRACE::2026-05-04.15:50:45::SCWPlatform::DSA absoulate path C:/Xilinx/ECE_520/Sandbox/threat_detection_vitis/threat_app3/hw/threat_detector_bd_wrapper2.xsa
TRACE::2026-05-04.15:50:45::SCWPlatform::DSA directory C:/Xilinx/ECE_520/Sandbox/threat_detection_vitis/threat_app3/hw
TRACE::2026-05-04.15:50:45::SCWPlatform:: Platform Path C:/Xilinx/ECE_520/Sandbox/threat_detection_vitis/threat_app3/hw/threat_detector_bd_wrapper2.xsa
TRACE::2026-05-04.15:50:45::SCWPlatform:: Unique name xilinx:zybo-z7-10::0.0
TRACE::2026-05-04.15:50:45::SCWPlatform::Trying to set the existing hwdb with name threat_detector_bd_wrapper_0
TRACE::2026-05-04.15:50:45::SCWPlatform::Opened existing hwdb threat_detector_bd_wrapper_0
TRACE::2026-05-04.15:50:45::SCWPlatform::Found the Hw Db part of the input DSA
TRACE::2026-05-04.15:50:45::SCWPlatform::Trying to open the hw design at C:/Xilinx/ECE_520/Sandbox/threat_detection_vitis/threat_app3/hw/threat_detector_bd_wrapper2.xsa
TRACE::2026-05-04.15:50:45::SCWPlatform::DSA given C:/Xilinx/ECE_520/Sandbox/threat_detection_vitis/threat_app3/hw/threat_detector_bd_wrapper2.xsa
TRACE::2026-05-04.15:50:45::SCWPlatform::DSA absoulate path C:/Xilinx/ECE_520/Sandbox/threat_detection_vitis/threat_app3/hw/threat_detector_bd_wrapper2.xsa
TRACE::2026-05-04.15:50:45::SCWPlatform::DSA directory C:/Xilinx/ECE_520/Sandbox/threat_detection_vitis/threat_app3/hw
TRACE::2026-05-04.15:50:45::SCWPlatform:: Platform Path C:/Xilinx/ECE_520/Sandbox/threat_detection_vitis/threat_app3/hw/threat_detector_bd_wrapper2.xsa
TRACE::2026-05-04.15:50:45::SCWPlatform:: Unique name xilinx:zybo-z7-10::0.0
TRACE::2026-05-04.15:50:45::SCWPlatform::Trying to set the existing hwdb with name threat_detector_bd_wrapper_0
TRACE::2026-05-04.15:50:45::SCWPlatform::Opened existing hwdb threat_detector_bd_wrapper_0
TRACE::2026-05-04.15:50:45::SCWPlatform::Found the Hw Db part of the input DSA
TRACE::2026-05-04.15:50:45::SCWPlatform::Boot application domain added for zynq_fsbl
TRACE::2026-05-04.15:50:45::SCWPlatform::Generating the sources  .
TRACE::2026-05-04.15:50:45::SCWBDomain::Generating boot domain sources.
TRACE::2026-05-04.15:50:45::SCWBDomain:: Generating the zynq_fsbl Application.
TRACE::2026-05-04.15:50:45::SCWPlatform::Trying to open the hw design at C:/Xilinx/ECE_520/Sandbox/threat_detection_vitis/threat_app3/hw/threat_detector_bd_wrapper2.xsa
TRACE::2026-05-04.15:50:45::SCWPlatform::DSA given C:/Xilinx/ECE_520/Sandbox/threat_detection_vitis/threat_app3/hw/threat_detector_bd_wrapper2.xsa
TRACE::2026-05-04.15:50:45::SCWPlatform::DSA absoulate path C:/Xilinx/ECE_520/Sandbox/threat_detection_vitis/threat_app3/hw/threat_detector_bd_wrapper2.xsa
TRACE::2026-05-04.15:50:45::SCWPlatform::DSA directory C:/Xilinx/ECE_520/Sandbox/threat_detection_vitis/threat_app3/hw
TRACE::2026-05-04.15:50:45::SCWPlatform:: Platform Path C:/Xilinx/ECE_520/Sandbox/threat_detection_vitis/threat_app3/hw/threat_detector_bd_wrapper2.xsa
TRACE::2026-05-04.15:50:45::SCWPlatform:: Unique name xilinx:zybo-z7-10::0.0
TRACE::2026-05-04.15:50:45::SCWPlatform::Trying to set the existing hwdb with name threat_detector_bd_wrapper_0
TRACE::2026-05-04.15:50:45::SCWPlatform::Opened existing hwdb threat_detector_bd_wrapper_0
TRACE::2026-05-04.15:50:45::SCWPlatform::Found the Hw Db part of the input DSA
TRACE::2026-05-04.15:50:45::SCWMssOS::Checking the sw design at  C:/Xilinx/ECE_520/Sandbox/threat_detection_vitis/threat_app3/zynq_fsbl/zynq_fsbl_bsp/system.mss
TRACE::2026-05-04.15:50:45::SCWMssOS::DEBUG:  swdes dump  
TRACE::2026-05-04.15:50:45::SCWMssOS::No sw design opened at  C:/Xilinx/ECE_520/Sandbox/threat_detection_vitis/threat_app3/zynq_fsbl/zynq_fsbl_bsp/system.mss
TRACE::2026-05-04.15:50:45::SCWMssOS::mss does not exists at C:/Xilinx/ECE_520/Sandbox/threat_detection_vitis/threat_app3/zynq_fsbl/zynq_fsbl_bsp/system.mss
TRACE::2026-05-04.15:50:45::SCWMssOS::Creating sw design at  C:/Xilinx/ECE_520/Sandbox/threat_detection_vitis/threat_app3/zynq_fsbl/zynq_fsbl_bsp/system.mss
TRACE::2026-05-04.15:50:45::SCWMssOS::Adding the swdes entry, created swdb C:/Xilinx/ECE_520/Sandbox/threat_detection_vitis/threat_app3/zynq_fsbl/zynq_fsbl_bsp/system.mss with des name C:/Xilinx/ECE_520/Sandbox/threat_detection_vitis/threat_app3/zynq_fsbl/zynq_fsbl_bsp/system.mss
TRACE::2026-05-04.15:50:45::SCWMssOS::updating the scw layer changes to swdes at   C:/Xilinx/ECE_520/Sandbox/threat_detection_vitis/threat_app3/zynq_fsbl/zynq_fsbl_bsp/system.mss
TRACE::2026-05-04.15:50:45::SCWMssOS::Writing mss at C:/Xilinx/ECE_520/Sandbox/threat_detection_vitis/threat_app3/zynq_fsbl/zynq_fsbl_bsp/system.mss
TRACE::2026-05-04.15:50:45::SCWMssOS::Completed writing the mss file at C:/Xilinx/ECE_520/Sandbox/threat_detection_vitis/threat_app3/zynq_fsbl/zynq_fsbl_bsp
TRACE::2026-05-04.15:50:45::SCWMssOS::Picking up changes from newly written mss file into SCW Layer. 
TRACE::2026-05-04.15:50:45::SCWMssOS::Updated the changes from newly written mss file into SCW Layer. 
TRACE::2026-05-04.15:50:45::SCWBDomain::Completed writing the mss file at C:/Xilinx/ECE_520/Sandbox/threat_detection_vitis/threat_app3/zynq_fsbl/zynq_fsbl_bsp
TRACE::2026-05-04.15:50:50::SCWPlatform::Generating sources Done.
TRACE::2026-05-04.15:50:50::SCWPlatform::Trying to open the hw design at C:/Xilinx/ECE_520/Sandbox/threat_detection_vitis/threat_app3/hw/threat_detector_bd_wrapper2.xsa
TRACE::2026-05-04.15:50:50::SCWPlatform::DSA given C:/Xilinx/ECE_520/Sandbox/threat_detection_vitis/threat_app3/hw/threat_detector_bd_wrapper2.xsa
TRACE::2026-05-04.15:50:50::SCWPlatform::DSA absoulate path C:/Xilinx/ECE_520/Sandbox/threat_detection_vitis/threat_app3/hw/threat_detector_bd_wrapper2.xsa
TRACE::2026-05-04.15:50:50::SCWPlatform::DSA directory C:/Xilinx/ECE_520/Sandbox/threat_detection_vitis/threat_app3/hw
TRACE::2026-05-04.15:50:50::SCWPlatform:: Platform Path C:/Xilinx/ECE_520/Sandbox/threat_detection_vitis/threat_app3/hw/threat_detector_bd_wrapper2.xsa
TRACE::2026-05-04.15:50:50::SCWPlatform:: Unique name xilinx:zybo-z7-10::0.0
TRACE::2026-05-04.15:50:50::SCWPlatform::Trying to set the existing hwdb with name threat_detector_bd_wrapper_0
TRACE::2026-05-04.15:50:50::SCWPlatform::Opened existing hwdb threat_detector_bd_wrapper_0
TRACE::2026-05-04.15:50:50::SCWPlatform::Found the Hw Db part of the input DSA
TRACE::2026-05-04.15:50:50::SCWMssOS::Checking the sw design at  C:/Xilinx/ECE_520/Sandbox/threat_detection_vitis/threat_app3/zynq_fsbl/zynq_fsbl_bsp/system.mss
TRACE::2026-05-04.15:50:50::SCWMssOS::DEBUG:  swdes dump  
TRACE::2026-05-04.15:50:50::SCWMssOS::No sw design opened at  C:/Xilinx/ECE_520/Sandbox/threat_detection_vitis/threat_app3/zynq_fsbl/zynq_fsbl_bsp/system.mss
TRACE::2026-05-04.15:50:50::SCWMssOS::mss exists loading the mss file  C:/Xilinx/ECE_520/Sandbox/threat_detection_vitis/threat_app3/zynq_fsbl/zynq_fsbl_bsp/system.mss
TRACE::2026-05-04.15:50:50::SCWMssOS::Opened the sw design from mss  C:/Xilinx/ECE_520/Sandbox/threat_detection_vitis/threat_app3/zynq_fsbl/zynq_fsbl_bsp/system.mss
TRACE::2026-05-04.15:50:50::SCWMssOS::Adding the swdes entry C:/Xilinx/ECE_520/Sandbox/threat_detection_vitis/threat_app3/zynq_fsbl/zynq_fsbl_bsp/system.mss with des name system
TRACE::2026-05-04.15:50:50::SCWMssOS::updating the scw layer about changes
TRACE::2026-05-04.15:50:50::SCWMssOS::Opened the sw design.  C:/Xilinx/ECE_520/Sandbox/threat_detection_vitis/threat_app3/zynq_fsbl/zynq_fsbl_bsp/system.mss
TRACE::2026-05-04.15:50:50::SCWMssOS::Saving the mss changes C:/Xilinx/ECE_520/Sandbox/threat_detection_vitis/threat_app3/zynq_fsbl/zynq_fsbl_bsp/system.mss
TRACE::2026-05-04.15:50:50::SCWMssOS::Found a swdesign opened with the mssfile.
TRACE::2026-05-04.15:50:50::SCWMssOS::Completed writemss as part of save.
TRACE::2026-05-04.15:50:50::SCWMssOS::Commit changes completed.
TRACE::2026-05-04.15:50:50::SCWPlatform::Trying to open the hw design at C:/Xilinx/ECE_520/Sandbox/threat_detection_vitis/threat_app3/hw/threat_detector_bd_wrapper2.xsa
TRACE::2026-05-04.15:50:50::SCWPlatform::DSA given C:/Xilinx/ECE_520/Sandbox/threat_detection_vitis/threat_app3/hw/threat_detector_bd_wrapper2.xsa
TRACE::2026-05-04.15:50:50::SCWPlatform::DSA absoulate path C:/Xilinx/ECE_520/Sandbox/threat_detection_vitis/threat_app3/hw/threat_detector_bd_wrapper2.xsa
TRACE::2026-05-04.15:50:50::SCWPlatform::DSA directory C:/Xilinx/ECE_520/Sandbox/threat_detection_vitis/threat_app3/hw
TRACE::2026-05-04.15:50:50::SCWPlatform:: Platform Path C:/Xilinx/ECE_520/Sandbox/threat_detection_vitis/threat_app3/hw/threat_detector_bd_wrapper2.xsa
TRACE::2026-05-04.15:50:50::SCWPlatform:: Unique name xilinx:zybo-z7-10::0.0
TRACE::2026-05-04.15:50:50::SCWPlatform::Trying to set the existing hwdb with name threat_detector_bd_wrapper_0
TRACE::2026-05-04.15:50:50::SCWPlatform::Opened existing hwdb threat_detector_bd_wrapper_0
TRACE::2026-05-04.15:50:50::SCWPlatform::Found the Hw Db part of the input DSA
TRACE::2026-05-04.15:50:50::SCWMssOS::Checking the sw design at  C:/Xilinx/ECE_520/Sandbox/threat_detection_vitis/threat_app3/zynq_fsbl/zynq_fsbl_bsp/system.mss
TRACE::2026-05-04.15:50:50::SCWMssOS::DEBUG:  swdes dump  C:/Xilinx/ECE_520/Sandbox/threat_detection_vitis/threat_app3/zynq_fsbl/zynq_fsbl_bsp/system.mss|system||

TRACE::2026-05-04.15:50:50::SCWMssOS::Sw design exists and opened at  C:/Xilinx/ECE_520/Sandbox/threat_detection_vitis/threat_app3/zynq_fsbl/zynq_fsbl_bsp/system.mss
TRACE::2026-05-04.15:50:50::SCWPlatform::Trying to open the hw design at C:/Xilinx/ECE_520/Sandbox/threat_detection_vitis/threat_app3/hw/threat_detector_bd_wrapper2.xsa
TRACE::2026-05-04.15:50:50::SCWPlatform::DSA given C:/Xilinx/ECE_520/Sandbox/threat_detection_vitis/threat_app3/hw/threat_detector_bd_wrapper2.xsa
TRACE::2026-05-04.15:50:50::SCWPlatform::DSA absoulate path C:/Xilinx/ECE_520/Sandbox/threat_detection_vitis/threat_app3/hw/threat_detector_bd_wrapper2.xsa
TRACE::2026-05-04.15:50:50::SCWPlatform::DSA directory C:/Xilinx/ECE_520/Sandbox/threat_detection_vitis/threat_app3/hw
TRACE::2026-05-04.15:50:50::SCWPlatform:: Platform Path C:/Xilinx/ECE_520/Sandbox/threat_detection_vitis/threat_app3/hw/threat_detector_bd_wrapper2.xsa
TRACE::2026-05-04.15:50:50::SCWPlatform:: Unique name xilinx:zybo-z7-10::0.0
TRACE::2026-05-04.15:50:50::SCWPlatform::Trying to set the existing hwdb with name threat_detector_bd_wrapper_0
TRACE::2026-05-04.15:50:50::SCWPlatform::Opened existing hwdb threat_detector_bd_wrapper_0
TRACE::2026-05-04.15:50:50::SCWPlatform::Found the Hw Db part of the input DSA
TRACE::2026-05-04.15:50:50::SCWMssOS::Checking the sw design at  C:/Xilinx/ECE_520/Sandbox/threat_detection_vitis/threat_app3/zynq_fsbl/zynq_fsbl_bsp/system.mss
TRACE::2026-05-04.15:50:50::SCWMssOS::DEBUG:  swdes dump  C:/Xilinx/ECE_520/Sandbox/threat_detection_vitis/threat_app3/zynq_fsbl/zynq_fsbl_bsp/system.mss|system||

TRACE::2026-05-04.15:50:50::SCWMssOS::Sw design exists and opened at  C:/Xilinx/ECE_520/Sandbox/threat_detection_vitis/threat_app3/zynq_fsbl/zynq_fsbl_bsp/system.mss
TRACE::2026-05-04.15:50:50::SCWPlatform::Trying to open the hw design at C:/Xilinx/ECE_520/Sandbox/threat_detection_vitis/threat_app3/hw/threat_detector_bd_wrapper2.xsa
TRACE::2026-05-04.15:50:50::SCWPlatform::DSA given C:/Xilinx/ECE_520/Sandbox/threat_detection_vitis/threat_app3/hw/threat_detector_bd_wrapper2.xsa
TRACE::2026-05-04.15:50:50::SCWPlatform::DSA absoulate path C:/Xilinx/ECE_520/Sandbox/threat_detection_vitis/threat_app3/hw/threat_detector_bd_wrapper2.xsa
TRACE::2026-05-04.15:50:50::SCWPlatform::DSA directory C:/Xilinx/ECE_520/Sandbox/threat_detection_vitis/threat_app3/hw
TRACE::2026-05-04.15:50:50::SCWPlatform:: Platform Path C:/Xilinx/ECE_520/Sandbox/threat_detection_vitis/threat_app3/hw/threat_detector_bd_wrapper2.xsa
TRACE::2026-05-04.15:50:50::SCWPlatform:: Unique name xilinx:zybo-z7-10::0.0
TRACE::2026-05-04.15:50:50::SCWPlatform::Trying to set the existing hwdb with name threat_detector_bd_wrapper_0
TRACE::2026-05-04.15:50:50::SCWPlatform::Opened existing hwdb threat_detector_bd_wrapper_0
TRACE::2026-05-04.15:50:50::SCWPlatform::Found the Hw Db part of the input DSA
TRACE::2026-05-04.15:50:50::SCWMssOS::Checking the sw design at  C:/Xilinx/ECE_520/Sandbox/threat_detection_vitis/threat_app3/zynq_fsbl/zynq_fsbl_bsp/system.mss
TRACE::2026-05-04.15:50:50::SCWMssOS::DEBUG:  swdes dump  C:/Xilinx/ECE_520/Sandbox/threat_detection_vitis/threat_app3/zynq_fsbl/zynq_fsbl_bsp/system.mss|system||

TRACE::2026-05-04.15:50:50::SCWMssOS::Sw design exists and opened at  C:/Xilinx/ECE_520/Sandbox/threat_detection_vitis/threat_app3/zynq_fsbl/zynq_fsbl_bsp/system.mss
TRACE::2026-05-04.15:50:50::SCWWriter::formatted JSON is {
	"platformName":	"threat_app3",
	"sprVersion":	"2.0",
	"mode":	"gui",
	"dsaType":	"Fixed",
	"platformDesc":	"threat_app3",
	"platHandOff":	"C:/Xilinx/ECE_520/Sandbox/threat_detector_final_soc/threat_detector_bd_wrapper2.xsa",
	"platIntHandOff":	"<platformDir>/hw/threat_detector_bd_wrapper2.xsa",
	"deviceType":	"zynq",
	"platIsPrebuiltAutogen":	"false",
	"platIsNoBootBsp":	"false",
	"platFsblTarget":	"ps7_cortexa9_0",
	"hasFsblMakeHasChanges":	"false",
	"hasPmufwMakeHasChanges":	"false",
	"fsblExtraCompilerFlags":	"-MMD -MP       -mcpu=cortex-a9 -mfpu=vfpv3 -mfloat-abi=hard ",
	"platPreBuiltFlag":	false,
	"platformSamplesDir":	"",
	"platActiveSys":	"threat_app3",
	"systems":	[{
			"systemName":	"threat_app3",
			"systemDesc":	"threat_app3",
			"sysIsBootAutoGen":	"true",
			"systemDispName":	"threat_app3",
			"sysActiveDom":	"zynq_fsbl",
			"sysDefaultDom":	"",
			"domains":	[{
					"domainName":	"zynq_fsbl",
					"domainDispName":	"zynq_fsbl",
					"domainDesc":	"FSBL Application BSP - Auto Generated.",
					"processors":	"ps7_cortexa9_0",
					"os":	"standalone",
					"sdxOs":	"standalone",
					"debugEnable":	"",
					"domRuntimes":	["cpp"],
					"swRepo":	"",
					"mssOsVer":	"8.1",
					"mssFile":	"",
					"md5Digest":	"b630e3c8bec66e7d8478d3bf6b3daee5",
					"compatibleApp":	"zynq_fsbl",
					"domType":	"bootDomain",
					"arch":	"32-bit",
					"appSettings":	{
						"appCompilerFlags":	"",
						"appLinkerFlags":	""
					},
					"addedLibs":	["xilffs:5.0", "xilrsa:1.6"],
					"libOptions":	{
						"libsContainingOptions":	[]
					},
					"prebuiltLibs":	{
						"prebuiltIncPath":	[],
						"prebuiltLibPath":	[]
					},
					"isolation":	{
					}
				}]
		}]
}
TRACE::2026-05-04.15:50:50::SCWPlatform::Trying to open the hw design at C:/Xilinx/ECE_520/Sandbox/threat_detection_vitis/threat_app3/hw/threat_detector_bd_wrapper2.xsa
TRACE::2026-05-04.15:50:50::SCWPlatform::DSA given C:/Xilinx/ECE_520/Sandbox/threat_detection_vitis/threat_app3/hw/threat_detector_bd_wrapper2.xsa
TRACE::2026-05-04.15:50:50::SCWPlatform::DSA absoulate path C:/Xilinx/ECE_520/Sandbox/threat_detection_vitis/threat_app3/hw/threat_detector_bd_wrapper2.xsa
TRACE::2026-05-04.15:50:50::SCWPlatform::DSA directory C:/Xilinx/ECE_520/Sandbox/threat_detection_vitis/threat_app3/hw
TRACE::2026-05-04.15:50:50::SCWPlatform:: Platform Path C:/Xilinx/ECE_520/Sandbox/threat_detection_vitis/threat_app3/hw/threat_detector_bd_wrapper2.xsa
TRACE::2026-05-04.15:50:50::SCWPlatform:: Unique name xilinx:zybo-z7-10::0.0
TRACE::2026-05-04.15:50:50::SCWPlatform::Trying to set the existing hwdb with name threat_detector_bd_wrapper_0
TRACE::2026-05-04.15:50:50::SCWPlatform::Opened existing hwdb threat_detector_bd_wrapper_0
TRACE::2026-05-04.15:50:50::SCWPlatform::Found the Hw Db part of the input DSA
TRACE::2026-05-04.15:50:50::SCWPlatform::Trying to open the hw design at C:/Xilinx/ECE_520/Sandbox/threat_detection_vitis/threat_app3/hw/threat_detector_bd_wrapper2.xsa
TRACE::2026-05-04.15:50:50::SCWPlatform::DSA given C:/Xilinx/ECE_520/Sandbox/threat_detection_vitis/threat_app3/hw/threat_detector_bd_wrapper2.xsa
TRACE::2026-05-04.15:50:50::SCWPlatform::DSA absoulate path C:/Xilinx/ECE_520/Sandbox/threat_detection_vitis/threat_app3/hw/threat_detector_bd_wrapper2.xsa
TRACE::2026-05-04.15:50:50::SCWPlatform::DSA directory C:/Xilinx/ECE_520/Sandbox/threat_detection_vitis/threat_app3/hw
TRACE::2026-05-04.15:50:50::SCWPlatform:: Platform Path C:/Xilinx/ECE_520/Sandbox/threat_detection_vitis/threat_app3/hw/threat_detector_bd_wrapper2.xsa
TRACE::2026-05-04.15:50:50::SCWPlatform:: Unique name xilinx:zybo-z7-10::0.0
TRACE::2026-05-04.15:50:50::SCWPlatform::Trying to set the existing hwdb with name threat_detector_bd_wrapper_0
TRACE::2026-05-04.15:50:50::SCWPlatform::Opened existing hwdb threat_detector_bd_wrapper_0
TRACE::2026-05-04.15:50:50::SCWPlatform::Found the Hw Db part of the input DSA
TRACE::2026-05-04.15:50:50::SCWDomain::checking for install qemu data   : 
TRACE::2026-05-04.15:50:50::SCWDomain:: Using the QEMU Data from install at  : C:/Xilinx/Vitis/2023.1/data/emulation/platforms/zynq/sw/a9_standalone/qemu/
TRACE::2026-05-04.15:50:50::SCWDomain:: Using the QEMU args  from install at  : C:/Xilinx/Vitis/2023.1/data/emulation/platforms/zynq/sw/a9_standalone/qemu/qemu_args.txt
TRACE::2026-05-04.15:50:50::SCWPlatform::Trying to open the hw design at C:/Xilinx/ECE_520/Sandbox/threat_detection_vitis/threat_app3/hw/threat_detector_bd_wrapper2.xsa
TRACE::2026-05-04.15:50:50::SCWPlatform::DSA given C:/Xilinx/ECE_520/Sandbox/threat_detection_vitis/threat_app3/hw/threat_detector_bd_wrapper2.xsa
TRACE::2026-05-04.15:50:50::SCWPlatform::DSA absoulate path C:/Xilinx/ECE_520/Sandbox/threat_detection_vitis/threat_app3/hw/threat_detector_bd_wrapper2.xsa
TRACE::2026-05-04.15:50:50::SCWPlatform::DSA directory C:/Xilinx/ECE_520/Sandbox/threat_detection_vitis/threat_app3/hw
TRACE::2026-05-04.15:50:50::SCWPlatform:: Platform Path C:/Xilinx/ECE_520/Sandbox/threat_detection_vitis/threat_app3/hw/threat_detector_bd_wrapper2.xsa
TRACE::2026-05-04.15:50:50::SCWPlatform:: Unique name xilinx:zybo-z7-10::0.0
TRACE::2026-05-04.15:50:50::SCWPlatform::Trying to set the existing hwdb with name threat_detector_bd_wrapper_0
TRACE::2026-05-04.15:50:50::SCWPlatform::Opened existing hwdb threat_detector_bd_wrapper_0
TRACE::2026-05-04.15:50:50::SCWPlatform::Found the Hw Db part of the input DSA
TRACE::2026-05-04.15:50:50::SCWPlatform::Trying to open the hw design at C:/Xilinx/ECE_520/Sandbox/threat_detection_vitis/threat_app3/hw/threat_detector_bd_wrapper2.xsa
TRACE::2026-05-04.15:50:50::SCWPlatform::DSA given C:/Xilinx/ECE_520/Sandbox/threat_detection_vitis/threat_app3/hw/threat_detector_bd_wrapper2.xsa
TRACE::2026-05-04.15:50:50::SCWPlatform::DSA absoulate path C:/Xilinx/ECE_520/Sandbox/threat_detection_vitis/threat_app3/hw/threat_detector_bd_wrapper2.xsa
TRACE::2026-05-04.15:50:50::SCWPlatform::DSA directory C:/Xilinx/ECE_520/Sandbox/threat_detection_vitis/threat_app3/hw
TRACE::2026-05-04.15:50:50::SCWPlatform:: Platform Path C:/Xilinx/ECE_520/Sandbox/threat_detection_vitis/threat_app3/hw/threat_detector_bd_wrapper2.xsa
TRACE::2026-05-04.15:50:50::SCWPlatform:: Unique name xilinx:zybo-z7-10::0.0
TRACE::2026-05-04.15:50:50::SCWPlatform::Trying to set the existing hwdb with name threat_detector_bd_wrapper_0
TRACE::2026-05-04.15:50:50::SCWPlatform::Opened existing hwdb threat_detector_bd_wrapper_0
TRACE::2026-05-04.15:50:50::SCWPlatform::Found the Hw Db part of the input DSA
TRACE::2026-05-04.15:50:50::SCWDomain::Qemu Directory name is changed from "" to "qemu"
TRACE::2026-05-04.15:50:50::SCWPlatform::Trying to open the hw design at C:/Xilinx/ECE_520/Sandbox/threat_detection_vitis/threat_app3/hw/threat_detector_bd_wrapper2.xsa
TRACE::2026-05-04.15:50:50::SCWPlatform::DSA given C:/Xilinx/ECE_520/Sandbox/threat_detection_vitis/threat_app3/hw/threat_detector_bd_wrapper2.xsa
TRACE::2026-05-04.15:50:50::SCWPlatform::DSA absoulate path C:/Xilinx/ECE_520/Sandbox/threat_detection_vitis/threat_app3/hw/threat_detector_bd_wrapper2.xsa
TRACE::2026-05-04.15:50:50::SCWPlatform::DSA directory C:/Xilinx/ECE_520/Sandbox/threat_detection_vitis/threat_app3/hw
TRACE::2026-05-04.15:50:50::SCWPlatform:: Platform Path C:/Xilinx/ECE_520/Sandbox/threat_detection_vitis/threat_app3/hw/threat_detector_bd_wrapper2.xsa
TRACE::2026-05-04.15:50:50::SCWPlatform:: Unique name xilinx:zybo-z7-10::0.0
TRACE::2026-05-04.15:50:50::SCWPlatform::Trying to set the existing hwdb with name threat_detector_bd_wrapper_0
TRACE::2026-05-04.15:50:50::SCWPlatform::Opened existing hwdb threat_detector_bd_wrapper_0
TRACE::2026-05-04.15:50:50::SCWPlatform::Found the Hw Db part of the input DSA
TRACE::2026-05-04.15:50:50::SCWMssOS::Checking the sw design at  C:/Xilinx/ECE_520/Sandbox/threat_detection_vitis/threat_app3/ps7_cortexa9_0/standalone_domain/bsp/system.mss
TRACE::2026-05-04.15:50:50::SCWMssOS::DEBUG:  swdes dump  C:/Xilinx/ECE_520/Sandbox/threat_detection_vitis/threat_app3/zynq_fsbl/zynq_fsbl_bsp/system.mss|system||

TRACE::2026-05-04.15:50:50::SCWMssOS::No sw design opened at  C:/Xilinx/ECE_520/Sandbox/threat_detection_vitis/threat_app3/ps7_cortexa9_0/standalone_domain/bsp/system.mss
TRACE::2026-05-04.15:50:50::SCWMssOS::mss does not exists at C:/Xilinx/ECE_520/Sandbox/threat_detection_vitis/threat_app3/ps7_cortexa9_0/standalone_domain/bsp/system.mss
TRACE::2026-05-04.15:50:50::SCWMssOS::Creating sw design at  C:/Xilinx/ECE_520/Sandbox/threat_detection_vitis/threat_app3/ps7_cortexa9_0/standalone_domain/bsp/system.mss
TRACE::2026-05-04.15:50:50::SCWMssOS::Adding the swdes entry, created swdb C:/Xilinx/ECE_520/Sandbox/threat_detection_vitis/threat_app3/ps7_cortexa9_0/standalone_domain/bsp/system.mss with des name C:/Xilinx/ECE_520/Sandbox/threat_detection_vitis/threat_app3/ps7_cortexa9_0/standalone_domain/bsp/system.mss
TRACE::2026-05-04.15:50:50::SCWMssOS::updating the scw layer changes to swdes at   C:/Xilinx/ECE_520/Sandbox/threat_detection_vitis/threat_app3/ps7_cortexa9_0/standalone_domain/bsp/system.mss
TRACE::2026-05-04.15:50:50::SCWMssOS::Writing mss at C:/Xilinx/ECE_520/Sandbox/threat_detection_vitis/threat_app3/ps7_cortexa9_0/standalone_domain/bsp/system.mss
TRACE::2026-05-04.15:50:50::SCWMssOS::Completed writing the mss file at C:/Xilinx/ECE_520/Sandbox/threat_detection_vitis/threat_app3/ps7_cortexa9_0/standalone_domain/bsp
TRACE::2026-05-04.15:50:50::SCWMssOS::Picking up changes from newly written mss file into SCW Layer. 
TRACE::2026-05-04.15:50:50::SCWMssOS::Updated the changes from newly written mss file into SCW Layer. 
TRACE::2026-05-04.15:50:50::SCWMssOS::Completed writing the mss file at C:/Xilinx/ECE_520/Sandbox/threat_detection_vitis/threat_app3/ps7_cortexa9_0/standalone_domain/bsp
TRACE::2026-05-04.15:50:50::SCWMssOS::Forcing BSP Sources regeneration.
TRACE::2026-05-04.15:50:52::SCWMssOS::Saving the mss changes C:/Xilinx/ECE_520/Sandbox/threat_detection_vitis/threat_app3/zynq_fsbl/zynq_fsbl_bsp/system.mss
TRACE::2026-05-04.15:50:52::SCWMssOS::Found a swdesign opened with the mssfile.
TRACE::2026-05-04.15:50:52::SCWMssOS::Completed writemss as part of save.
TRACE::2026-05-04.15:50:52::SCWMssOS::Commit changes completed.
TRACE::2026-05-04.15:50:52::SCWMssOS::Saving the mss changes C:/Xilinx/ECE_520/Sandbox/threat_detection_vitis/threat_app3/ps7_cortexa9_0/standalone_domain/bsp/system.mss
TRACE::2026-05-04.15:50:52::SCWMssOS::Adding the swdes entry, mss present, able to open swdb C:/Xilinx/ECE_520/Sandbox/threat_detection_vitis/threat_app3/ps7_cortexa9_0/standalone_domain/bsp/system.mss with des name system_0
TRACE::2026-05-04.15:50:52::SCWMssOS::Writing the mss file completed C:/Xilinx/ECE_520/Sandbox/threat_detection_vitis/threat_app3/ps7_cortexa9_0/standalone_domain/bsp/system.mss
TRACE::2026-05-04.15:50:52::SCWMssOS::Commit changes completed.
TRACE::2026-05-04.15:50:52::SCWPlatform::Trying to open the hw design at C:/Xilinx/ECE_520/Sandbox/threat_detection_vitis/threat_app3/hw/threat_detector_bd_wrapper2.xsa
TRACE::2026-05-04.15:50:52::SCWPlatform::DSA given C:/Xilinx/ECE_520/Sandbox/threat_detection_vitis/threat_app3/hw/threat_detector_bd_wrapper2.xsa
TRACE::2026-05-04.15:50:52::SCWPlatform::DSA absoulate path C:/Xilinx/ECE_520/Sandbox/threat_detection_vitis/threat_app3/hw/threat_detector_bd_wrapper2.xsa
TRACE::2026-05-04.15:50:52::SCWPlatform::DSA directory C:/Xilinx/ECE_520/Sandbox/threat_detection_vitis/threat_app3/hw
TRACE::2026-05-04.15:50:52::SCWPlatform:: Platform Path C:/Xilinx/ECE_520/Sandbox/threat_detection_vitis/threat_app3/hw/threat_detector_bd_wrapper2.xsa
TRACE::2026-05-04.15:50:52::SCWPlatform:: Unique name xilinx:zybo-z7-10::0.0
TRACE::2026-05-04.15:50:52::SCWPlatform::Trying to set the existing hwdb with name threat_detector_bd_wrapper_0
TRACE::2026-05-04.15:50:52::SCWPlatform::Opened existing hwdb threat_detector_bd_wrapper_0
TRACE::2026-05-04.15:50:52::SCWPlatform::Found the Hw Db part of the input DSA
TRACE::2026-05-04.15:50:52::SCWMssOS::Checking the sw design at  C:/Xilinx/ECE_520/Sandbox/threat_detection_vitis/threat_app3/zynq_fsbl/zynq_fsbl_bsp/system.mss
TRACE::2026-05-04.15:50:52::SCWMssOS::DEBUG:  swdes dump  C:/Xilinx/ECE_520/Sandbox/threat_detection_vitis/threat_app3/ps7_cortexa9_0/standalone_domain/bsp/system.mss|system_0||
C:/Xilinx/ECE_520/Sandbox/threat_detection_vitis/threat_app3/zynq_fsbl/zynq_fsbl_bsp/system.mss|system||

TRACE::2026-05-04.15:50:52::SCWMssOS::Sw design exists and opened at  C:/Xilinx/ECE_520/Sandbox/threat_detection_vitis/threat_app3/zynq_fsbl/zynq_fsbl_bsp/system.mss
TRACE::2026-05-04.15:50:52::SCWPlatform::Trying to open the hw design at C:/Xilinx/ECE_520/Sandbox/threat_detection_vitis/threat_app3/hw/threat_detector_bd_wrapper2.xsa
TRACE::2026-05-04.15:50:52::SCWPlatform::DSA given C:/Xilinx/ECE_520/Sandbox/threat_detection_vitis/threat_app3/hw/threat_detector_bd_wrapper2.xsa
TRACE::2026-05-04.15:50:52::SCWPlatform::DSA absoulate path C:/Xilinx/ECE_520/Sandbox/threat_detection_vitis/threat_app3/hw/threat_detector_bd_wrapper2.xsa
TRACE::2026-05-04.15:50:52::SCWPlatform::DSA directory C:/Xilinx/ECE_520/Sandbox/threat_detection_vitis/threat_app3/hw
TRACE::2026-05-04.15:50:52::SCWPlatform:: Platform Path C:/Xilinx/ECE_520/Sandbox/threat_detection_vitis/threat_app3/hw/threat_detector_bd_wrapper2.xsa
TRACE::2026-05-04.15:50:52::SCWPlatform:: Unique name xilinx:zybo-z7-10::0.0
TRACE::2026-05-04.15:50:52::SCWPlatform::Trying to set the existing hwdb with name threat_detector_bd_wrapper_0
TRACE::2026-05-04.15:50:52::SCWPlatform::Opened existing hwdb threat_detector_bd_wrapper_0
TRACE::2026-05-04.15:50:52::SCWPlatform::Found the Hw Db part of the input DSA
TRACE::2026-05-04.15:50:52::SCWMssOS::Checking the sw design at  C:/Xilinx/ECE_520/Sandbox/threat_detection_vitis/threat_app3/zynq_fsbl/zynq_fsbl_bsp/system.mss
TRACE::2026-05-04.15:50:52::SCWMssOS::DEBUG:  swdes dump  C:/Xilinx/ECE_520/Sandbox/threat_detection_vitis/threat_app3/ps7_cortexa9_0/standalone_domain/bsp/system.mss|system_0||
C:/Xilinx/ECE_520/Sandbox/threat_detection_vitis/threat_app3/zynq_fsbl/zynq_fsbl_bsp/system.mss|system||

TRACE::2026-05-04.15:50:52::SCWMssOS::Sw design exists and opened at  C:/Xilinx/ECE_520/Sandbox/threat_detection_vitis/threat_app3/zynq_fsbl/zynq_fsbl_bsp/system.mss
TRACE::2026-05-04.15:50:52::SCWPlatform::Trying to open the hw design at C:/Xilinx/ECE_520/Sandbox/threat_detection_vitis/threat_app3/hw/threat_detector_bd_wrapper2.xsa
TRACE::2026-05-04.15:50:52::SCWPlatform::DSA given C:/Xilinx/ECE_520/Sandbox/threat_detection_vitis/threat_app3/hw/threat_detector_bd_wrapper2.xsa
TRACE::2026-05-04.15:50:52::SCWPlatform::DSA absoulate path C:/Xilinx/ECE_520/Sandbox/threat_detection_vitis/threat_app3/hw/threat_detector_bd_wrapper2.xsa
TRACE::2026-05-04.15:50:52::SCWPlatform::DSA directory C:/Xilinx/ECE_520/Sandbox/threat_detection_vitis/threat_app3/hw
TRACE::2026-05-04.15:50:52::SCWPlatform:: Platform Path C:/Xilinx/ECE_520/Sandbox/threat_detection_vitis/threat_app3/hw/threat_detector_bd_wrapper2.xsa
TRACE::2026-05-04.15:50:52::SCWPlatform:: Unique name xilinx:zybo-z7-10::0.0
TRACE::2026-05-04.15:50:52::SCWPlatform::Trying to set the existing hwdb with name threat_detector_bd_wrapper_0
TRACE::2026-05-04.15:50:52::SCWPlatform::Opened existing hwdb threat_detector_bd_wrapper_0
TRACE::2026-05-04.15:50:52::SCWPlatform::Found the Hw Db part of the input DSA
TRACE::2026-05-04.15:50:52::SCWMssOS::Checking the sw design at  C:/Xilinx/ECE_520/Sandbox/threat_detection_vitis/threat_app3/zynq_fsbl/zynq_fsbl_bsp/system.mss
TRACE::2026-05-04.15:50:52::SCWMssOS::DEBUG:  swdes dump  C:/Xilinx/ECE_520/Sandbox/threat_detection_vitis/threat_app3/ps7_cortexa9_0/standalone_domain/bsp/system.mss|system_0||
C:/Xilinx/ECE_520/Sandbox/threat_detection_vitis/threat_app3/zynq_fsbl/zynq_fsbl_bsp/system.mss|system||

TRACE::2026-05-04.15:50:52::SCWMssOS::Sw design exists and opened at  C:/Xilinx/ECE_520/Sandbox/threat_detection_vitis/threat_app3/zynq_fsbl/zynq_fsbl_bsp/system.mss
TRACE::2026-05-04.15:50:52::SCWPlatform::Trying to open the hw design at C:/Xilinx/ECE_520/Sandbox/threat_detection_vitis/threat_app3/hw/threat_detector_bd_wrapper2.xsa
TRACE::2026-05-04.15:50:52::SCWPlatform::DSA given C:/Xilinx/ECE_520/Sandbox/threat_detection_vitis/threat_app3/hw/threat_detector_bd_wrapper2.xsa
TRACE::2026-05-04.15:50:52::SCWPlatform::DSA absoulate path C:/Xilinx/ECE_520/Sandbox/threat_detection_vitis/threat_app3/hw/threat_detector_bd_wrapper2.xsa
TRACE::2026-05-04.15:50:52::SCWPlatform::DSA directory C:/Xilinx/ECE_520/Sandbox/threat_detection_vitis/threat_app3/hw
TRACE::2026-05-04.15:50:52::SCWPlatform:: Platform Path C:/Xilinx/ECE_520/Sandbox/threat_detection_vitis/threat_app3/hw/threat_detector_bd_wrapper2.xsa
TRACE::2026-05-04.15:50:52::SCWPlatform:: Unique name xilinx:zybo-z7-10::0.0
TRACE::2026-05-04.15:50:52::SCWPlatform::Trying to set the existing hwdb with name threat_detector_bd_wrapper_0
TRACE::2026-05-04.15:50:52::SCWPlatform::Opened existing hwdb threat_detector_bd_wrapper_0
TRACE::2026-05-04.15:50:52::SCWPlatform::Found the Hw Db part of the input DSA
TRACE::2026-05-04.15:50:52::SCWMssOS::Checking the sw design at  C:/Xilinx/ECE_520/Sandbox/threat_detection_vitis/threat_app3/ps7_cortexa9_0/standalone_domain/bsp/system.mss
TRACE::2026-05-04.15:50:52::SCWMssOS::DEBUG:  swdes dump  C:/Xilinx/ECE_520/Sandbox/threat_detection_vitis/threat_app3/ps7_cortexa9_0/standalone_domain/bsp/system.mss|system_0||
C:/Xilinx/ECE_520/Sandbox/threat_detection_vitis/threat_app3/zynq_fsbl/zynq_fsbl_bsp/system.mss|system||

TRACE::2026-05-04.15:50:52::SCWMssOS::Sw design exists and opened at  C:/Xilinx/ECE_520/Sandbox/threat_detection_vitis/threat_app3/ps7_cortexa9_0/standalone_domain/bsp/system.mss
TRACE::2026-05-04.15:50:52::SCWPlatform::Trying to open the hw design at C:/Xilinx/ECE_520/Sandbox/threat_detection_vitis/threat_app3/hw/threat_detector_bd_wrapper2.xsa
TRACE::2026-05-04.15:50:52::SCWPlatform::DSA given C:/Xilinx/ECE_520/Sandbox/threat_detection_vitis/threat_app3/hw/threat_detector_bd_wrapper2.xsa
TRACE::2026-05-04.15:50:52::SCWPlatform::DSA absoulate path C:/Xilinx/ECE_520/Sandbox/threat_detection_vitis/threat_app3/hw/threat_detector_bd_wrapper2.xsa
TRACE::2026-05-04.15:50:52::SCWPlatform::DSA directory C:/Xilinx/ECE_520/Sandbox/threat_detection_vitis/threat_app3/hw
TRACE::2026-05-04.15:50:52::SCWPlatform:: Platform Path C:/Xilinx/ECE_520/Sandbox/threat_detection_vitis/threat_app3/hw/threat_detector_bd_wrapper2.xsa
TRACE::2026-05-04.15:50:52::SCWPlatform:: Unique name xilinx:zybo-z7-10::0.0
TRACE::2026-05-04.15:50:52::SCWPlatform::Trying to set the existing hwdb with name threat_detector_bd_wrapper_0
TRACE::2026-05-04.15:50:52::SCWPlatform::Opened existing hwdb threat_detector_bd_wrapper_0
TRACE::2026-05-04.15:50:52::SCWPlatform::Found the Hw Db part of the input DSA
TRACE::2026-05-04.15:50:52::SCWMssOS::Checking the sw design at  C:/Xilinx/ECE_520/Sandbox/threat_detection_vitis/threat_app3/ps7_cortexa9_0/standalone_domain/bsp/system.mss
TRACE::2026-05-04.15:50:52::SCWMssOS::DEBUG:  swdes dump  C:/Xilinx/ECE_520/Sandbox/threat_detection_vitis/threat_app3/ps7_cortexa9_0/standalone_domain/bsp/system.mss|system_0||
C:/Xilinx/ECE_520/Sandbox/threat_detection_vitis/threat_app3/zynq_fsbl/zynq_fsbl_bsp/system.mss|system||

TRACE::2026-05-04.15:50:52::SCWMssOS::Sw design exists and opened at  C:/Xilinx/ECE_520/Sandbox/threat_detection_vitis/threat_app3/ps7_cortexa9_0/standalone_domain/bsp/system.mss
TRACE::2026-05-04.15:50:52::SCWPlatform::Trying to open the hw design at C:/Xilinx/ECE_520/Sandbox/threat_detection_vitis/threat_app3/hw/threat_detector_bd_wrapper2.xsa
TRACE::2026-05-04.15:50:52::SCWPlatform::DSA given C:/Xilinx/ECE_520/Sandbox/threat_detection_vitis/threat_app3/hw/threat_detector_bd_wrapper2.xsa
TRACE::2026-05-04.15:50:52::SCWPlatform::DSA absoulate path C:/Xilinx/ECE_520/Sandbox/threat_detection_vitis/threat_app3/hw/threat_detector_bd_wrapper2.xsa
TRACE::2026-05-04.15:50:52::SCWPlatform::DSA directory C:/Xilinx/ECE_520/Sandbox/threat_detection_vitis/threat_app3/hw
TRACE::2026-05-04.15:50:52::SCWPlatform:: Platform Path C:/Xilinx/ECE_520/Sandbox/threat_detection_vitis/threat_app3/hw/threat_detector_bd_wrapper2.xsa
TRACE::2026-05-04.15:50:52::SCWPlatform:: Unique name xilinx:zybo-z7-10::0.0
TRACE::2026-05-04.15:50:52::SCWPlatform::Trying to set the existing hwdb with name threat_detector_bd_wrapper_0
TRACE::2026-05-04.15:50:52::SCWPlatform::Opened existing hwdb threat_detector_bd_wrapper_0
TRACE::2026-05-04.15:50:52::SCWPlatform::Found the Hw Db part of the input DSA
TRACE::2026-05-04.15:50:52::SCWMssOS::Checking the sw design at  C:/Xilinx/ECE_520/Sandbox/threat_detection_vitis/threat_app3/ps7_cortexa9_0/standalone_domain/bsp/system.mss
TRACE::2026-05-04.15:50:52::SCWMssOS::DEBUG:  swdes dump  C:/Xilinx/ECE_520/Sandbox/threat_detection_vitis/threat_app3/ps7_cortexa9_0/standalone_domain/bsp/system.mss|system_0||
C:/Xilinx/ECE_520/Sandbox/threat_detection_vitis/threat_app3/zynq_fsbl/zynq_fsbl_bsp/system.mss|system||

TRACE::2026-05-04.15:50:52::SCWMssOS::Sw design exists and opened at  C:/Xilinx/ECE_520/Sandbox/threat_detection_vitis/threat_app3/ps7_cortexa9_0/standalone_domain/bsp/system.mss
TRACE::2026-05-04.15:50:52::SCWWriter::formatted JSON is {
	"platformName":	"threat_app3",
	"sprVersion":	"2.0",
	"mode":	"gui",
	"dsaType":	"Fixed",
	"platformDesc":	"threat_app3",
	"platHandOff":	"C:/Xilinx/ECE_520/Sandbox/threat_detector_final_soc/threat_detector_bd_wrapper2.xsa",
	"platIntHandOff":	"<platformDir>/hw/threat_detector_bd_wrapper2.xsa",
	"deviceType":	"zynq",
	"platIsPrebuiltAutogen":	"false",
	"platIsNoBootBsp":	"false",
	"platFsblTarget":	"ps7_cortexa9_0",
	"hasFsblMakeHasChanges":	"false",
	"hasPmufwMakeHasChanges":	"false",
	"fsblExtraCompilerFlags":	"-MMD -MP       -mcpu=cortex-a9 -mfpu=vfpv3 -mfloat-abi=hard ",
	"platPreBuiltFlag":	false,
	"platformSamplesDir":	"",
	"platActiveSys":	"threat_app3",
	"systems":	[{
			"systemName":	"threat_app3",
			"systemDesc":	"threat_app3",
			"sysIsBootAutoGen":	"true",
			"systemDispName":	"threat_app3",
			"sysActiveDom":	"standalone_domain",
			"sysDefaultDom":	"standalone_domain",
			"domains":	[{
					"domainName":	"zynq_fsbl",
					"domainDispName":	"zynq_fsbl",
					"domainDesc":	"FSBL Application BSP - Auto Generated.",
					"processors":	"ps7_cortexa9_0",
					"os":	"standalone",
					"sdxOs":	"standalone",
					"debugEnable":	"",
					"domRuntimes":	["cpp"],
					"swRepo":	"",
					"mssOsVer":	"8.1",
					"mssFile":	"",
					"md5Digest":	"b630e3c8bec66e7d8478d3bf6b3daee5",
					"compatibleApp":	"zynq_fsbl",
					"domType":	"bootDomain",
					"arch":	"32-bit",
					"appSettings":	{
						"appCompilerFlags":	"",
						"appLinkerFlags":	""
					},
					"addedLibs":	["xilffs:5.0", "xilrsa:1.6"],
					"libOptions":	{
						"libsContainingOptions":	[]
					},
					"prebuiltLibs":	{
						"prebuiltIncPath":	[],
						"prebuiltLibPath":	[]
					},
					"isolation":	{
					}
				}, {
					"domainName":	"standalone_domain",
					"domainDispName":	"standalone_domain",
					"domainDesc":	"standalone_domain",
					"processors":	"ps7_cortexa9_0",
					"os":	"standalone",
					"sdxOs":	"standalone",
					"qemuArgs":	"<platformDir>/resources/threat_app3/standalone_domain/qemu_args.txt",
					"qemuData":	"<platformDir>/resources/threat_app3/standalone_domain/qemu",
					"debugEnable":	"False",
					"domRuntimes":	["cpp"],
					"swRepo":	"",
					"mssOsVer":	"8.1",
					"mssFile":	"",
					"md5Digest":	"459f485c5d217070af7324dfaecebcdf",
					"compatibleApp":	"",
					"domType":	"mssDomain",
					"appSettings":	{
						"appCompilerFlags":	"",
						"appLinkerFlags":	""
					},
					"addedLibs":	[],
					"libOptions":	{
						"libsContainingOptions":	[]
					},
					"prebuiltLibs":	{
						"prebuiltIncPath":	[],
						"prebuiltLibPath":	[]
					},
					"isolation":	{
					}
				}]
		}]
}
LOG::2026-05-04.15:50:52::SCWPlatform::Started generating the artifacts platform threat_app3
TRACE::2026-05-04.15:50:52::SCWPlatform::Sanity checking of platform is completed
LOG::2026-05-04.15:50:52::SCWPlatform::Started generating the artifacts for system configuration threat_app3
LOG::2026-05-04.15:50:52::SCWSystem::Checking the domain zynq_fsbl
LOG::2026-05-04.15:50:52::SCWSystem::Doing application build for :  zynq_fsbl
TRACE::2026-05-04.15:50:52::SCWBDomain::Not a forced makefile updation, No changes are present. 
TRACE::2026-05-04.15:50:52::SCWDomain::Skipping the build for domain :  zynq_fsbl
LOG::2026-05-04.15:50:52::SCWSystem::Checking the domain standalone_domain
LOG::2026-05-04.15:50:52::SCWSystem::Not a boot domain 
LOG::2026-05-04.15:50:52::SCWSystem::Started Processing the domain standalone_domain
TRACE::2026-05-04.15:50:52::SCWDomain::Generating domain artifcats
TRACE::2026-05-04.15:50:52::SCWMssOS::Generating standalone artifcats
TRACE::2026-05-04.15:50:52::SCWMssOS::Copying the qemu file from  C:/Xilinx/ECE_520/Sandbox/threat_detection_vitis/threat_app3/resources/threat_app3/standalone_domain/qemu_args.txt To C:/Xilinx/ECE_520/Sandbox/threat_detection_vitis/threat_app3/export/threat_app3/sw/threat_app3/qemu/
TRACE::2026-05-04.15:50:52::SCWMssOS::Copying the qemu file from  C:/Xilinx/ECE_520/Sandbox/threat_detection_vitis/threat_app3/resources/threat_app3/standalone_domain/qemu_args.txt To C:/Xilinx/ECE_520/Sandbox/threat_detection_vitis/threat_app3/export/threat_app3/sw/threat_app3/standalone_domain/qemu/
TRACE::2026-05-04.15:50:52::SCWMssOS:: Copying the user libraries. 
TRACE::2026-05-04.15:50:52::SCWPlatform::Trying to open the hw design at C:/Xilinx/ECE_520/Sandbox/threat_detection_vitis/threat_app3/hw/threat_detector_bd_wrapper2.xsa
TRACE::2026-05-04.15:50:52::SCWPlatform::DSA given C:/Xilinx/ECE_520/Sandbox/threat_detection_vitis/threat_app3/hw/threat_detector_bd_wrapper2.xsa
TRACE::2026-05-04.15:50:52::SCWPlatform::DSA absoulate path C:/Xilinx/ECE_520/Sandbox/threat_detection_vitis/threat_app3/hw/threat_detector_bd_wrapper2.xsa
TRACE::2026-05-04.15:50:52::SCWPlatform::DSA directory C:/Xilinx/ECE_520/Sandbox/threat_detection_vitis/threat_app3/hw
TRACE::2026-05-04.15:50:52::SCWPlatform:: Platform Path C:/Xilinx/ECE_520/Sandbox/threat_detection_vitis/threat_app3/hw/threat_detector_bd_wrapper2.xsa
TRACE::2026-05-04.15:50:52::SCWPlatform:: Unique name xilinx:zybo-z7-10::0.0
TRACE::2026-05-04.15:50:52::SCWPlatform::Trying to set the existing hwdb with name threat_detector_bd_wrapper_0
TRACE::2026-05-04.15:50:52::SCWPlatform::Opened existing hwdb threat_detector_bd_wrapper_0
TRACE::2026-05-04.15:50:52::SCWPlatform::Found the Hw Db part of the input DSA
TRACE::2026-05-04.15:50:52::SCWMssOS::Checking the sw design at  C:/Xilinx/ECE_520/Sandbox/threat_detection_vitis/threat_app3/ps7_cortexa9_0/standalone_domain/bsp/system.mss
TRACE::2026-05-04.15:50:52::SCWMssOS::DEBUG:  swdes dump  C:/Xilinx/ECE_520/Sandbox/threat_detection_vitis/threat_app3/ps7_cortexa9_0/standalone_domain/bsp/system.mss|system_0||
C:/Xilinx/ECE_520/Sandbox/threat_detection_vitis/threat_app3/zynq_fsbl/zynq_fsbl_bsp/system.mss|system||

TRACE::2026-05-04.15:50:52::SCWMssOS::Sw design exists and opened at  C:/Xilinx/ECE_520/Sandbox/threat_detection_vitis/threat_app3/ps7_cortexa9_0/standalone_domain/bsp/system.mss
TRACE::2026-05-04.15:50:52::SCWMssOS::Completed writing the mss file at C:/Xilinx/ECE_520/Sandbox/threat_detection_vitis/threat_app3/ps7_cortexa9_0/standalone_domain/bsp
TRACE::2026-05-04.15:50:52::SCWMssOS::Mss edits present, copying mssfile into export location C:/Xilinx/ECE_520/Sandbox/threat_detection_vitis/threat_app3/ps7_cortexa9_0/standalone_domain/bsp/system.mss
TRACE::2026-05-04.15:50:52::SCWMssOS::bsp generated is upto date with the mss file. Skipping bsp generation.
TRACE::2026-05-04.15:50:52::SCWMssOS::BSP is already built. skipping the bsp build ... 
TRACE::2026-05-04.15:50:52::SCWDomain::Skipping the build for domain :  standalone_domain
TRACE::2026-05-04.15:50:52::SCWMssOS::skipping the bsp build ... 
TRACE::2026-05-04.15:50:52::SCWMssOS::Copying to export directory.
TRACE::2026-05-04.15:50:52::SCWMssOS:: Checking if to create the Supporting Applications
TRACE::2026-05-04.15:50:52::SCWMssOS:: No Linux domain exists, trying to generate FSBL 
TRACE::2026-05-04.15:50:52::SCWMssOS:: Completed Standalone Artifacts creation 
LOG::2026-05-04.15:50:52::SCWSystem::Completed Processing the domain standalone_domain
LOG::2026-05-04.15:50:52::SCWSystem::Completed Processing the sysconfig threat_app3
LOG::2026-05-04.15:50:52::SCWPlatform::Completed generating the artifacts for system configuration threat_app3
TRACE::2026-05-04.15:50:52::SCWPlatform::Started preparing the platform 
TRACE::2026-05-04.15:50:52::SCWSystem::Writing the bif file for system config threat_app3
TRACE::2026-05-04.15:50:52::SCWSystem::dir created 
TRACE::2026-05-04.15:50:52::SCWSystem::Writing the bif 
TRACE::2026-05-04.15:50:52::SCWPlatform::Started writing the spfm file 
TRACE::2026-05-04.15:50:52::SCWPlatform::Started writing the xpfm file 
TRACE::2026-05-04.15:50:52::SCWPlatform::Completed generating the platform
TRACE::2026-05-04.15:50:52::SCWMssOS::Saving the mss changes C:/Xilinx/ECE_520/Sandbox/threat_detection_vitis/threat_app3/zynq_fsbl/zynq_fsbl_bsp/system.mss
TRACE::2026-05-04.15:50:52::SCWMssOS::Found a swdesign opened with the mssfile.
TRACE::2026-05-04.15:50:52::SCWMssOS::Completed writemss as part of save.
TRACE::2026-05-04.15:50:52::SCWMssOS::Commit changes completed.
TRACE::2026-05-04.15:50:52::SCWMssOS::Saving the mss changes C:/Xilinx/ECE_520/Sandbox/threat_detection_vitis/threat_app3/ps7_cortexa9_0/standalone_domain/bsp/system.mss
TRACE::2026-05-04.15:50:52::SCWMssOS::Found a swdesign opened with the mssfile.
TRACE::2026-05-04.15:50:52::SCWMssOS::Completed writemss as part of save.
TRACE::2026-05-04.15:50:52::SCWMssOS::Commit changes completed.
TRACE::2026-05-04.15:50:52::SCWPlatform::Trying to open the hw design at C:/Xilinx/ECE_520/Sandbox/threat_detection_vitis/threat_app3/hw/threat_detector_bd_wrapper2.xsa
TRACE::2026-05-04.15:50:52::SCWPlatform::DSA given C:/Xilinx/ECE_520/Sandbox/threat_detection_vitis/threat_app3/hw/threat_detector_bd_wrapper2.xsa
TRACE::2026-05-04.15:50:52::SCWPlatform::DSA absoulate path C:/Xilinx/ECE_520/Sandbox/threat_detection_vitis/threat_app3/hw/threat_detector_bd_wrapper2.xsa
TRACE::2026-05-04.15:50:52::SCWPlatform::DSA directory C:/Xilinx/ECE_520/Sandbox/threat_detection_vitis/threat_app3/hw
TRACE::2026-05-04.15:50:52::SCWPlatform:: Platform Path C:/Xilinx/ECE_520/Sandbox/threat_detection_vitis/threat_app3/hw/threat_detector_bd_wrapper2.xsa
TRACE::2026-05-04.15:50:52::SCWPlatform:: Unique name xilinx:zybo-z7-10::0.0
TRACE::2026-05-04.15:50:52::SCWPlatform::Trying to set the existing hwdb with name threat_detector_bd_wrapper_0
TRACE::2026-05-04.15:50:52::SCWPlatform::Opened existing hwdb threat_detector_bd_wrapper_0
TRACE::2026-05-04.15:50:52::SCWPlatform::Found the Hw Db part of the input DSA
TRACE::2026-05-04.15:50:52::SCWMssOS::Checking the sw design at  C:/Xilinx/ECE_520/Sandbox/threat_detection_vitis/threat_app3/zynq_fsbl/zynq_fsbl_bsp/system.mss
TRACE::2026-05-04.15:50:52::SCWMssOS::DEBUG:  swdes dump  C:/Xilinx/ECE_520/Sandbox/threat_detection_vitis/threat_app3/ps7_cortexa9_0/standalone_domain/bsp/system.mss|system_0||
C:/Xilinx/ECE_520/Sandbox/threat_detection_vitis/threat_app3/zynq_fsbl/zynq_fsbl_bsp/system.mss|system||

TRACE::2026-05-04.15:50:52::SCWMssOS::Sw design exists and opened at  C:/Xilinx/ECE_520/Sandbox/threat_detection_vitis/threat_app3/zynq_fsbl/zynq_fsbl_bsp/system.mss
TRACE::2026-05-04.15:50:52::SCWPlatform::Trying to open the hw design at C:/Xilinx/ECE_520/Sandbox/threat_detection_vitis/threat_app3/hw/threat_detector_bd_wrapper2.xsa
TRACE::2026-05-04.15:50:52::SCWPlatform::DSA given C:/Xilinx/ECE_520/Sandbox/threat_detection_vitis/threat_app3/hw/threat_detector_bd_wrapper2.xsa
TRACE::2026-05-04.15:50:52::SCWPlatform::DSA absoulate path C:/Xilinx/ECE_520/Sandbox/threat_detection_vitis/threat_app3/hw/threat_detector_bd_wrapper2.xsa
TRACE::2026-05-04.15:50:52::SCWPlatform::DSA directory C:/Xilinx/ECE_520/Sandbox/threat_detection_vitis/threat_app3/hw
TRACE::2026-05-04.15:50:52::SCWPlatform:: Platform Path C:/Xilinx/ECE_520/Sandbox/threat_detection_vitis/threat_app3/hw/threat_detector_bd_wrapper2.xsa
TRACE::2026-05-04.15:50:52::SCWPlatform:: Unique name xilinx:zybo-z7-10::0.0
TRACE::2026-05-04.15:50:52::SCWPlatform::Trying to set the existing hwdb with name threat_detector_bd_wrapper_0
TRACE::2026-05-04.15:50:52::SCWPlatform::Opened existing hwdb threat_detector_bd_wrapper_0
TRACE::2026-05-04.15:50:52::SCWPlatform::Found the Hw Db part of the input DSA
TRACE::2026-05-04.15:50:52::SCWMssOS::Checking the sw design at  C:/Xilinx/ECE_520/Sandbox/threat_detection_vitis/threat_app3/zynq_fsbl/zynq_fsbl_bsp/system.mss
TRACE::2026-05-04.15:50:52::SCWMssOS::DEBUG:  swdes dump  C:/Xilinx/ECE_520/Sandbox/threat_detection_vitis/threat_app3/ps7_cortexa9_0/standalone_domain/bsp/system.mss|system_0||
C:/Xilinx/ECE_520/Sandbox/threat_detection_vitis/threat_app3/zynq_fsbl/zynq_fsbl_bsp/system.mss|system||

TRACE::2026-05-04.15:50:52::SCWMssOS::Sw design exists and opened at  C:/Xilinx/ECE_520/Sandbox/threat_detection_vitis/threat_app3/zynq_fsbl/zynq_fsbl_bsp/system.mss
TRACE::2026-05-04.15:50:52::SCWPlatform::Trying to open the hw design at C:/Xilinx/ECE_520/Sandbox/threat_detection_vitis/threat_app3/hw/threat_detector_bd_wrapper2.xsa
TRACE::2026-05-04.15:50:52::SCWPlatform::DSA given C:/Xilinx/ECE_520/Sandbox/threat_detection_vitis/threat_app3/hw/threat_detector_bd_wrapper2.xsa
TRACE::2026-05-04.15:50:52::SCWPlatform::DSA absoulate path C:/Xilinx/ECE_520/Sandbox/threat_detection_vitis/threat_app3/hw/threat_detector_bd_wrapper2.xsa
TRACE::2026-05-04.15:50:52::SCWPlatform::DSA directory C:/Xilinx/ECE_520/Sandbox/threat_detection_vitis/threat_app3/hw
TRACE::2026-05-04.15:50:52::SCWPlatform:: Platform Path C:/Xilinx/ECE_520/Sandbox/threat_detection_vitis/threat_app3/hw/threat_detector_bd_wrapper2.xsa
TRACE::2026-05-04.15:50:52::SCWPlatform:: Unique name xilinx:zybo-z7-10::0.0
TRACE::2026-05-04.15:50:52::SCWPlatform::Trying to set the existing hwdb with name threat_detector_bd_wrapper_0
TRACE::2026-05-04.15:50:52::SCWPlatform::Opened existing hwdb threat_detector_bd_wrapper_0
TRACE::2026-05-04.15:50:52::SCWPlatform::Found the Hw Db part of the input DSA
TRACE::2026-05-04.15:50:52::SCWMssOS::Checking the sw design at  C:/Xilinx/ECE_520/Sandbox/threat_detection_vitis/threat_app3/zynq_fsbl/zynq_fsbl_bsp/system.mss
TRACE::2026-05-04.15:50:52::SCWMssOS::DEBUG:  swdes dump  C:/Xilinx/ECE_520/Sandbox/threat_detection_vitis/threat_app3/ps7_cortexa9_0/standalone_domain/bsp/system.mss|system_0||
C:/Xilinx/ECE_520/Sandbox/threat_detection_vitis/threat_app3/zynq_fsbl/zynq_fsbl_bsp/system.mss|system||

TRACE::2026-05-04.15:50:52::SCWMssOS::Sw design exists and opened at  C:/Xilinx/ECE_520/Sandbox/threat_detection_vitis/threat_app3/zynq_fsbl/zynq_fsbl_bsp/system.mss
TRACE::2026-05-04.15:50:52::SCWPlatform::Trying to open the hw design at C:/Xilinx/ECE_520/Sandbox/threat_detection_vitis/threat_app3/hw/threat_detector_bd_wrapper2.xsa
TRACE::2026-05-04.15:50:52::SCWPlatform::DSA given C:/Xilinx/ECE_520/Sandbox/threat_detection_vitis/threat_app3/hw/threat_detector_bd_wrapper2.xsa
TRACE::2026-05-04.15:50:52::SCWPlatform::DSA absoulate path C:/Xilinx/ECE_520/Sandbox/threat_detection_vitis/threat_app3/hw/threat_detector_bd_wrapper2.xsa
TRACE::2026-05-04.15:50:52::SCWPlatform::DSA directory C:/Xilinx/ECE_520/Sandbox/threat_detection_vitis/threat_app3/hw
TRACE::2026-05-04.15:50:52::SCWPlatform:: Platform Path C:/Xilinx/ECE_520/Sandbox/threat_detection_vitis/threat_app3/hw/threat_detector_bd_wrapper2.xsa
TRACE::2026-05-04.15:50:52::SCWPlatform:: Unique name xilinx:zybo-z7-10::0.0
TRACE::2026-05-04.15:50:52::SCWPlatform::Trying to set the existing hwdb with name threat_detector_bd_wrapper_0
TRACE::2026-05-04.15:50:52::SCWPlatform::Opened existing hwdb threat_detector_bd_wrapper_0
TRACE::2026-05-04.15:50:52::SCWPlatform::Found the Hw Db part of the input DSA
TRACE::2026-05-04.15:50:52::SCWMssOS::Checking the sw design at  C:/Xilinx/ECE_520/Sandbox/threat_detection_vitis/threat_app3/ps7_cortexa9_0/standalone_domain/bsp/system.mss
TRACE::2026-05-04.15:50:52::SCWMssOS::DEBUG:  swdes dump  C:/Xilinx/ECE_520/Sandbox/threat_detection_vitis/threat_app3/ps7_cortexa9_0/standalone_domain/bsp/system.mss|system_0||
C:/Xilinx/ECE_520/Sandbox/threat_detection_vitis/threat_app3/zynq_fsbl/zynq_fsbl_bsp/system.mss|system||

TRACE::2026-05-04.15:50:52::SCWMssOS::Sw design exists and opened at  C:/Xilinx/ECE_520/Sandbox/threat_detection_vitis/threat_app3/ps7_cortexa9_0/standalone_domain/bsp/system.mss
TRACE::2026-05-04.15:50:52::SCWPlatform::Trying to open the hw design at C:/Xilinx/ECE_520/Sandbox/threat_detection_vitis/threat_app3/hw/threat_detector_bd_wrapper2.xsa
TRACE::2026-05-04.15:50:52::SCWPlatform::DSA given C:/Xilinx/ECE_520/Sandbox/threat_detection_vitis/threat_app3/hw/threat_detector_bd_wrapper2.xsa
TRACE::2026-05-04.15:50:52::SCWPlatform::DSA absoulate path C:/Xilinx/ECE_520/Sandbox/threat_detection_vitis/threat_app3/hw/threat_detector_bd_wrapper2.xsa
TRACE::2026-05-04.15:50:52::SCWPlatform::DSA directory C:/Xilinx/ECE_520/Sandbox/threat_detection_vitis/threat_app3/hw
TRACE::2026-05-04.15:50:52::SCWPlatform:: Platform Path C:/Xilinx/ECE_520/Sandbox/threat_detection_vitis/threat_app3/hw/threat_detector_bd_wrapper2.xsa
TRACE::2026-05-04.15:50:52::SCWPlatform:: Unique name xilinx:zybo-z7-10::0.0
TRACE::2026-05-04.15:50:52::SCWPlatform::Trying to set the existing hwdb with name threat_detector_bd_wrapper_0
TRACE::2026-05-04.15:50:52::SCWPlatform::Opened existing hwdb threat_detector_bd_wrapper_0
TRACE::2026-05-04.15:50:52::SCWPlatform::Found the Hw Db part of the input DSA
TRACE::2026-05-04.15:50:52::SCWMssOS::Checking the sw design at  C:/Xilinx/ECE_520/Sandbox/threat_detection_vitis/threat_app3/ps7_cortexa9_0/standalone_domain/bsp/system.mss
TRACE::2026-05-04.15:50:52::SCWMssOS::DEBUG:  swdes dump  C:/Xilinx/ECE_520/Sandbox/threat_detection_vitis/threat_app3/ps7_cortexa9_0/standalone_domain/bsp/system.mss|system_0||
C:/Xilinx/ECE_520/Sandbox/threat_detection_vitis/threat_app3/zynq_fsbl/zynq_fsbl_bsp/system.mss|system||

TRACE::2026-05-04.15:50:52::SCWMssOS::Sw design exists and opened at  C:/Xilinx/ECE_520/Sandbox/threat_detection_vitis/threat_app3/ps7_cortexa9_0/standalone_domain/bsp/system.mss
TRACE::2026-05-04.15:50:52::SCWPlatform::Trying to open the hw design at C:/Xilinx/ECE_520/Sandbox/threat_detection_vitis/threat_app3/hw/threat_detector_bd_wrapper2.xsa
TRACE::2026-05-04.15:50:52::SCWPlatform::DSA given C:/Xilinx/ECE_520/Sandbox/threat_detection_vitis/threat_app3/hw/threat_detector_bd_wrapper2.xsa
TRACE::2026-05-04.15:50:52::SCWPlatform::DSA absoulate path C:/Xilinx/ECE_520/Sandbox/threat_detection_vitis/threat_app3/hw/threat_detector_bd_wrapper2.xsa
TRACE::2026-05-04.15:50:52::SCWPlatform::DSA directory C:/Xilinx/ECE_520/Sandbox/threat_detection_vitis/threat_app3/hw
TRACE::2026-05-04.15:50:52::SCWPlatform:: Platform Path C:/Xilinx/ECE_520/Sandbox/threat_detection_vitis/threat_app3/hw/threat_detector_bd_wrapper2.xsa
TRACE::2026-05-04.15:50:52::SCWPlatform:: Unique name xilinx:zybo-z7-10::0.0
TRACE::2026-05-04.15:50:52::SCWPlatform::Trying to set the existing hwdb with name threat_detector_bd_wrapper_0
TRACE::2026-05-04.15:50:52::SCWPlatform::Opened existing hwdb threat_detector_bd_wrapper_0
TRACE::2026-05-04.15:50:52::SCWPlatform::Found the Hw Db part of the input DSA
TRACE::2026-05-04.15:50:52::SCWMssOS::Checking the sw design at  C:/Xilinx/ECE_520/Sandbox/threat_detection_vitis/threat_app3/ps7_cortexa9_0/standalone_domain/bsp/system.mss
TRACE::2026-05-04.15:50:52::SCWMssOS::DEBUG:  swdes dump  C:/Xilinx/ECE_520/Sandbox/threat_detection_vitis/threat_app3/ps7_cortexa9_0/standalone_domain/bsp/system.mss|system_0||
C:/Xilinx/ECE_520/Sandbox/threat_detection_vitis/threat_app3/zynq_fsbl/zynq_fsbl_bsp/system.mss|system||

TRACE::2026-05-04.15:50:52::SCWMssOS::Sw design exists and opened at  C:/Xilinx/ECE_520/Sandbox/threat_detection_vitis/threat_app3/ps7_cortexa9_0/standalone_domain/bsp/system.mss
TRACE::2026-05-04.15:50:52::SCWWriter::formatted JSON is {
	"platformName":	"threat_app3",
	"sprVersion":	"2.0",
	"mode":	"gui",
	"dsaType":	"Fixed",
	"platformDesc":	"threat_app3",
	"platHandOff":	"C:/Xilinx/ECE_520/Sandbox/threat_detector_final_soc/threat_detector_bd_wrapper2.xsa",
	"platIntHandOff":	"<platformDir>/hw/threat_detector_bd_wrapper2.xsa",
	"deviceType":	"zynq",
	"platIsPrebuiltAutogen":	"false",
	"platIsNoBootBsp":	"false",
	"platFsblTarget":	"ps7_cortexa9_0",
	"hasFsblMakeHasChanges":	"false",
	"hasPmufwMakeHasChanges":	"false",
	"fsblExtraCompilerFlags":	"-MMD -MP       -mcpu=cortex-a9 -mfpu=vfpv3 -mfloat-abi=hard ",
	"platPreBuiltFlag":	false,
	"platformSamplesDir":	"",
	"platActiveSys":	"threat_app3",
	"systems":	[{
			"systemName":	"threat_app3",
			"systemDesc":	"threat_app3",
			"sysIsBootAutoGen":	"true",
			"systemDispName":	"threat_app3",
			"sysActiveDom":	"standalone_domain",
			"sysDefaultDom":	"standalone_domain",
			"domains":	[{
					"domainName":	"zynq_fsbl",
					"domainDispName":	"zynq_fsbl",
					"domainDesc":	"FSBL Application BSP - Auto Generated.",
					"processors":	"ps7_cortexa9_0",
					"os":	"standalone",
					"sdxOs":	"standalone",
					"debugEnable":	"",
					"domRuntimes":	["cpp"],
					"swRepo":	"",
					"mssOsVer":	"8.1",
					"mssFile":	"",
					"md5Digest":	"b630e3c8bec66e7d8478d3bf6b3daee5",
					"compatibleApp":	"zynq_fsbl",
					"domType":	"bootDomain",
					"arch":	"32-bit",
					"appSettings":	{
						"appCompilerFlags":	"",
						"appLinkerFlags":	""
					},
					"addedLibs":	["xilffs:5.0", "xilrsa:1.6"],
					"libOptions":	{
						"libsContainingOptions":	[]
					},
					"prebuiltLibs":	{
						"prebuiltIncPath":	[],
						"prebuiltLibPath":	[]
					},
					"isolation":	{
					}
				}, {
					"domainName":	"standalone_domain",
					"domainDispName":	"standalone_domain",
					"domainDesc":	"standalone_domain",
					"processors":	"ps7_cortexa9_0",
					"os":	"standalone",
					"sdxOs":	"standalone",
					"qemuArgs":	"<platformDir>/resources/threat_app3/standalone_domain/qemu_args.txt",
					"qemuData":	"<platformDir>/resources/threat_app3/standalone_domain/qemu",
					"debugEnable":	"False",
					"domRuntimes":	["cpp"],
					"swRepo":	"",
					"mssOsVer":	"8.1",
					"mssFile":	"",
					"md5Digest":	"459f485c5d217070af7324dfaecebcdf",
					"compatibleApp":	"",
					"domType":	"mssDomain",
					"appSettings":	{
						"appCompilerFlags":	"",
						"appLinkerFlags":	""
					},
					"addedLibs":	[],
					"libOptions":	{
						"libsContainingOptions":	[]
					},
					"prebuiltLibs":	{
						"prebuiltIncPath":	[],
						"prebuiltLibPath":	[]
					},
					"isolation":	{
					}
				}]
		}]
}
KEYINFO::2026-05-04.15:50:52::SCWPlatform::updated the xpfm file.
TRACE::2026-05-04.15:50:52::SCWPlatform::Trying to open the hw design at C:/Xilinx/ECE_520/Sandbox/threat_detection_vitis/threat_app3/hw/threat_detector_bd_wrapper2.xsa
TRACE::2026-05-04.15:50:53::SCWPlatform::DSA given C:/Xilinx/ECE_520/Sandbox/threat_detection_vitis/threat_app3/hw/threat_detector_bd_wrapper2.xsa
TRACE::2026-05-04.15:50:53::SCWPlatform::DSA absoulate path C:/Xilinx/ECE_520/Sandbox/threat_detection_vitis/threat_app3/hw/threat_detector_bd_wrapper2.xsa
TRACE::2026-05-04.15:50:53::SCWPlatform::DSA directory C:/Xilinx/ECE_520/Sandbox/threat_detection_vitis/threat_app3/hw
TRACE::2026-05-04.15:50:53::SCWPlatform:: Platform Path C:/Xilinx/ECE_520/Sandbox/threat_detection_vitis/threat_app3/hw/threat_detector_bd_wrapper2.xsa
TRACE::2026-05-04.15:50:53::SCWPlatform:: Unique name xilinx:zybo-z7-10::0.0
TRACE::2026-05-04.15:50:53::SCWPlatform::Trying to set the existing hwdb with name threat_detector_bd_wrapper_0
TRACE::2026-05-04.15:50:53::SCWPlatform::Opened existing hwdb threat_detector_bd_wrapper_0
TRACE::2026-05-04.15:50:53::SCWPlatform::Found the Hw Db part of the input DSA
TRACE::2026-05-04.15:50:53::SCWMssOS::Checking the sw design at  C:/Xilinx/ECE_520/Sandbox/threat_detection_vitis/threat_app3/ps7_cortexa9_0/standalone_domain/bsp/system.mss
TRACE::2026-05-04.15:50:53::SCWMssOS::DEBUG:  swdes dump  C:/Xilinx/ECE_520/Sandbox/threat_detection_vitis/threat_app3/ps7_cortexa9_0/standalone_domain/bsp/system.mss|system_0||
C:/Xilinx/ECE_520/Sandbox/threat_detection_vitis/threat_app3/zynq_fsbl/zynq_fsbl_bsp/system.mss|system||

TRACE::2026-05-04.15:50:53::SCWMssOS::Sw design exists and opened at  C:/Xilinx/ECE_520/Sandbox/threat_detection_vitis/threat_app3/ps7_cortexa9_0/standalone_domain/bsp/system.mss
TRACE::2026-05-04.15:50:53::SCWMssOS::Saving the mss changes C:/Xilinx/ECE_520/Sandbox/threat_detection_vitis/threat_app3/zynq_fsbl/zynq_fsbl_bsp/system.mss
TRACE::2026-05-04.15:50:53::SCWMssOS::Found a swdesign opened with the mssfile.
TRACE::2026-05-04.15:50:53::SCWMssOS::Completed writemss as part of save.
TRACE::2026-05-04.15:50:53::SCWMssOS::Commit changes completed.
TRACE::2026-05-04.15:50:53::SCWMssOS::Saving the mss changes C:/Xilinx/ECE_520/Sandbox/threat_detection_vitis/threat_app3/ps7_cortexa9_0/standalone_domain/bsp/system.mss
TRACE::2026-05-04.15:50:53::SCWMssOS::Found a swdesign opened with the mssfile.
TRACE::2026-05-04.15:50:53::SCWMssOS::Completed writemss as part of save.
TRACE::2026-05-04.15:50:53::SCWMssOS::Commit changes completed.
TRACE::2026-05-04.15:50:53::SCWPlatform::Trying to open the hw design at C:/Xilinx/ECE_520/Sandbox/threat_detection_vitis/threat_app3/hw/threat_detector_bd_wrapper2.xsa
TRACE::2026-05-04.15:50:53::SCWPlatform::DSA given C:/Xilinx/ECE_520/Sandbox/threat_detection_vitis/threat_app3/hw/threat_detector_bd_wrapper2.xsa
TRACE::2026-05-04.15:50:53::SCWPlatform::DSA absoulate path C:/Xilinx/ECE_520/Sandbox/threat_detection_vitis/threat_app3/hw/threat_detector_bd_wrapper2.xsa
TRACE::2026-05-04.15:50:53::SCWPlatform::DSA directory C:/Xilinx/ECE_520/Sandbox/threat_detection_vitis/threat_app3/hw
TRACE::2026-05-04.15:50:53::SCWPlatform:: Platform Path C:/Xilinx/ECE_520/Sandbox/threat_detection_vitis/threat_app3/hw/threat_detector_bd_wrapper2.xsa
TRACE::2026-05-04.15:50:53::SCWPlatform:: Unique name xilinx:zybo-z7-10::0.0
TRACE::2026-05-04.15:50:53::SCWPlatform::Trying to set the existing hwdb with name threat_detector_bd_wrapper_0
TRACE::2026-05-04.15:50:53::SCWPlatform::Opened existing hwdb threat_detector_bd_wrapper_0
TRACE::2026-05-04.15:50:53::SCWPlatform::Found the Hw Db part of the input DSA
TRACE::2026-05-04.15:50:53::SCWMssOS::Checking the sw design at  C:/Xilinx/ECE_520/Sandbox/threat_detection_vitis/threat_app3/zynq_fsbl/zynq_fsbl_bsp/system.mss
TRACE::2026-05-04.15:50:53::SCWMssOS::DEBUG:  swdes dump  C:/Xilinx/ECE_520/Sandbox/threat_detection_vitis/threat_app3/ps7_cortexa9_0/standalone_domain/bsp/system.mss|system_0||
C:/Xilinx/ECE_520/Sandbox/threat_detection_vitis/threat_app3/zynq_fsbl/zynq_fsbl_bsp/system.mss|system||

TRACE::2026-05-04.15:50:53::SCWMssOS::Sw design exists and opened at  C:/Xilinx/ECE_520/Sandbox/threat_detection_vitis/threat_app3/zynq_fsbl/zynq_fsbl_bsp/system.mss
TRACE::2026-05-04.15:50:53::SCWPlatform::Trying to open the hw design at C:/Xilinx/ECE_520/Sandbox/threat_detection_vitis/threat_app3/hw/threat_detector_bd_wrapper2.xsa
TRACE::2026-05-04.15:50:53::SCWPlatform::DSA given C:/Xilinx/ECE_520/Sandbox/threat_detection_vitis/threat_app3/hw/threat_detector_bd_wrapper2.xsa
TRACE::2026-05-04.15:50:53::SCWPlatform::DSA absoulate path C:/Xilinx/ECE_520/Sandbox/threat_detection_vitis/threat_app3/hw/threat_detector_bd_wrapper2.xsa
TRACE::2026-05-04.15:50:53::SCWPlatform::DSA directory C:/Xilinx/ECE_520/Sandbox/threat_detection_vitis/threat_app3/hw
TRACE::2026-05-04.15:50:53::SCWPlatform:: Platform Path C:/Xilinx/ECE_520/Sandbox/threat_detection_vitis/threat_app3/hw/threat_detector_bd_wrapper2.xsa
TRACE::2026-05-04.15:50:53::SCWPlatform:: Unique name xilinx:zybo-z7-10::0.0
TRACE::2026-05-04.15:50:53::SCWPlatform::Trying to set the existing hwdb with name threat_detector_bd_wrapper_0
TRACE::2026-05-04.15:50:53::SCWPlatform::Opened existing hwdb threat_detector_bd_wrapper_0
TRACE::2026-05-04.15:50:53::SCWPlatform::Found the Hw Db part of the input DSA
TRACE::2026-05-04.15:50:53::SCWMssOS::Checking the sw design at  C:/Xilinx/ECE_520/Sandbox/threat_detection_vitis/threat_app3/zynq_fsbl/zynq_fsbl_bsp/system.mss
TRACE::2026-05-04.15:50:53::SCWMssOS::DEBUG:  swdes dump  C:/Xilinx/ECE_520/Sandbox/threat_detection_vitis/threat_app3/ps7_cortexa9_0/standalone_domain/bsp/system.mss|system_0||
C:/Xilinx/ECE_520/Sandbox/threat_detection_vitis/threat_app3/zynq_fsbl/zynq_fsbl_bsp/system.mss|system||

TRACE::2026-05-04.15:50:53::SCWMssOS::Sw design exists and opened at  C:/Xilinx/ECE_520/Sandbox/threat_detection_vitis/threat_app3/zynq_fsbl/zynq_fsbl_bsp/system.mss
TRACE::2026-05-04.15:50:53::SCWPlatform::Trying to open the hw design at C:/Xilinx/ECE_520/Sandbox/threat_detection_vitis/threat_app3/hw/threat_detector_bd_wrapper2.xsa
TRACE::2026-05-04.15:50:53::SCWPlatform::DSA given C:/Xilinx/ECE_520/Sandbox/threat_detection_vitis/threat_app3/hw/threat_detector_bd_wrapper2.xsa
TRACE::2026-05-04.15:50:53::SCWPlatform::DSA absoulate path C:/Xilinx/ECE_520/Sandbox/threat_detection_vitis/threat_app3/hw/threat_detector_bd_wrapper2.xsa
TRACE::2026-05-04.15:50:53::SCWPlatform::DSA directory C:/Xilinx/ECE_520/Sandbox/threat_detection_vitis/threat_app3/hw
TRACE::2026-05-04.15:50:53::SCWPlatform:: Platform Path C:/Xilinx/ECE_520/Sandbox/threat_detection_vitis/threat_app3/hw/threat_detector_bd_wrapper2.xsa
TRACE::2026-05-04.15:50:53::SCWPlatform:: Unique name xilinx:zybo-z7-10::0.0
TRACE::2026-05-04.15:50:53::SCWPlatform::Trying to set the existing hwdb with name threat_detector_bd_wrapper_0
TRACE::2026-05-04.15:50:53::SCWPlatform::Opened existing hwdb threat_detector_bd_wrapper_0
TRACE::2026-05-04.15:50:53::SCWPlatform::Found the Hw Db part of the input DSA
TRACE::2026-05-04.15:50:53::SCWMssOS::Checking the sw design at  C:/Xilinx/ECE_520/Sandbox/threat_detection_vitis/threat_app3/zynq_fsbl/zynq_fsbl_bsp/system.mss
TRACE::2026-05-04.15:50:53::SCWMssOS::DEBUG:  swdes dump  C:/Xilinx/ECE_520/Sandbox/threat_detection_vitis/threat_app3/ps7_cortexa9_0/standalone_domain/bsp/system.mss|system_0||
C:/Xilinx/ECE_520/Sandbox/threat_detection_vitis/threat_app3/zynq_fsbl/zynq_fsbl_bsp/system.mss|system||

TRACE::2026-05-04.15:50:53::SCWMssOS::Sw design exists and opened at  C:/Xilinx/ECE_520/Sandbox/threat_detection_vitis/threat_app3/zynq_fsbl/zynq_fsbl_bsp/system.mss
TRACE::2026-05-04.15:50:53::SCWPlatform::Trying to open the hw design at C:/Xilinx/ECE_520/Sandbox/threat_detection_vitis/threat_app3/hw/threat_detector_bd_wrapper2.xsa
TRACE::2026-05-04.15:50:53::SCWPlatform::DSA given C:/Xilinx/ECE_520/Sandbox/threat_detection_vitis/threat_app3/hw/threat_detector_bd_wrapper2.xsa
TRACE::2026-05-04.15:50:53::SCWPlatform::DSA absoulate path C:/Xilinx/ECE_520/Sandbox/threat_detection_vitis/threat_app3/hw/threat_detector_bd_wrapper2.xsa
TRACE::2026-05-04.15:50:53::SCWPlatform::DSA directory C:/Xilinx/ECE_520/Sandbox/threat_detection_vitis/threat_app3/hw
TRACE::2026-05-04.15:50:53::SCWPlatform:: Platform Path C:/Xilinx/ECE_520/Sandbox/threat_detection_vitis/threat_app3/hw/threat_detector_bd_wrapper2.xsa
TRACE::2026-05-04.15:50:53::SCWPlatform:: Unique name xilinx:zybo-z7-10::0.0
TRACE::2026-05-04.15:50:53::SCWPlatform::Trying to set the existing hwdb with name threat_detector_bd_wrapper_0
TRACE::2026-05-04.15:50:53::SCWPlatform::Opened existing hwdb threat_detector_bd_wrapper_0
TRACE::2026-05-04.15:50:53::SCWPlatform::Found the Hw Db part of the input DSA
TRACE::2026-05-04.15:50:53::SCWMssOS::Checking the sw design at  C:/Xilinx/ECE_520/Sandbox/threat_detection_vitis/threat_app3/ps7_cortexa9_0/standalone_domain/bsp/system.mss
TRACE::2026-05-04.15:50:53::SCWMssOS::DEBUG:  swdes dump  C:/Xilinx/ECE_520/Sandbox/threat_detection_vitis/threat_app3/ps7_cortexa9_0/standalone_domain/bsp/system.mss|system_0||
C:/Xilinx/ECE_520/Sandbox/threat_detection_vitis/threat_app3/zynq_fsbl/zynq_fsbl_bsp/system.mss|system||

TRACE::2026-05-04.15:50:53::SCWMssOS::Sw design exists and opened at  C:/Xilinx/ECE_520/Sandbox/threat_detection_vitis/threat_app3/ps7_cortexa9_0/standalone_domain/bsp/system.mss
TRACE::2026-05-04.15:50:53::SCWPlatform::Trying to open the hw design at C:/Xilinx/ECE_520/Sandbox/threat_detection_vitis/threat_app3/hw/threat_detector_bd_wrapper2.xsa
TRACE::2026-05-04.15:50:53::SCWPlatform::DSA given C:/Xilinx/ECE_520/Sandbox/threat_detection_vitis/threat_app3/hw/threat_detector_bd_wrapper2.xsa
TRACE::2026-05-04.15:50:53::SCWPlatform::DSA absoulate path C:/Xilinx/ECE_520/Sandbox/threat_detection_vitis/threat_app3/hw/threat_detector_bd_wrapper2.xsa
TRACE::2026-05-04.15:50:53::SCWPlatform::DSA directory C:/Xilinx/ECE_520/Sandbox/threat_detection_vitis/threat_app3/hw
TRACE::2026-05-04.15:50:53::SCWPlatform:: Platform Path C:/Xilinx/ECE_520/Sandbox/threat_detection_vitis/threat_app3/hw/threat_detector_bd_wrapper2.xsa
TRACE::2026-05-04.15:50:53::SCWPlatform:: Unique name xilinx:zybo-z7-10::0.0
TRACE::2026-05-04.15:50:53::SCWPlatform::Trying to set the existing hwdb with name threat_detector_bd_wrapper_0
TRACE::2026-05-04.15:50:53::SCWPlatform::Opened existing hwdb threat_detector_bd_wrapper_0
TRACE::2026-05-04.15:50:53::SCWPlatform::Found the Hw Db part of the input DSA
TRACE::2026-05-04.15:50:53::SCWMssOS::Checking the sw design at  C:/Xilinx/ECE_520/Sandbox/threat_detection_vitis/threat_app3/ps7_cortexa9_0/standalone_domain/bsp/system.mss
TRACE::2026-05-04.15:50:53::SCWMssOS::DEBUG:  swdes dump  C:/Xilinx/ECE_520/Sandbox/threat_detection_vitis/threat_app3/ps7_cortexa9_0/standalone_domain/bsp/system.mss|system_0||
C:/Xilinx/ECE_520/Sandbox/threat_detection_vitis/threat_app3/zynq_fsbl/zynq_fsbl_bsp/system.mss|system||

TRACE::2026-05-04.15:50:53::SCWMssOS::Sw design exists and opened at  C:/Xilinx/ECE_520/Sandbox/threat_detection_vitis/threat_app3/ps7_cortexa9_0/standalone_domain/bsp/system.mss
TRACE::2026-05-04.15:50:53::SCWPlatform::Trying to open the hw design at C:/Xilinx/ECE_520/Sandbox/threat_detection_vitis/threat_app3/hw/threat_detector_bd_wrapper2.xsa
TRACE::2026-05-04.15:50:53::SCWPlatform::DSA given C:/Xilinx/ECE_520/Sandbox/threat_detection_vitis/threat_app3/hw/threat_detector_bd_wrapper2.xsa
TRACE::2026-05-04.15:50:53::SCWPlatform::DSA absoulate path C:/Xilinx/ECE_520/Sandbox/threat_detection_vitis/threat_app3/hw/threat_detector_bd_wrapper2.xsa
TRACE::2026-05-04.15:50:53::SCWPlatform::DSA directory C:/Xilinx/ECE_520/Sandbox/threat_detection_vitis/threat_app3/hw
TRACE::2026-05-04.15:50:53::SCWPlatform:: Platform Path C:/Xilinx/ECE_520/Sandbox/threat_detection_vitis/threat_app3/hw/threat_detector_bd_wrapper2.xsa
TRACE::2026-05-04.15:50:53::SCWPlatform:: Unique name xilinx:zybo-z7-10::0.0
TRACE::2026-05-04.15:50:53::SCWPlatform::Trying to set the existing hwdb with name threat_detector_bd_wrapper_0
TRACE::2026-05-04.15:50:53::SCWPlatform::Opened existing hwdb threat_detector_bd_wrapper_0
TRACE::2026-05-04.15:50:53::SCWPlatform::Found the Hw Db part of the input DSA
TRACE::2026-05-04.15:50:53::SCWMssOS::Checking the sw design at  C:/Xilinx/ECE_520/Sandbox/threat_detection_vitis/threat_app3/ps7_cortexa9_0/standalone_domain/bsp/system.mss
TRACE::2026-05-04.15:50:53::SCWMssOS::DEBUG:  swdes dump  C:/Xilinx/ECE_520/Sandbox/threat_detection_vitis/threat_app3/ps7_cortexa9_0/standalone_domain/bsp/system.mss|system_0||
C:/Xilinx/ECE_520/Sandbox/threat_detection_vitis/threat_app3/zynq_fsbl/zynq_fsbl_bsp/system.mss|system||

TRACE::2026-05-04.15:50:53::SCWMssOS::Sw design exists and opened at  C:/Xilinx/ECE_520/Sandbox/threat_detection_vitis/threat_app3/ps7_cortexa9_0/standalone_domain/bsp/system.mss
TRACE::2026-05-04.15:50:53::SCWWriter::formatted JSON is {
	"platformName":	"threat_app3",
	"sprVersion":	"2.0",
	"mode":	"gui",
	"dsaType":	"Fixed",
	"platformDesc":	"threat_app3",
	"platHandOff":	"C:/Xilinx/ECE_520/Sandbox/threat_detector_final_soc/threat_detector_bd_wrapper2.xsa",
	"platIntHandOff":	"<platformDir>/hw/threat_detector_bd_wrapper2.xsa",
	"deviceType":	"zynq",
	"platIsPrebuiltAutogen":	"false",
	"platIsNoBootBsp":	"false",
	"platFsblTarget":	"ps7_cortexa9_0",
	"hasFsblMakeHasChanges":	"false",
	"hasPmufwMakeHasChanges":	"false",
	"fsblExtraCompilerFlags":	"-MMD -MP       -mcpu=cortex-a9 -mfpu=vfpv3 -mfloat-abi=hard ",
	"platPreBuiltFlag":	false,
	"platformSamplesDir":	"",
	"platActiveSys":	"threat_app3",
	"systems":	[{
			"systemName":	"threat_app3",
			"systemDesc":	"threat_app3",
			"sysIsBootAutoGen":	"true",
			"systemDispName":	"threat_app3",
			"sysActiveDom":	"standalone_domain",
			"sysDefaultDom":	"standalone_domain",
			"domains":	[{
					"domainName":	"zynq_fsbl",
					"domainDispName":	"zynq_fsbl",
					"domainDesc":	"FSBL Application BSP - Auto Generated.",
					"processors":	"ps7_cortexa9_0",
					"os":	"standalone",
					"sdxOs":	"standalone",
					"debugEnable":	"",
					"domRuntimes":	["cpp"],
					"swRepo":	"",
					"mssOsVer":	"8.1",
					"mssFile":	"",
					"md5Digest":	"b630e3c8bec66e7d8478d3bf6b3daee5",
					"compatibleApp":	"zynq_fsbl",
					"domType":	"bootDomain",
					"arch":	"32-bit",
					"appSettings":	{
						"appCompilerFlags":	"",
						"appLinkerFlags":	""
					},
					"addedLibs":	["xilffs:5.0", "xilrsa:1.6"],
					"libOptions":	{
						"libsContainingOptions":	[]
					},
					"prebuiltLibs":	{
						"prebuiltIncPath":	[],
						"prebuiltLibPath":	[]
					},
					"isolation":	{
					}
				}, {
					"domainName":	"standalone_domain",
					"domainDispName":	"standalone_domain",
					"domainDesc":	"standalone_domain",
					"processors":	"ps7_cortexa9_0",
					"os":	"standalone",
					"sdxOs":	"standalone",
					"qemuArgs":	"<platformDir>/resources/threat_app3/standalone_domain/qemu_args.txt",
					"qemuData":	"<platformDir>/resources/threat_app3/standalone_domain/qemu",
					"debugEnable":	"False",
					"domRuntimes":	["cpp"],
					"swRepo":	"",
					"mssOsVer":	"8.1",
					"mssFile":	"",
					"md5Digest":	"459f485c5d217070af7324dfaecebcdf",
					"compatibleApp":	"",
					"domType":	"mssDomain",
					"appSettings":	{
						"appCompilerFlags":	"",
						"appLinkerFlags":	""
					},
					"addedLibs":	[],
					"libOptions":	{
						"libsContainingOptions":	[]
					},
					"prebuiltLibs":	{
						"prebuiltIncPath":	[],
						"prebuiltLibPath":	[]
					},
					"isolation":	{
					}
				}]
		}]
}
TRACE::2026-05-04.15:50:53::SCWPlatform::Trying to open the hw design at C:/Xilinx/ECE_520/Sandbox/threat_detection_vitis/threat_app3/hw/threat_detector_bd_wrapper2.xsa
TRACE::2026-05-04.15:50:53::SCWPlatform::DSA given C:/Xilinx/ECE_520/Sandbox/threat_detection_vitis/threat_app3/hw/threat_detector_bd_wrapper2.xsa
TRACE::2026-05-04.15:50:53::SCWPlatform::DSA absoulate path C:/Xilinx/ECE_520/Sandbox/threat_detection_vitis/threat_app3/hw/threat_detector_bd_wrapper2.xsa
TRACE::2026-05-04.15:50:53::SCWPlatform::DSA directory C:/Xilinx/ECE_520/Sandbox/threat_detection_vitis/threat_app3/hw
TRACE::2026-05-04.15:50:53::SCWPlatform:: Platform Path C:/Xilinx/ECE_520/Sandbox/threat_detection_vitis/threat_app3/hw/threat_detector_bd_wrapper2.xsa
TRACE::2026-05-04.15:50:53::SCWPlatform:: Unique name xilinx:zybo-z7-10::0.0
TRACE::2026-05-04.15:50:53::SCWPlatform::Trying to set the existing hwdb with name threat_detector_bd_wrapper_0
TRACE::2026-05-04.15:50:53::SCWPlatform::Opened existing hwdb threat_detector_bd_wrapper_0
TRACE::2026-05-04.15:50:53::SCWPlatform::Found the Hw Db part of the input DSA
TRACE::2026-05-04.15:50:53::SCWMssOS::Checking the sw design at  C:/Xilinx/ECE_520/Sandbox/threat_detection_vitis/threat_app3/ps7_cortexa9_0/standalone_domain/bsp/system.mss
TRACE::2026-05-04.15:50:53::SCWMssOS::DEBUG:  swdes dump  C:/Xilinx/ECE_520/Sandbox/threat_detection_vitis/threat_app3/ps7_cortexa9_0/standalone_domain/bsp/system.mss|system_0||
C:/Xilinx/ECE_520/Sandbox/threat_detection_vitis/threat_app3/zynq_fsbl/zynq_fsbl_bsp/system.mss|system||

TRACE::2026-05-04.15:50:53::SCWMssOS::Sw design exists and opened at  C:/Xilinx/ECE_520/Sandbox/threat_detection_vitis/threat_app3/ps7_cortexa9_0/standalone_domain/bsp/system.mss
TRACE::2026-05-04.15:50:53::SCWPlatform::Trying to open the hw design at C:/Xilinx/ECE_520/Sandbox/threat_detection_vitis/threat_app3/hw/threat_detector_bd_wrapper2.xsa
TRACE::2026-05-04.15:50:53::SCWPlatform::DSA given C:/Xilinx/ECE_520/Sandbox/threat_detection_vitis/threat_app3/hw/threat_detector_bd_wrapper2.xsa
TRACE::2026-05-04.15:50:53::SCWPlatform::DSA absoulate path C:/Xilinx/ECE_520/Sandbox/threat_detection_vitis/threat_app3/hw/threat_detector_bd_wrapper2.xsa
TRACE::2026-05-04.15:50:53::SCWPlatform::DSA directory C:/Xilinx/ECE_520/Sandbox/threat_detection_vitis/threat_app3/hw
TRACE::2026-05-04.15:50:53::SCWPlatform:: Platform Path C:/Xilinx/ECE_520/Sandbox/threat_detection_vitis/threat_app3/hw/threat_detector_bd_wrapper2.xsa
TRACE::2026-05-04.15:50:53::SCWPlatform:: Unique name xilinx:zybo-z7-10::0.0
TRACE::2026-05-04.15:50:53::SCWPlatform::Trying to set the existing hwdb with name threat_detector_bd_wrapper_0
TRACE::2026-05-04.15:50:53::SCWPlatform::Opened existing hwdb threat_detector_bd_wrapper_0
TRACE::2026-05-04.15:50:53::SCWPlatform::Found the Hw Db part of the input DSA
TRACE::2026-05-04.15:50:53::SCWMssOS::Checking the sw design at  C:/Xilinx/ECE_520/Sandbox/threat_detection_vitis/threat_app3/ps7_cortexa9_0/standalone_domain/bsp/system.mss
TRACE::2026-05-04.15:50:53::SCWMssOS::DEBUG:  swdes dump  C:/Xilinx/ECE_520/Sandbox/threat_detection_vitis/threat_app3/ps7_cortexa9_0/standalone_domain/bsp/system.mss|system_0||
C:/Xilinx/ECE_520/Sandbox/threat_detection_vitis/threat_app3/zynq_fsbl/zynq_fsbl_bsp/system.mss|system||

TRACE::2026-05-04.15:50:53::SCWMssOS::Sw design exists and opened at  C:/Xilinx/ECE_520/Sandbox/threat_detection_vitis/threat_app3/ps7_cortexa9_0/standalone_domain/bsp/system.mss
TRACE::2026-05-04.15:50:53::SCWPlatform::Trying to open the hw design at C:/Xilinx/ECE_520/Sandbox/threat_detection_vitis/threat_app3/hw/threat_detector_bd_wrapper2.xsa
TRACE::2026-05-04.15:50:53::SCWPlatform::DSA given C:/Xilinx/ECE_520/Sandbox/threat_detection_vitis/threat_app3/hw/threat_detector_bd_wrapper2.xsa
TRACE::2026-05-04.15:50:53::SCWPlatform::DSA absoulate path C:/Xilinx/ECE_520/Sandbox/threat_detection_vitis/threat_app3/hw/threat_detector_bd_wrapper2.xsa
TRACE::2026-05-04.15:50:53::SCWPlatform::DSA directory C:/Xilinx/ECE_520/Sandbox/threat_detection_vitis/threat_app3/hw
TRACE::2026-05-04.15:50:53::SCWPlatform:: Platform Path C:/Xilinx/ECE_520/Sandbox/threat_detection_vitis/threat_app3/hw/threat_detector_bd_wrapper2.xsa
TRACE::2026-05-04.15:50:53::SCWPlatform:: Unique name xilinx:zybo-z7-10::0.0
TRACE::2026-05-04.15:50:53::SCWPlatform::Trying to set the existing hwdb with name threat_detector_bd_wrapper_0
TRACE::2026-05-04.15:50:53::SCWPlatform::Opened existing hwdb threat_detector_bd_wrapper_0
TRACE::2026-05-04.15:50:53::SCWPlatform::Found the Hw Db part of the input DSA
TRACE::2026-05-04.15:50:53::SCWMssOS::Checking the sw design at  C:/Xilinx/ECE_520/Sandbox/threat_detection_vitis/threat_app3/ps7_cortexa9_0/standalone_domain/bsp/system.mss
TRACE::2026-05-04.15:50:53::SCWMssOS::DEBUG:  swdes dump  C:/Xilinx/ECE_520/Sandbox/threat_detection_vitis/threat_app3/ps7_cortexa9_0/standalone_domain/bsp/system.mss|system_0||
C:/Xilinx/ECE_520/Sandbox/threat_detection_vitis/threat_app3/zynq_fsbl/zynq_fsbl_bsp/system.mss|system||

TRACE::2026-05-04.15:50:53::SCWMssOS::Sw design exists and opened at  C:/Xilinx/ECE_520/Sandbox/threat_detection_vitis/threat_app3/ps7_cortexa9_0/standalone_domain/bsp/system.mss
TRACE::2026-05-04.15:50:53::SCWMssOS::Saving the mss changes C:/Xilinx/ECE_520/Sandbox/threat_detection_vitis/threat_app3/zynq_fsbl/zynq_fsbl_bsp/system.mss
TRACE::2026-05-04.15:50:53::SCWMssOS::Found a swdesign opened with the mssfile.
TRACE::2026-05-04.15:50:53::SCWMssOS::Completed writemss as part of save.
TRACE::2026-05-04.15:50:53::SCWMssOS::Commit changes completed.
TRACE::2026-05-04.15:50:53::SCWMssOS::Saving the mss changes C:/Xilinx/ECE_520/Sandbox/threat_detection_vitis/threat_app3/ps7_cortexa9_0/standalone_domain/bsp/system.mss
TRACE::2026-05-04.15:50:53::SCWMssOS::Found a swdesign opened with the mssfile.
TRACE::2026-05-04.15:50:53::SCWMssOS::Completed writemss as part of save.
TRACE::2026-05-04.15:50:53::SCWMssOS::Commit changes completed.
TRACE::2026-05-04.15:50:53::SCWPlatform::Trying to open the hw design at C:/Xilinx/ECE_520/Sandbox/threat_detection_vitis/threat_app3/hw/threat_detector_bd_wrapper2.xsa
TRACE::2026-05-04.15:50:53::SCWPlatform::DSA given C:/Xilinx/ECE_520/Sandbox/threat_detection_vitis/threat_app3/hw/threat_detector_bd_wrapper2.xsa
TRACE::2026-05-04.15:50:53::SCWPlatform::DSA absoulate path C:/Xilinx/ECE_520/Sandbox/threat_detection_vitis/threat_app3/hw/threat_detector_bd_wrapper2.xsa
TRACE::2026-05-04.15:50:53::SCWPlatform::DSA directory C:/Xilinx/ECE_520/Sandbox/threat_detection_vitis/threat_app3/hw
TRACE::2026-05-04.15:50:53::SCWPlatform:: Platform Path C:/Xilinx/ECE_520/Sandbox/threat_detection_vitis/threat_app3/hw/threat_detector_bd_wrapper2.xsa
TRACE::2026-05-04.15:50:53::SCWPlatform:: Unique name xilinx:zybo-z7-10::0.0
TRACE::2026-05-04.15:50:53::SCWPlatform::Trying to set the existing hwdb with name threat_detector_bd_wrapper_0
TRACE::2026-05-04.15:50:53::SCWPlatform::Opened existing hwdb threat_detector_bd_wrapper_0
TRACE::2026-05-04.15:50:53::SCWPlatform::Found the Hw Db part of the input DSA
TRACE::2026-05-04.15:50:53::SCWMssOS::Checking the sw design at  C:/Xilinx/ECE_520/Sandbox/threat_detection_vitis/threat_app3/zynq_fsbl/zynq_fsbl_bsp/system.mss
TRACE::2026-05-04.15:50:53::SCWMssOS::DEBUG:  swdes dump  C:/Xilinx/ECE_520/Sandbox/threat_detection_vitis/threat_app3/ps7_cortexa9_0/standalone_domain/bsp/system.mss|system_0||
C:/Xilinx/ECE_520/Sandbox/threat_detection_vitis/threat_app3/zynq_fsbl/zynq_fsbl_bsp/system.mss|system||

TRACE::2026-05-04.15:50:53::SCWMssOS::Sw design exists and opened at  C:/Xilinx/ECE_520/Sandbox/threat_detection_vitis/threat_app3/zynq_fsbl/zynq_fsbl_bsp/system.mss
TRACE::2026-05-04.15:50:53::SCWPlatform::Trying to open the hw design at C:/Xilinx/ECE_520/Sandbox/threat_detection_vitis/threat_app3/hw/threat_detector_bd_wrapper2.xsa
TRACE::2026-05-04.15:50:53::SCWPlatform::DSA given C:/Xilinx/ECE_520/Sandbox/threat_detection_vitis/threat_app3/hw/threat_detector_bd_wrapper2.xsa
TRACE::2026-05-04.15:50:53::SCWPlatform::DSA absoulate path C:/Xilinx/ECE_520/Sandbox/threat_detection_vitis/threat_app3/hw/threat_detector_bd_wrapper2.xsa
TRACE::2026-05-04.15:50:53::SCWPlatform::DSA directory C:/Xilinx/ECE_520/Sandbox/threat_detection_vitis/threat_app3/hw
TRACE::2026-05-04.15:50:53::SCWPlatform:: Platform Path C:/Xilinx/ECE_520/Sandbox/threat_detection_vitis/threat_app3/hw/threat_detector_bd_wrapper2.xsa
TRACE::2026-05-04.15:50:53::SCWPlatform:: Unique name xilinx:zybo-z7-10::0.0
TRACE::2026-05-04.15:50:53::SCWPlatform::Trying to set the existing hwdb with name threat_detector_bd_wrapper_0
TRACE::2026-05-04.15:50:53::SCWPlatform::Opened existing hwdb threat_detector_bd_wrapper_0
TRACE::2026-05-04.15:50:53::SCWPlatform::Found the Hw Db part of the input DSA
TRACE::2026-05-04.15:50:53::SCWMssOS::Checking the sw design at  C:/Xilinx/ECE_520/Sandbox/threat_detection_vitis/threat_app3/zynq_fsbl/zynq_fsbl_bsp/system.mss
TRACE::2026-05-04.15:50:53::SCWMssOS::DEBUG:  swdes dump  C:/Xilinx/ECE_520/Sandbox/threat_detection_vitis/threat_app3/ps7_cortexa9_0/standalone_domain/bsp/system.mss|system_0||
C:/Xilinx/ECE_520/Sandbox/threat_detection_vitis/threat_app3/zynq_fsbl/zynq_fsbl_bsp/system.mss|system||

TRACE::2026-05-04.15:50:53::SCWMssOS::Sw design exists and opened at  C:/Xilinx/ECE_520/Sandbox/threat_detection_vitis/threat_app3/zynq_fsbl/zynq_fsbl_bsp/system.mss
TRACE::2026-05-04.15:50:53::SCWPlatform::Trying to open the hw design at C:/Xilinx/ECE_520/Sandbox/threat_detection_vitis/threat_app3/hw/threat_detector_bd_wrapper2.xsa
TRACE::2026-05-04.15:50:53::SCWPlatform::DSA given C:/Xilinx/ECE_520/Sandbox/threat_detection_vitis/threat_app3/hw/threat_detector_bd_wrapper2.xsa
TRACE::2026-05-04.15:50:53::SCWPlatform::DSA absoulate path C:/Xilinx/ECE_520/Sandbox/threat_detection_vitis/threat_app3/hw/threat_detector_bd_wrapper2.xsa
TRACE::2026-05-04.15:50:53::SCWPlatform::DSA directory C:/Xilinx/ECE_520/Sandbox/threat_detection_vitis/threat_app3/hw
TRACE::2026-05-04.15:50:53::SCWPlatform:: Platform Path C:/Xilinx/ECE_520/Sandbox/threat_detection_vitis/threat_app3/hw/threat_detector_bd_wrapper2.xsa
TRACE::2026-05-04.15:50:53::SCWPlatform:: Unique name xilinx:zybo-z7-10::0.0
TRACE::2026-05-04.15:50:53::SCWPlatform::Trying to set the existing hwdb with name threat_detector_bd_wrapper_0
TRACE::2026-05-04.15:50:53::SCWPlatform::Opened existing hwdb threat_detector_bd_wrapper_0
TRACE::2026-05-04.15:50:53::SCWPlatform::Found the Hw Db part of the input DSA
TRACE::2026-05-04.15:50:53::SCWMssOS::Checking the sw design at  C:/Xilinx/ECE_520/Sandbox/threat_detection_vitis/threat_app3/zynq_fsbl/zynq_fsbl_bsp/system.mss
TRACE::2026-05-04.15:50:53::SCWMssOS::DEBUG:  swdes dump  C:/Xilinx/ECE_520/Sandbox/threat_detection_vitis/threat_app3/ps7_cortexa9_0/standalone_domain/bsp/system.mss|system_0||
C:/Xilinx/ECE_520/Sandbox/threat_detection_vitis/threat_app3/zynq_fsbl/zynq_fsbl_bsp/system.mss|system||

TRACE::2026-05-04.15:50:53::SCWMssOS::Sw design exists and opened at  C:/Xilinx/ECE_520/Sandbox/threat_detection_vitis/threat_app3/zynq_fsbl/zynq_fsbl_bsp/system.mss
TRACE::2026-05-04.15:50:53::SCWPlatform::Trying to open the hw design at C:/Xilinx/ECE_520/Sandbox/threat_detection_vitis/threat_app3/hw/threat_detector_bd_wrapper2.xsa
TRACE::2026-05-04.15:50:53::SCWPlatform::DSA given C:/Xilinx/ECE_520/Sandbox/threat_detection_vitis/threat_app3/hw/threat_detector_bd_wrapper2.xsa
TRACE::2026-05-04.15:50:53::SCWPlatform::DSA absoulate path C:/Xilinx/ECE_520/Sandbox/threat_detection_vitis/threat_app3/hw/threat_detector_bd_wrapper2.xsa
TRACE::2026-05-04.15:50:53::SCWPlatform::DSA directory C:/Xilinx/ECE_520/Sandbox/threat_detection_vitis/threat_app3/hw
TRACE::2026-05-04.15:50:53::SCWPlatform:: Platform Path C:/Xilinx/ECE_520/Sandbox/threat_detection_vitis/threat_app3/hw/threat_detector_bd_wrapper2.xsa
TRACE::2026-05-04.15:50:53::SCWPlatform:: Unique name xilinx:zybo-z7-10::0.0
TRACE::2026-05-04.15:50:53::SCWPlatform::Trying to set the existing hwdb with name threat_detector_bd_wrapper_0
TRACE::2026-05-04.15:50:53::SCWPlatform::Opened existing hwdb threat_detector_bd_wrapper_0
TRACE::2026-05-04.15:50:53::SCWPlatform::Found the Hw Db part of the input DSA
TRACE::2026-05-04.15:50:53::SCWMssOS::Checking the sw design at  C:/Xilinx/ECE_520/Sandbox/threat_detection_vitis/threat_app3/ps7_cortexa9_0/standalone_domain/bsp/system.mss
TRACE::2026-05-04.15:50:53::SCWMssOS::DEBUG:  swdes dump  C:/Xilinx/ECE_520/Sandbox/threat_detection_vitis/threat_app3/ps7_cortexa9_0/standalone_domain/bsp/system.mss|system_0||
C:/Xilinx/ECE_520/Sandbox/threat_detection_vitis/threat_app3/zynq_fsbl/zynq_fsbl_bsp/system.mss|system||

TRACE::2026-05-04.15:50:53::SCWMssOS::Sw design exists and opened at  C:/Xilinx/ECE_520/Sandbox/threat_detection_vitis/threat_app3/ps7_cortexa9_0/standalone_domain/bsp/system.mss
TRACE::2026-05-04.15:50:53::SCWPlatform::Trying to open the hw design at C:/Xilinx/ECE_520/Sandbox/threat_detection_vitis/threat_app3/hw/threat_detector_bd_wrapper2.xsa
TRACE::2026-05-04.15:50:53::SCWPlatform::DSA given C:/Xilinx/ECE_520/Sandbox/threat_detection_vitis/threat_app3/hw/threat_detector_bd_wrapper2.xsa
TRACE::2026-05-04.15:50:53::SCWPlatform::DSA absoulate path C:/Xilinx/ECE_520/Sandbox/threat_detection_vitis/threat_app3/hw/threat_detector_bd_wrapper2.xsa
TRACE::2026-05-04.15:50:53::SCWPlatform::DSA directory C:/Xilinx/ECE_520/Sandbox/threat_detection_vitis/threat_app3/hw
TRACE::2026-05-04.15:50:53::SCWPlatform:: Platform Path C:/Xilinx/ECE_520/Sandbox/threat_detection_vitis/threat_app3/hw/threat_detector_bd_wrapper2.xsa
TRACE::2026-05-04.15:50:53::SCWPlatform:: Unique name xilinx:zybo-z7-10::0.0
TRACE::2026-05-04.15:50:53::SCWPlatform::Trying to set the existing hwdb with name threat_detector_bd_wrapper_0
TRACE::2026-05-04.15:50:53::SCWPlatform::Opened existing hwdb threat_detector_bd_wrapper_0
TRACE::2026-05-04.15:50:53::SCWPlatform::Found the Hw Db part of the input DSA
TRACE::2026-05-04.15:50:53::SCWMssOS::Checking the sw design at  C:/Xilinx/ECE_520/Sandbox/threat_detection_vitis/threat_app3/ps7_cortexa9_0/standalone_domain/bsp/system.mss
TRACE::2026-05-04.15:50:53::SCWMssOS::DEBUG:  swdes dump  C:/Xilinx/ECE_520/Sandbox/threat_detection_vitis/threat_app3/ps7_cortexa9_0/standalone_domain/bsp/system.mss|system_0||
C:/Xilinx/ECE_520/Sandbox/threat_detection_vitis/threat_app3/zynq_fsbl/zynq_fsbl_bsp/system.mss|system||

TRACE::2026-05-04.15:50:53::SCWMssOS::Sw design exists and opened at  C:/Xilinx/ECE_520/Sandbox/threat_detection_vitis/threat_app3/ps7_cortexa9_0/standalone_domain/bsp/system.mss
TRACE::2026-05-04.15:50:53::SCWPlatform::Trying to open the hw design at C:/Xilinx/ECE_520/Sandbox/threat_detection_vitis/threat_app3/hw/threat_detector_bd_wrapper2.xsa
TRACE::2026-05-04.15:50:53::SCWPlatform::DSA given C:/Xilinx/ECE_520/Sandbox/threat_detection_vitis/threat_app3/hw/threat_detector_bd_wrapper2.xsa
TRACE::2026-05-04.15:50:53::SCWPlatform::DSA absoulate path C:/Xilinx/ECE_520/Sandbox/threat_detection_vitis/threat_app3/hw/threat_detector_bd_wrapper2.xsa
TRACE::2026-05-04.15:50:53::SCWPlatform::DSA directory C:/Xilinx/ECE_520/Sandbox/threat_detection_vitis/threat_app3/hw
TRACE::2026-05-04.15:50:53::SCWPlatform:: Platform Path C:/Xilinx/ECE_520/Sandbox/threat_detection_vitis/threat_app3/hw/threat_detector_bd_wrapper2.xsa
TRACE::2026-05-04.15:50:53::SCWPlatform:: Unique name xilinx:zybo-z7-10::0.0
TRACE::2026-05-04.15:50:53::SCWPlatform::Trying to set the existing hwdb with name threat_detector_bd_wrapper_0
TRACE::2026-05-04.15:50:53::SCWPlatform::Opened existing hwdb threat_detector_bd_wrapper_0
TRACE::2026-05-04.15:50:53::SCWPlatform::Found the Hw Db part of the input DSA
TRACE::2026-05-04.15:50:53::SCWMssOS::Checking the sw design at  C:/Xilinx/ECE_520/Sandbox/threat_detection_vitis/threat_app3/ps7_cortexa9_0/standalone_domain/bsp/system.mss
TRACE::2026-05-04.15:50:53::SCWMssOS::DEBUG:  swdes dump  C:/Xilinx/ECE_520/Sandbox/threat_detection_vitis/threat_app3/ps7_cortexa9_0/standalone_domain/bsp/system.mss|system_0||
C:/Xilinx/ECE_520/Sandbox/threat_detection_vitis/threat_app3/zynq_fsbl/zynq_fsbl_bsp/system.mss|system||

TRACE::2026-05-04.15:50:53::SCWMssOS::Sw design exists and opened at  C:/Xilinx/ECE_520/Sandbox/threat_detection_vitis/threat_app3/ps7_cortexa9_0/standalone_domain/bsp/system.mss
TRACE::2026-05-04.15:50:53::SCWWriter::formatted JSON is {
	"platformName":	"threat_app3",
	"sprVersion":	"2.0",
	"mode":	"gui",
	"dsaType":	"Fixed",
	"platformDesc":	"threat_app3",
	"platHandOff":	"C:/Xilinx/ECE_520/Sandbox/threat_detector_final_soc/threat_detector_bd_wrapper2.xsa",
	"platIntHandOff":	"<platformDir>/hw/threat_detector_bd_wrapper2.xsa",
	"deviceType":	"zynq",
	"platIsPrebuiltAutogen":	"false",
	"platIsNoBootBsp":	"false",
	"platFsblTarget":	"ps7_cortexa9_0",
	"hasFsblMakeHasChanges":	"false",
	"hasPmufwMakeHasChanges":	"false",
	"fsblExtraCompilerFlags":	"-MMD -MP       -mcpu=cortex-a9 -mfpu=vfpv3 -mfloat-abi=hard ",
	"platPreBuiltFlag":	false,
	"platformSamplesDir":	"",
	"platActiveSys":	"threat_app3",
	"systems":	[{
			"systemName":	"threat_app3",
			"systemDesc":	"threat_app3",
			"sysIsBootAutoGen":	"true",
			"systemDispName":	"threat_app3",
			"sysActiveDom":	"standalone_domain",
			"sysDefaultDom":	"standalone_domain",
			"domains":	[{
					"domainName":	"zynq_fsbl",
					"domainDispName":	"zynq_fsbl",
					"domainDesc":	"FSBL Application BSP - Auto Generated.",
					"processors":	"ps7_cortexa9_0",
					"os":	"standalone",
					"sdxOs":	"standalone",
					"debugEnable":	"",
					"domRuntimes":	["cpp"],
					"swRepo":	"",
					"mssOsVer":	"8.1",
					"mssFile":	"",
					"md5Digest":	"b630e3c8bec66e7d8478d3bf6b3daee5",
					"compatibleApp":	"zynq_fsbl",
					"domType":	"bootDomain",
					"arch":	"32-bit",
					"appSettings":	{
						"appCompilerFlags":	"",
						"appLinkerFlags":	""
					},
					"addedLibs":	["xilffs:5.0", "xilrsa:1.6"],
					"libOptions":	{
						"libsContainingOptions":	[]
					},
					"prebuiltLibs":	{
						"prebuiltIncPath":	[],
						"prebuiltLibPath":	[]
					},
					"isolation":	{
					}
				}, {
					"domainName":	"standalone_domain",
					"domainDispName":	"standalone on ps7_cortexa9_0",
					"domainDesc":	"standalone_domain",
					"processors":	"ps7_cortexa9_0",
					"os":	"standalone",
					"sdxOs":	"standalone",
					"qemuArgs":	"<platformDir>/resources/threat_app3/standalone_domain/qemu_args.txt",
					"qemuData":	"<platformDir>/resources/threat_app3/standalone_domain/qemu",
					"debugEnable":	"False",
					"domRuntimes":	["cpp"],
					"swRepo":	"",
					"mssOsVer":	"8.1",
					"mssFile":	"",
					"md5Digest":	"459f485c5d217070af7324dfaecebcdf",
					"compatibleApp":	"",
					"domType":	"mssDomain",
					"appSettings":	{
						"appCompilerFlags":	"",
						"appLinkerFlags":	""
					},
					"addedLibs":	[],
					"libOptions":	{
						"libsContainingOptions":	[]
					},
					"prebuiltLibs":	{
						"prebuiltIncPath":	[],
						"prebuiltLibPath":	[]
					},
					"isolation":	{
					}
				}]
		}]
}
TRACE::2026-05-04.15:50:53::SCWMssOS::Saving the mss changes C:/Xilinx/ECE_520/Sandbox/threat_detection_vitis/threat_app3/zynq_fsbl/zynq_fsbl_bsp/system.mss
TRACE::2026-05-04.15:50:53::SCWMssOS::Found a swdesign opened with the mssfile.
TRACE::2026-05-04.15:50:53::SCWMssOS::Completed writemss as part of save.
TRACE::2026-05-04.15:50:53::SCWMssOS::Commit changes completed.
TRACE::2026-05-04.15:50:53::SCWMssOS::Saving the mss changes C:/Xilinx/ECE_520/Sandbox/threat_detection_vitis/threat_app3/ps7_cortexa9_0/standalone_domain/bsp/system.mss
TRACE::2026-05-04.15:50:53::SCWMssOS::Found a swdesign opened with the mssfile.
TRACE::2026-05-04.15:50:53::SCWMssOS::Completed writemss as part of save.
TRACE::2026-05-04.15:50:53::SCWMssOS::Commit changes completed.
TRACE::2026-05-04.15:50:53::SCWPlatform::Trying to open the hw design at C:/Xilinx/ECE_520/Sandbox/threat_detection_vitis/threat_app3/hw/threat_detector_bd_wrapper2.xsa
TRACE::2026-05-04.15:50:53::SCWPlatform::DSA given C:/Xilinx/ECE_520/Sandbox/threat_detection_vitis/threat_app3/hw/threat_detector_bd_wrapper2.xsa
TRACE::2026-05-04.15:50:53::SCWPlatform::DSA absoulate path C:/Xilinx/ECE_520/Sandbox/threat_detection_vitis/threat_app3/hw/threat_detector_bd_wrapper2.xsa
TRACE::2026-05-04.15:50:53::SCWPlatform::DSA directory C:/Xilinx/ECE_520/Sandbox/threat_detection_vitis/threat_app3/hw
TRACE::2026-05-04.15:50:53::SCWPlatform:: Platform Path C:/Xilinx/ECE_520/Sandbox/threat_detection_vitis/threat_app3/hw/threat_detector_bd_wrapper2.xsa
TRACE::2026-05-04.15:50:53::SCWPlatform:: Unique name xilinx:zybo-z7-10::0.0
TRACE::2026-05-04.15:50:53::SCWPlatform::Trying to set the existing hwdb with name threat_detector_bd_wrapper_0
TRACE::2026-05-04.15:50:53::SCWPlatform::Opened existing hwdb threat_detector_bd_wrapper_0
TRACE::2026-05-04.15:50:53::SCWPlatform::Found the Hw Db part of the input DSA
TRACE::2026-05-04.15:50:53::SCWMssOS::Checking the sw design at  C:/Xilinx/ECE_520/Sandbox/threat_detection_vitis/threat_app3/zynq_fsbl/zynq_fsbl_bsp/system.mss
TRACE::2026-05-04.15:50:53::SCWMssOS::DEBUG:  swdes dump  C:/Xilinx/ECE_520/Sandbox/threat_detection_vitis/threat_app3/ps7_cortexa9_0/standalone_domain/bsp/system.mss|system_0||
C:/Xilinx/ECE_520/Sandbox/threat_detection_vitis/threat_app3/zynq_fsbl/zynq_fsbl_bsp/system.mss|system||

TRACE::2026-05-04.15:50:53::SCWMssOS::Sw design exists and opened at  C:/Xilinx/ECE_520/Sandbox/threat_detection_vitis/threat_app3/zynq_fsbl/zynq_fsbl_bsp/system.mss
TRACE::2026-05-04.15:50:53::SCWPlatform::Trying to open the hw design at C:/Xilinx/ECE_520/Sandbox/threat_detection_vitis/threat_app3/hw/threat_detector_bd_wrapper2.xsa
TRACE::2026-05-04.15:50:53::SCWPlatform::DSA given C:/Xilinx/ECE_520/Sandbox/threat_detection_vitis/threat_app3/hw/threat_detector_bd_wrapper2.xsa
TRACE::2026-05-04.15:50:53::SCWPlatform::DSA absoulate path C:/Xilinx/ECE_520/Sandbox/threat_detection_vitis/threat_app3/hw/threat_detector_bd_wrapper2.xsa
TRACE::2026-05-04.15:50:53::SCWPlatform::DSA directory C:/Xilinx/ECE_520/Sandbox/threat_detection_vitis/threat_app3/hw
TRACE::2026-05-04.15:50:53::SCWPlatform:: Platform Path C:/Xilinx/ECE_520/Sandbox/threat_detection_vitis/threat_app3/hw/threat_detector_bd_wrapper2.xsa
TRACE::2026-05-04.15:50:53::SCWPlatform:: Unique name xilinx:zybo-z7-10::0.0
TRACE::2026-05-04.15:50:53::SCWPlatform::Trying to set the existing hwdb with name threat_detector_bd_wrapper_0
TRACE::2026-05-04.15:50:53::SCWPlatform::Opened existing hwdb threat_detector_bd_wrapper_0
TRACE::2026-05-04.15:50:53::SCWPlatform::Found the Hw Db part of the input DSA
TRACE::2026-05-04.15:50:53::SCWMssOS::Checking the sw design at  C:/Xilinx/ECE_520/Sandbox/threat_detection_vitis/threat_app3/zynq_fsbl/zynq_fsbl_bsp/system.mss
TRACE::2026-05-04.15:50:53::SCWMssOS::DEBUG:  swdes dump  C:/Xilinx/ECE_520/Sandbox/threat_detection_vitis/threat_app3/ps7_cortexa9_0/standalone_domain/bsp/system.mss|system_0||
C:/Xilinx/ECE_520/Sandbox/threat_detection_vitis/threat_app3/zynq_fsbl/zynq_fsbl_bsp/system.mss|system||

TRACE::2026-05-04.15:50:53::SCWMssOS::Sw design exists and opened at  C:/Xilinx/ECE_520/Sandbox/threat_detection_vitis/threat_app3/zynq_fsbl/zynq_fsbl_bsp/system.mss
TRACE::2026-05-04.15:50:53::SCWPlatform::Trying to open the hw design at C:/Xilinx/ECE_520/Sandbox/threat_detection_vitis/threat_app3/hw/threat_detector_bd_wrapper2.xsa
TRACE::2026-05-04.15:50:53::SCWPlatform::DSA given C:/Xilinx/ECE_520/Sandbox/threat_detection_vitis/threat_app3/hw/threat_detector_bd_wrapper2.xsa
TRACE::2026-05-04.15:50:53::SCWPlatform::DSA absoulate path C:/Xilinx/ECE_520/Sandbox/threat_detection_vitis/threat_app3/hw/threat_detector_bd_wrapper2.xsa
TRACE::2026-05-04.15:50:53::SCWPlatform::DSA directory C:/Xilinx/ECE_520/Sandbox/threat_detection_vitis/threat_app3/hw
TRACE::2026-05-04.15:50:53::SCWPlatform:: Platform Path C:/Xilinx/ECE_520/Sandbox/threat_detection_vitis/threat_app3/hw/threat_detector_bd_wrapper2.xsa
TRACE::2026-05-04.15:50:53::SCWPlatform:: Unique name xilinx:zybo-z7-10::0.0
TRACE::2026-05-04.15:50:53::SCWPlatform::Trying to set the existing hwdb with name threat_detector_bd_wrapper_0
TRACE::2026-05-04.15:50:53::SCWPlatform::Opened existing hwdb threat_detector_bd_wrapper_0
TRACE::2026-05-04.15:50:53::SCWPlatform::Found the Hw Db part of the input DSA
TRACE::2026-05-04.15:50:53::SCWMssOS::Checking the sw design at  C:/Xilinx/ECE_520/Sandbox/threat_detection_vitis/threat_app3/zynq_fsbl/zynq_fsbl_bsp/system.mss
TRACE::2026-05-04.15:50:53::SCWMssOS::DEBUG:  swdes dump  C:/Xilinx/ECE_520/Sandbox/threat_detection_vitis/threat_app3/ps7_cortexa9_0/standalone_domain/bsp/system.mss|system_0||
C:/Xilinx/ECE_520/Sandbox/threat_detection_vitis/threat_app3/zynq_fsbl/zynq_fsbl_bsp/system.mss|system||

TRACE::2026-05-04.15:50:53::SCWMssOS::Sw design exists and opened at  C:/Xilinx/ECE_520/Sandbox/threat_detection_vitis/threat_app3/zynq_fsbl/zynq_fsbl_bsp/system.mss
TRACE::2026-05-04.15:50:53::SCWPlatform::Trying to open the hw design at C:/Xilinx/ECE_520/Sandbox/threat_detection_vitis/threat_app3/hw/threat_detector_bd_wrapper2.xsa
TRACE::2026-05-04.15:50:53::SCWPlatform::DSA given C:/Xilinx/ECE_520/Sandbox/threat_detection_vitis/threat_app3/hw/threat_detector_bd_wrapper2.xsa
TRACE::2026-05-04.15:50:53::SCWPlatform::DSA absoulate path C:/Xilinx/ECE_520/Sandbox/threat_detection_vitis/threat_app3/hw/threat_detector_bd_wrapper2.xsa
TRACE::2026-05-04.15:50:53::SCWPlatform::DSA directory C:/Xilinx/ECE_520/Sandbox/threat_detection_vitis/threat_app3/hw
TRACE::2026-05-04.15:50:53::SCWPlatform:: Platform Path C:/Xilinx/ECE_520/Sandbox/threat_detection_vitis/threat_app3/hw/threat_detector_bd_wrapper2.xsa
TRACE::2026-05-04.15:50:53::SCWPlatform:: Unique name xilinx:zybo-z7-10::0.0
TRACE::2026-05-04.15:50:53::SCWPlatform::Trying to set the existing hwdb with name threat_detector_bd_wrapper_0
TRACE::2026-05-04.15:50:53::SCWPlatform::Opened existing hwdb threat_detector_bd_wrapper_0
TRACE::2026-05-04.15:50:53::SCWPlatform::Found the Hw Db part of the input DSA
TRACE::2026-05-04.15:50:53::SCWMssOS::Checking the sw design at  C:/Xilinx/ECE_520/Sandbox/threat_detection_vitis/threat_app3/ps7_cortexa9_0/standalone_domain/bsp/system.mss
TRACE::2026-05-04.15:50:53::SCWMssOS::DEBUG:  swdes dump  C:/Xilinx/ECE_520/Sandbox/threat_detection_vitis/threat_app3/ps7_cortexa9_0/standalone_domain/bsp/system.mss|system_0||
C:/Xilinx/ECE_520/Sandbox/threat_detection_vitis/threat_app3/zynq_fsbl/zynq_fsbl_bsp/system.mss|system||

TRACE::2026-05-04.15:50:53::SCWMssOS::Sw design exists and opened at  C:/Xilinx/ECE_520/Sandbox/threat_detection_vitis/threat_app3/ps7_cortexa9_0/standalone_domain/bsp/system.mss
TRACE::2026-05-04.15:50:53::SCWPlatform::Trying to open the hw design at C:/Xilinx/ECE_520/Sandbox/threat_detection_vitis/threat_app3/hw/threat_detector_bd_wrapper2.xsa
TRACE::2026-05-04.15:50:53::SCWPlatform::DSA given C:/Xilinx/ECE_520/Sandbox/threat_detection_vitis/threat_app3/hw/threat_detector_bd_wrapper2.xsa
TRACE::2026-05-04.15:50:53::SCWPlatform::DSA absoulate path C:/Xilinx/ECE_520/Sandbox/threat_detection_vitis/threat_app3/hw/threat_detector_bd_wrapper2.xsa
TRACE::2026-05-04.15:50:53::SCWPlatform::DSA directory C:/Xilinx/ECE_520/Sandbox/threat_detection_vitis/threat_app3/hw
TRACE::2026-05-04.15:50:53::SCWPlatform:: Platform Path C:/Xilinx/ECE_520/Sandbox/threat_detection_vitis/threat_app3/hw/threat_detector_bd_wrapper2.xsa
TRACE::2026-05-04.15:50:53::SCWPlatform:: Unique name xilinx:zybo-z7-10::0.0
TRACE::2026-05-04.15:50:53::SCWPlatform::Trying to set the existing hwdb with name threat_detector_bd_wrapper_0
TRACE::2026-05-04.15:50:53::SCWPlatform::Opened existing hwdb threat_detector_bd_wrapper_0
TRACE::2026-05-04.15:50:53::SCWPlatform::Found the Hw Db part of the input DSA
TRACE::2026-05-04.15:50:53::SCWMssOS::Checking the sw design at  C:/Xilinx/ECE_520/Sandbox/threat_detection_vitis/threat_app3/ps7_cortexa9_0/standalone_domain/bsp/system.mss
TRACE::2026-05-04.15:50:53::SCWMssOS::DEBUG:  swdes dump  C:/Xilinx/ECE_520/Sandbox/threat_detection_vitis/threat_app3/ps7_cortexa9_0/standalone_domain/bsp/system.mss|system_0||
C:/Xilinx/ECE_520/Sandbox/threat_detection_vitis/threat_app3/zynq_fsbl/zynq_fsbl_bsp/system.mss|system||

TRACE::2026-05-04.15:50:53::SCWMssOS::Sw design exists and opened at  C:/Xilinx/ECE_520/Sandbox/threat_detection_vitis/threat_app3/ps7_cortexa9_0/standalone_domain/bsp/system.mss
TRACE::2026-05-04.15:50:53::SCWPlatform::Trying to open the hw design at C:/Xilinx/ECE_520/Sandbox/threat_detection_vitis/threat_app3/hw/threat_detector_bd_wrapper2.xsa
TRACE::2026-05-04.15:50:53::SCWPlatform::DSA given C:/Xilinx/ECE_520/Sandbox/threat_detection_vitis/threat_app3/hw/threat_detector_bd_wrapper2.xsa
TRACE::2026-05-04.15:50:53::SCWPlatform::DSA absoulate path C:/Xilinx/ECE_520/Sandbox/threat_detection_vitis/threat_app3/hw/threat_detector_bd_wrapper2.xsa
TRACE::2026-05-04.15:50:53::SCWPlatform::DSA directory C:/Xilinx/ECE_520/Sandbox/threat_detection_vitis/threat_app3/hw
TRACE::2026-05-04.15:50:53::SCWPlatform:: Platform Path C:/Xilinx/ECE_520/Sandbox/threat_detection_vitis/threat_app3/hw/threat_detector_bd_wrapper2.xsa
TRACE::2026-05-04.15:50:53::SCWPlatform:: Unique name xilinx:zybo-z7-10::0.0
TRACE::2026-05-04.15:50:53::SCWPlatform::Trying to set the existing hwdb with name threat_detector_bd_wrapper_0
TRACE::2026-05-04.15:50:53::SCWPlatform::Opened existing hwdb threat_detector_bd_wrapper_0
TRACE::2026-05-04.15:50:53::SCWPlatform::Found the Hw Db part of the input DSA
TRACE::2026-05-04.15:50:53::SCWMssOS::Checking the sw design at  C:/Xilinx/ECE_520/Sandbox/threat_detection_vitis/threat_app3/ps7_cortexa9_0/standalone_domain/bsp/system.mss
TRACE::2026-05-04.15:50:53::SCWMssOS::DEBUG:  swdes dump  C:/Xilinx/ECE_520/Sandbox/threat_detection_vitis/threat_app3/ps7_cortexa9_0/standalone_domain/bsp/system.mss|system_0||
C:/Xilinx/ECE_520/Sandbox/threat_detection_vitis/threat_app3/zynq_fsbl/zynq_fsbl_bsp/system.mss|system||

TRACE::2026-05-04.15:50:53::SCWMssOS::Sw design exists and opened at  C:/Xilinx/ECE_520/Sandbox/threat_detection_vitis/threat_app3/ps7_cortexa9_0/standalone_domain/bsp/system.mss
TRACE::2026-05-04.15:50:53::SCWWriter::formatted JSON is {
	"platformName":	"threat_app3",
	"sprVersion":	"2.0",
	"mode":	"gui",
	"dsaType":	"Fixed",
	"platformDesc":	"threat_app3",
	"platHandOff":	"C:/Xilinx/ECE_520/Sandbox/threat_detector_final_soc/threat_detector_bd_wrapper2.xsa",
	"platIntHandOff":	"<platformDir>/hw/threat_detector_bd_wrapper2.xsa",
	"deviceType":	"zynq",
	"platIsPrebuiltAutogen":	"false",
	"platIsNoBootBsp":	"false",
	"platFsblTarget":	"ps7_cortexa9_0",
	"hasFsblMakeHasChanges":	"false",
	"hasPmufwMakeHasChanges":	"false",
	"fsblExtraCompilerFlags":	"-MMD -MP       -mcpu=cortex-a9 -mfpu=vfpv3 -mfloat-abi=hard ",
	"platPreBuiltFlag":	false,
	"platformSamplesDir":	"",
	"platActiveSys":	"threat_app3",
	"systems":	[{
			"systemName":	"threat_app3",
			"systemDesc":	"threat_app3",
			"sysIsBootAutoGen":	"true",
			"systemDispName":	"threat_app3",
			"sysActiveDom":	"standalone_domain",
			"sysDefaultDom":	"standalone_domain",
			"domains":	[{
					"domainName":	"zynq_fsbl",
					"domainDispName":	"zynq_fsbl",
					"domainDesc":	"FSBL Application BSP - Auto Generated.",
					"processors":	"ps7_cortexa9_0",
					"os":	"standalone",
					"sdxOs":	"standalone",
					"debugEnable":	"",
					"domRuntimes":	["cpp"],
					"swRepo":	"",
					"mssOsVer":	"8.1",
					"mssFile":	"",
					"md5Digest":	"b630e3c8bec66e7d8478d3bf6b3daee5",
					"compatibleApp":	"zynq_fsbl",
					"domType":	"bootDomain",
					"arch":	"32-bit",
					"appSettings":	{
						"appCompilerFlags":	"",
						"appLinkerFlags":	""
					},
					"addedLibs":	["xilffs:5.0", "xilrsa:1.6"],
					"libOptions":	{
						"libsContainingOptions":	[]
					},
					"prebuiltLibs":	{
						"prebuiltIncPath":	[],
						"prebuiltLibPath":	[]
					},
					"isolation":	{
					}
				}, {
					"domainName":	"standalone_domain",
					"domainDispName":	"standalone on ps7_cortexa9_0",
					"domainDesc":	"standalone_domain",
					"processors":	"ps7_cortexa9_0",
					"os":	"standalone",
					"sdxOs":	"standalone",
					"qemuArgs":	"<platformDir>/resources/threat_app3/standalone_domain/qemu_args.txt",
					"qemuData":	"<platformDir>/resources/threat_app3/standalone_domain/qemu",
					"debugEnable":	"False",
					"domRuntimes":	["cpp"],
					"swRepo":	"",
					"mssOsVer":	"8.1",
					"mssFile":	"",
					"md5Digest":	"459f485c5d217070af7324dfaecebcdf",
					"compatibleApp":	"",
					"domType":	"mssDomain",
					"appSettings":	{
						"appCompilerFlags":	"",
						"appLinkerFlags":	""
					},
					"addedLibs":	[],
					"libOptions":	{
						"libsContainingOptions":	[]
					},
					"prebuiltLibs":	{
						"prebuiltIncPath":	[],
						"prebuiltLibPath":	[]
					},
					"isolation":	{
					}
				}]
		}]
}
TRACE::2026-05-04.15:50:53::SCWPlatform::Clearing the existing platform
TRACE::2026-05-04.15:50:53::SCWSystem::Clearing the existing sysconfig
TRACE::2026-05-04.15:50:53::SCWBDomain::clearing the fsbl build
TRACE::2026-05-04.15:50:53::SCWMssOS::Removing the swdes entry for  C:/Xilinx/ECE_520/Sandbox/threat_detection_vitis/threat_app3/zynq_fsbl/zynq_fsbl_bsp/system.mss
TRACE::2026-05-04.15:50:53::SCWMssOS::Removing the swdes entry for  C:/Xilinx/ECE_520/Sandbox/threat_detection_vitis/threat_app3/ps7_cortexa9_0/standalone_domain/bsp/system.mss
TRACE::2026-05-04.15:50:53::SCWSystem::Clearing the domains completed.
TRACE::2026-05-04.15:50:53::SCWPlatform::Clearing the opened hw db.
TRACE::2026-05-04.15:50:53::SCWPlatform::DSA given C:/Xilinx/ECE_520/Sandbox/threat_detection_vitis/threat_app3/hw/threat_detector_bd_wrapper2.xsa
TRACE::2026-05-04.15:50:53::SCWPlatform::DSA absoulate path C:/Xilinx/ECE_520/Sandbox/threat_detection_vitis/threat_app3/hw/threat_detector_bd_wrapper2.xsa
TRACE::2026-05-04.15:50:53::SCWPlatform:: Platform location is C:/Xilinx/ECE_520/Sandbox/threat_detection_vitis/threat_app3/hw
TRACE::2026-05-04.15:50:53::SCWPlatform:: Platform Path C:/Xilinx/ECE_520/Sandbox/threat_detection_vitis/threat_app3/hw/threat_detector_bd_wrapper2.xsa
TRACE::2026-05-04.15:50:53::SCWPlatform:: Unique name xilinx:zybo-z7-10::0.0
TRACE::2026-05-04.15:50:53::SCWPlatform::Removing the HwDB with name C:/Xilinx/ECE_520/Sandbox/threat_detection_vitis/threat_app3/hw/threat_detector_bd_wrapper2.xsa
TRACE::2026-05-04.15:50:53::SCWPlatform::Trying to open the hw design at C:/Xilinx/ECE_520/Sandbox/threat_detection_vitis/threat_app3/hw/threat_detector_bd_wrapper2.xsa
TRACE::2026-05-04.15:50:53::SCWPlatform::DSA given C:/Xilinx/ECE_520/Sandbox/threat_detection_vitis/threat_app3/hw/threat_detector_bd_wrapper2.xsa
TRACE::2026-05-04.15:50:53::SCWPlatform::DSA absoulate path C:/Xilinx/ECE_520/Sandbox/threat_detection_vitis/threat_app3/hw/threat_detector_bd_wrapper2.xsa
TRACE::2026-05-04.15:50:53::SCWPlatform::DSA directory C:/Xilinx/ECE_520/Sandbox/threat_detection_vitis/threat_app3/hw
TRACE::2026-05-04.15:50:53::SCWPlatform:: Platform Path C:/Xilinx/ECE_520/Sandbox/threat_detection_vitis/threat_app3/hw/threat_detector_bd_wrapper2.xsa
TRACE::2026-05-04.15:50:53::SCWPlatform:: Unique name xilinx:zybo-z7-10::0.0
TRACE::2026-05-04.15:50:53::SCWPlatform::Do not have an existing db opened. 
TRACE::2026-05-04.15:50:54::SCWPlatform::Opened new HwDB with name threat_detector_bd_wrapper_1
TRACE::2026-05-04.15:50:54::SCWReader::Active system found as  threat_app3
TRACE::2026-05-04.15:50:54::SCWReader::Handling sysconfig threat_app3
TRACE::2026-05-04.15:50:54::SCWDomain::checking for install qemu data   : 
TRACE::2026-05-04.15:50:54::SCWDomain:: Using the QEMU Data from install at  : C:/Xilinx/Vitis/2023.1/data/emulation/platforms/zynq/sw/a9_standalone/qemu/
TRACE::2026-05-04.15:50:54::SCWDomain:: Using the QEMU args  from install at  : C:/Xilinx/Vitis/2023.1/data/emulation/platforms/zynq/sw/a9_standalone/qemu/qemu_args.txt
TRACE::2026-05-04.15:50:54::SCWPlatform::Trying to open the hw design at C:/Xilinx/ECE_520/Sandbox/threat_detection_vitis/threat_app3/hw/threat_detector_bd_wrapper2.xsa
TRACE::2026-05-04.15:50:54::SCWPlatform::DSA given C:/Xilinx/ECE_520/Sandbox/threat_detection_vitis/threat_app3/hw/threat_detector_bd_wrapper2.xsa
TRACE::2026-05-04.15:50:54::SCWPlatform::DSA absoulate path C:/Xilinx/ECE_520/Sandbox/threat_detection_vitis/threat_app3/hw/threat_detector_bd_wrapper2.xsa
TRACE::2026-05-04.15:50:54::SCWPlatform::DSA directory C:/Xilinx/ECE_520/Sandbox/threat_detection_vitis/threat_app3/hw
TRACE::2026-05-04.15:50:54::SCWPlatform:: Platform Path C:/Xilinx/ECE_520/Sandbox/threat_detection_vitis/threat_app3/hw/threat_detector_bd_wrapper2.xsa
TRACE::2026-05-04.15:50:54::SCWPlatform:: Unique name xilinx:zybo-z7-10::0.0
TRACE::2026-05-04.15:50:54::SCWPlatform::Trying to set the existing hwdb with name threat_detector_bd_wrapper_1
TRACE::2026-05-04.15:50:54::SCWPlatform::Opened existing hwdb threat_detector_bd_wrapper_1
TRACE::2026-05-04.15:50:54::SCWPlatform::Found the Hw Db part of the input DSA
TRACE::2026-05-04.15:50:54::SCWPlatform::Trying to open the hw design at C:/Xilinx/ECE_520/Sandbox/threat_detection_vitis/threat_app3/hw/threat_detector_bd_wrapper2.xsa
TRACE::2026-05-04.15:50:54::SCWPlatform::DSA given C:/Xilinx/ECE_520/Sandbox/threat_detection_vitis/threat_app3/hw/threat_detector_bd_wrapper2.xsa
TRACE::2026-05-04.15:50:54::SCWPlatform::DSA absoulate path C:/Xilinx/ECE_520/Sandbox/threat_detection_vitis/threat_app3/hw/threat_detector_bd_wrapper2.xsa
TRACE::2026-05-04.15:50:54::SCWPlatform::DSA directory C:/Xilinx/ECE_520/Sandbox/threat_detection_vitis/threat_app3/hw
TRACE::2026-05-04.15:50:54::SCWPlatform:: Platform Path C:/Xilinx/ECE_520/Sandbox/threat_detection_vitis/threat_app3/hw/threat_detector_bd_wrapper2.xsa
TRACE::2026-05-04.15:50:54::SCWPlatform:: Unique name xilinx:zybo-z7-10::0.0
TRACE::2026-05-04.15:50:54::SCWPlatform::Trying to set the existing hwdb with name threat_detector_bd_wrapper_1
TRACE::2026-05-04.15:50:54::SCWPlatform::Opened existing hwdb threat_detector_bd_wrapper_1
TRACE::2026-05-04.15:50:54::SCWPlatform::Found the Hw Db part of the input DSA
TRACE::2026-05-04.15:50:54::SCWPlatform::Trying to open the hw design at C:/Xilinx/ECE_520/Sandbox/threat_detection_vitis/threat_app3/hw/threat_detector_bd_wrapper2.xsa
TRACE::2026-05-04.15:50:54::SCWPlatform::DSA given C:/Xilinx/ECE_520/Sandbox/threat_detection_vitis/threat_app3/hw/threat_detector_bd_wrapper2.xsa
TRACE::2026-05-04.15:50:54::SCWPlatform::DSA absoulate path C:/Xilinx/ECE_520/Sandbox/threat_detection_vitis/threat_app3/hw/threat_detector_bd_wrapper2.xsa
TRACE::2026-05-04.15:50:54::SCWPlatform::DSA directory C:/Xilinx/ECE_520/Sandbox/threat_detection_vitis/threat_app3/hw
TRACE::2026-05-04.15:50:54::SCWPlatform:: Platform Path C:/Xilinx/ECE_520/Sandbox/threat_detection_vitis/threat_app3/hw/threat_detector_bd_wrapper2.xsa
TRACE::2026-05-04.15:50:54::SCWPlatform:: Unique name xilinx:zybo-z7-10::0.0
TRACE::2026-05-04.15:50:54::SCWPlatform::Trying to set the existing hwdb with name threat_detector_bd_wrapper_1
TRACE::2026-05-04.15:50:54::SCWPlatform::Opened existing hwdb threat_detector_bd_wrapper_1
TRACE::2026-05-04.15:50:54::SCWPlatform::Found the Hw Db part of the input DSA
TRACE::2026-05-04.15:50:54::SCWReader::Boot application domain added for zynq_fsbl
TRACE::2026-05-04.15:50:54::SCWPlatform::Trying to open the hw design at C:/Xilinx/ECE_520/Sandbox/threat_detection_vitis/threat_app3/hw/threat_detector_bd_wrapper2.xsa
TRACE::2026-05-04.15:50:54::SCWPlatform::DSA given C:/Xilinx/ECE_520/Sandbox/threat_detection_vitis/threat_app3/hw/threat_detector_bd_wrapper2.xsa
TRACE::2026-05-04.15:50:54::SCWPlatform::DSA absoulate path C:/Xilinx/ECE_520/Sandbox/threat_detection_vitis/threat_app3/hw/threat_detector_bd_wrapper2.xsa
TRACE::2026-05-04.15:50:54::SCWPlatform::DSA directory C:/Xilinx/ECE_520/Sandbox/threat_detection_vitis/threat_app3/hw
TRACE::2026-05-04.15:50:54::SCWPlatform:: Platform Path C:/Xilinx/ECE_520/Sandbox/threat_detection_vitis/threat_app3/hw/threat_detector_bd_wrapper2.xsa
TRACE::2026-05-04.15:50:54::SCWPlatform:: Unique name xilinx:zybo-z7-10::0.0
TRACE::2026-05-04.15:50:54::SCWPlatform::Trying to set the existing hwdb with name threat_detector_bd_wrapper_1
TRACE::2026-05-04.15:50:54::SCWPlatform::Opened existing hwdb threat_detector_bd_wrapper_1
TRACE::2026-05-04.15:50:54::SCWPlatform::Found the Hw Db part of the input DSA
TRACE::2026-05-04.15:50:54::SCWMssOS::Checking the sw design at  C:/Xilinx/ECE_520/Sandbox/threat_detection_vitis/threat_app3/zynq_fsbl/zynq_fsbl_bsp/system.mss
TRACE::2026-05-04.15:50:54::SCWMssOS::DEBUG:  swdes dump  
TRACE::2026-05-04.15:50:54::SCWMssOS::No sw design opened at  C:/Xilinx/ECE_520/Sandbox/threat_detection_vitis/threat_app3/zynq_fsbl/zynq_fsbl_bsp/system.mss
TRACE::2026-05-04.15:50:54::SCWMssOS::mss exists loading the mss file  C:/Xilinx/ECE_520/Sandbox/threat_detection_vitis/threat_app3/zynq_fsbl/zynq_fsbl_bsp/system.mss
TRACE::2026-05-04.15:50:54::SCWMssOS::Opened the sw design from mss  C:/Xilinx/ECE_520/Sandbox/threat_detection_vitis/threat_app3/zynq_fsbl/zynq_fsbl_bsp/system.mss
TRACE::2026-05-04.15:50:54::SCWMssOS::Adding the swdes entry C:/Xilinx/ECE_520/Sandbox/threat_detection_vitis/threat_app3/zynq_fsbl/zynq_fsbl_bsp/system.mss with des name system
TRACE::2026-05-04.15:50:54::SCWMssOS::updating the scw layer about changes
TRACE::2026-05-04.15:50:54::SCWMssOS::Opened the sw design.  C:/Xilinx/ECE_520/Sandbox/threat_detection_vitis/threat_app3/zynq_fsbl/zynq_fsbl_bsp/system.mss
TRACE::2026-05-04.15:50:54::SCWPlatform::Trying to open the hw design at C:/Xilinx/ECE_520/Sandbox/threat_detection_vitis/threat_app3/hw/threat_detector_bd_wrapper2.xsa
TRACE::2026-05-04.15:50:54::SCWPlatform::DSA given C:/Xilinx/ECE_520/Sandbox/threat_detection_vitis/threat_app3/hw/threat_detector_bd_wrapper2.xsa
TRACE::2026-05-04.15:50:54::SCWPlatform::DSA absoulate path C:/Xilinx/ECE_520/Sandbox/threat_detection_vitis/threat_app3/hw/threat_detector_bd_wrapper2.xsa
TRACE::2026-05-04.15:50:54::SCWPlatform::DSA directory C:/Xilinx/ECE_520/Sandbox/threat_detection_vitis/threat_app3/hw
TRACE::2026-05-04.15:50:54::SCWPlatform:: Platform Path C:/Xilinx/ECE_520/Sandbox/threat_detection_vitis/threat_app3/hw/threat_detector_bd_wrapper2.xsa
TRACE::2026-05-04.15:50:54::SCWPlatform:: Unique name xilinx:zybo-z7-10::0.0
TRACE::2026-05-04.15:50:54::SCWPlatform::Trying to set the existing hwdb with name threat_detector_bd_wrapper_1
TRACE::2026-05-04.15:50:54::SCWPlatform::Opened existing hwdb threat_detector_bd_wrapper_1
TRACE::2026-05-04.15:50:54::SCWPlatform::Found the Hw Db part of the input DSA
TRACE::2026-05-04.15:50:54::SCWMssOS::Checking the sw design at  C:/Xilinx/ECE_520/Sandbox/threat_detection_vitis/threat_app3/zynq_fsbl/zynq_fsbl_bsp/system.mss
TRACE::2026-05-04.15:50:54::SCWMssOS::DEBUG:  swdes dump  C:/Xilinx/ECE_520/Sandbox/threat_detection_vitis/threat_app3/zynq_fsbl/zynq_fsbl_bsp/system.mss|system||

TRACE::2026-05-04.15:50:54::SCWMssOS::Sw design exists and opened at  C:/Xilinx/ECE_520/Sandbox/threat_detection_vitis/threat_app3/zynq_fsbl/zynq_fsbl_bsp/system.mss
TRACE::2026-05-04.15:50:54::SCWMssOS:: library already available in sw design:  xilffs:5.0
TRACE::2026-05-04.15:50:54::SCWPlatform::Trying to open the hw design at C:/Xilinx/ECE_520/Sandbox/threat_detection_vitis/threat_app3/hw/threat_detector_bd_wrapper2.xsa
TRACE::2026-05-04.15:50:54::SCWPlatform::DSA given C:/Xilinx/ECE_520/Sandbox/threat_detection_vitis/threat_app3/hw/threat_detector_bd_wrapper2.xsa
TRACE::2026-05-04.15:50:54::SCWPlatform::DSA absoulate path C:/Xilinx/ECE_520/Sandbox/threat_detection_vitis/threat_app3/hw/threat_detector_bd_wrapper2.xsa
TRACE::2026-05-04.15:50:54::SCWPlatform::DSA directory C:/Xilinx/ECE_520/Sandbox/threat_detection_vitis/threat_app3/hw
TRACE::2026-05-04.15:50:54::SCWPlatform:: Platform Path C:/Xilinx/ECE_520/Sandbox/threat_detection_vitis/threat_app3/hw/threat_detector_bd_wrapper2.xsa
TRACE::2026-05-04.15:50:54::SCWPlatform:: Unique name xilinx:zybo-z7-10::0.0
TRACE::2026-05-04.15:50:54::SCWPlatform::Trying to set the existing hwdb with name threat_detector_bd_wrapper_1
TRACE::2026-05-04.15:50:54::SCWPlatform::Opened existing hwdb threat_detector_bd_wrapper_1
TRACE::2026-05-04.15:50:54::SCWPlatform::Found the Hw Db part of the input DSA
TRACE::2026-05-04.15:50:54::SCWMssOS::Checking the sw design at  C:/Xilinx/ECE_520/Sandbox/threat_detection_vitis/threat_app3/zynq_fsbl/zynq_fsbl_bsp/system.mss
TRACE::2026-05-04.15:50:54::SCWMssOS::DEBUG:  swdes dump  C:/Xilinx/ECE_520/Sandbox/threat_detection_vitis/threat_app3/zynq_fsbl/zynq_fsbl_bsp/system.mss|system||

TRACE::2026-05-04.15:50:54::SCWMssOS::Sw design exists and opened at  C:/Xilinx/ECE_520/Sandbox/threat_detection_vitis/threat_app3/zynq_fsbl/zynq_fsbl_bsp/system.mss
TRACE::2026-05-04.15:50:54::SCWMssOS:: library already available in sw design:  xilrsa:1.6
TRACE::2026-05-04.15:50:54::SCWMssOS::Saving the mss changes C:/Xilinx/ECE_520/Sandbox/threat_detection_vitis/threat_app3/zynq_fsbl/zynq_fsbl_bsp/system.mss
TRACE::2026-05-04.15:50:54::SCWMssOS::Found a swdesign opened with the mssfile.
TRACE::2026-05-04.15:50:54::SCWMssOS::Completed writemss as part of save.
TRACE::2026-05-04.15:50:54::SCWMssOS::Commit changes completed.
TRACE::2026-05-04.15:50:54::SCWReader::Adding prebuilt librarypaths as   
TRACE::2026-05-04.15:50:54::SCWReader::Adding prebuilt incpaths  as   
TRACE::2026-05-04.15:50:54::SCWPlatform::Trying to open the hw design at C:/Xilinx/ECE_520/Sandbox/threat_detection_vitis/threat_app3/hw/threat_detector_bd_wrapper2.xsa
TRACE::2026-05-04.15:50:54::SCWPlatform::DSA given C:/Xilinx/ECE_520/Sandbox/threat_detection_vitis/threat_app3/hw/threat_detector_bd_wrapper2.xsa
TRACE::2026-05-04.15:50:54::SCWPlatform::DSA absoulate path C:/Xilinx/ECE_520/Sandbox/threat_detection_vitis/threat_app3/hw/threat_detector_bd_wrapper2.xsa
TRACE::2026-05-04.15:50:54::SCWPlatform::DSA directory C:/Xilinx/ECE_520/Sandbox/threat_detection_vitis/threat_app3/hw
TRACE::2026-05-04.15:50:54::SCWPlatform:: Platform Path C:/Xilinx/ECE_520/Sandbox/threat_detection_vitis/threat_app3/hw/threat_detector_bd_wrapper2.xsa
TRACE::2026-05-04.15:50:54::SCWPlatform:: Unique name xilinx:zybo-z7-10::0.0
TRACE::2026-05-04.15:50:54::SCWPlatform::Trying to set the existing hwdb with name threat_detector_bd_wrapper_1
TRACE::2026-05-04.15:50:54::SCWPlatform::Opened existing hwdb threat_detector_bd_wrapper_1
TRACE::2026-05-04.15:50:54::SCWPlatform::Found the Hw Db part of the input DSA
TRACE::2026-05-04.15:50:54::SCWMssOS::Checking the sw design at  C:/Xilinx/ECE_520/Sandbox/threat_detection_vitis/threat_app3/zynq_fsbl/zynq_fsbl_bsp/system.mss
TRACE::2026-05-04.15:50:54::SCWMssOS::DEBUG:  swdes dump  C:/Xilinx/ECE_520/Sandbox/threat_detection_vitis/threat_app3/zynq_fsbl/zynq_fsbl_bsp/system.mss|system||

TRACE::2026-05-04.15:50:54::SCWMssOS::Sw design exists and opened at  C:/Xilinx/ECE_520/Sandbox/threat_detection_vitis/threat_app3/zynq_fsbl/zynq_fsbl_bsp/system.mss
TRACE::2026-05-04.15:50:54::SCWReader::No isolation master present  
TRACE::2026-05-04.15:50:54::SCWDomain::checking for install qemu data   : 
TRACE::2026-05-04.15:50:54::SCWDomain:: Using the QEMU Data from install at  : C:/Xilinx/Vitis/2023.1/data/emulation/platforms/zynq/sw/a9_standalone/qemu/
TRACE::2026-05-04.15:50:54::SCWDomain:: Using the QEMU args  from install at  : C:/Xilinx/Vitis/2023.1/data/emulation/platforms/zynq/sw/a9_standalone/qemu/qemu_args.txt
TRACE::2026-05-04.15:50:54::SCWPlatform::Trying to open the hw design at C:/Xilinx/ECE_520/Sandbox/threat_detection_vitis/threat_app3/hw/threat_detector_bd_wrapper2.xsa
TRACE::2026-05-04.15:50:54::SCWPlatform::DSA given C:/Xilinx/ECE_520/Sandbox/threat_detection_vitis/threat_app3/hw/threat_detector_bd_wrapper2.xsa
TRACE::2026-05-04.15:50:54::SCWPlatform::DSA absoulate path C:/Xilinx/ECE_520/Sandbox/threat_detection_vitis/threat_app3/hw/threat_detector_bd_wrapper2.xsa
TRACE::2026-05-04.15:50:54::SCWPlatform::DSA directory C:/Xilinx/ECE_520/Sandbox/threat_detection_vitis/threat_app3/hw
TRACE::2026-05-04.15:50:54::SCWPlatform:: Platform Path C:/Xilinx/ECE_520/Sandbox/threat_detection_vitis/threat_app3/hw/threat_detector_bd_wrapper2.xsa
TRACE::2026-05-04.15:50:54::SCWPlatform:: Unique name xilinx:zybo-z7-10::0.0
TRACE::2026-05-04.15:50:54::SCWPlatform::Trying to set the existing hwdb with name threat_detector_bd_wrapper_1
TRACE::2026-05-04.15:50:54::SCWPlatform::Opened existing hwdb threat_detector_bd_wrapper_1
TRACE::2026-05-04.15:50:54::SCWPlatform::Found the Hw Db part of the input DSA
TRACE::2026-05-04.15:50:54::SCWPlatform::Trying to open the hw design at C:/Xilinx/ECE_520/Sandbox/threat_detection_vitis/threat_app3/hw/threat_detector_bd_wrapper2.xsa
TRACE::2026-05-04.15:50:54::SCWPlatform::DSA given C:/Xilinx/ECE_520/Sandbox/threat_detection_vitis/threat_app3/hw/threat_detector_bd_wrapper2.xsa
TRACE::2026-05-04.15:50:54::SCWPlatform::DSA absoulate path C:/Xilinx/ECE_520/Sandbox/threat_detection_vitis/threat_app3/hw/threat_detector_bd_wrapper2.xsa
TRACE::2026-05-04.15:50:54::SCWPlatform::DSA directory C:/Xilinx/ECE_520/Sandbox/threat_detection_vitis/threat_app3/hw
TRACE::2026-05-04.15:50:54::SCWPlatform:: Platform Path C:/Xilinx/ECE_520/Sandbox/threat_detection_vitis/threat_app3/hw/threat_detector_bd_wrapper2.xsa
TRACE::2026-05-04.15:50:54::SCWPlatform:: Unique name xilinx:zybo-z7-10::0.0
TRACE::2026-05-04.15:50:54::SCWPlatform::Trying to set the existing hwdb with name threat_detector_bd_wrapper_1
TRACE::2026-05-04.15:50:54::SCWPlatform::Opened existing hwdb threat_detector_bd_wrapper_1
TRACE::2026-05-04.15:50:54::SCWPlatform::Found the Hw Db part of the input DSA
TRACE::2026-05-04.15:50:54::SCWPlatform::Trying to open the hw design at C:/Xilinx/ECE_520/Sandbox/threat_detection_vitis/threat_app3/hw/threat_detector_bd_wrapper2.xsa
TRACE::2026-05-04.15:50:54::SCWPlatform::DSA given C:/Xilinx/ECE_520/Sandbox/threat_detection_vitis/threat_app3/hw/threat_detector_bd_wrapper2.xsa
TRACE::2026-05-04.15:50:54::SCWPlatform::DSA absoulate path C:/Xilinx/ECE_520/Sandbox/threat_detection_vitis/threat_app3/hw/threat_detector_bd_wrapper2.xsa
TRACE::2026-05-04.15:50:54::SCWPlatform::DSA directory C:/Xilinx/ECE_520/Sandbox/threat_detection_vitis/threat_app3/hw
TRACE::2026-05-04.15:50:54::SCWPlatform:: Platform Path C:/Xilinx/ECE_520/Sandbox/threat_detection_vitis/threat_app3/hw/threat_detector_bd_wrapper2.xsa
TRACE::2026-05-04.15:50:54::SCWPlatform:: Unique name xilinx:zybo-z7-10::0.0
TRACE::2026-05-04.15:50:54::SCWPlatform::Trying to set the existing hwdb with name threat_detector_bd_wrapper_1
TRACE::2026-05-04.15:50:54::SCWPlatform::Opened existing hwdb threat_detector_bd_wrapper_1
TRACE::2026-05-04.15:50:54::SCWPlatform::Found the Hw Db part of the input DSA
TRACE::2026-05-04.15:50:54::SCWMssOS::Checking the sw design at  C:/Xilinx/ECE_520/Sandbox/threat_detection_vitis/threat_app3/ps7_cortexa9_0/standalone_domain/bsp/system.mss
TRACE::2026-05-04.15:50:54::SCWMssOS::DEBUG:  swdes dump  C:/Xilinx/ECE_520/Sandbox/threat_detection_vitis/threat_app3/zynq_fsbl/zynq_fsbl_bsp/system.mss|system||

TRACE::2026-05-04.15:50:54::SCWMssOS::No sw design opened at  C:/Xilinx/ECE_520/Sandbox/threat_detection_vitis/threat_app3/ps7_cortexa9_0/standalone_domain/bsp/system.mss
TRACE::2026-05-04.15:50:54::SCWMssOS::mss exists loading the mss file  C:/Xilinx/ECE_520/Sandbox/threat_detection_vitis/threat_app3/ps7_cortexa9_0/standalone_domain/bsp/system.mss
TRACE::2026-05-04.15:50:54::SCWMssOS::Opened the sw design from mss  C:/Xilinx/ECE_520/Sandbox/threat_detection_vitis/threat_app3/ps7_cortexa9_0/standalone_domain/bsp/system.mss
TRACE::2026-05-04.15:50:54::SCWMssOS::Adding the swdes entry C:/Xilinx/ECE_520/Sandbox/threat_detection_vitis/threat_app3/ps7_cortexa9_0/standalone_domain/bsp/system.mss with des name system_0
TRACE::2026-05-04.15:50:54::SCWMssOS::updating the scw layer about changes
TRACE::2026-05-04.15:50:55::SCWMssOS::Opened the sw design.  C:/Xilinx/ECE_520/Sandbox/threat_detection_vitis/threat_app3/ps7_cortexa9_0/standalone_domain/bsp/system.mss
TRACE::2026-05-04.15:50:55::SCWMssOS::Saving the mss changes C:/Xilinx/ECE_520/Sandbox/threat_detection_vitis/threat_app3/ps7_cortexa9_0/standalone_domain/bsp/system.mss
TRACE::2026-05-04.15:50:55::SCWMssOS::Found a swdesign opened with the mssfile.
TRACE::2026-05-04.15:50:55::SCWMssOS::Completed writemss as part of save.
TRACE::2026-05-04.15:50:55::SCWMssOS::Commit changes completed.
TRACE::2026-05-04.15:50:55::SCWReader::Adding prebuilt librarypaths as   
TRACE::2026-05-04.15:50:55::SCWReader::Adding prebuilt incpaths  as   
TRACE::2026-05-04.15:50:55::SCWPlatform::Trying to open the hw design at C:/Xilinx/ECE_520/Sandbox/threat_detection_vitis/threat_app3/hw/threat_detector_bd_wrapper2.xsa
TRACE::2026-05-04.15:50:55::SCWPlatform::DSA given C:/Xilinx/ECE_520/Sandbox/threat_detection_vitis/threat_app3/hw/threat_detector_bd_wrapper2.xsa
TRACE::2026-05-04.15:50:55::SCWPlatform::DSA absoulate path C:/Xilinx/ECE_520/Sandbox/threat_detection_vitis/threat_app3/hw/threat_detector_bd_wrapper2.xsa
TRACE::2026-05-04.15:50:55::SCWPlatform::DSA directory C:/Xilinx/ECE_520/Sandbox/threat_detection_vitis/threat_app3/hw
TRACE::2026-05-04.15:50:55::SCWPlatform:: Platform Path C:/Xilinx/ECE_520/Sandbox/threat_detection_vitis/threat_app3/hw/threat_detector_bd_wrapper2.xsa
TRACE::2026-05-04.15:50:55::SCWPlatform:: Unique name xilinx:zybo-z7-10::0.0
TRACE::2026-05-04.15:50:55::SCWPlatform::Trying to set the existing hwdb with name threat_detector_bd_wrapper_1
TRACE::2026-05-04.15:50:55::SCWPlatform::Opened existing hwdb threat_detector_bd_wrapper_1
TRACE::2026-05-04.15:50:55::SCWPlatform::Found the Hw Db part of the input DSA
TRACE::2026-05-04.15:50:55::SCWMssOS::Checking the sw design at  C:/Xilinx/ECE_520/Sandbox/threat_detection_vitis/threat_app3/ps7_cortexa9_0/standalone_domain/bsp/system.mss
TRACE::2026-05-04.15:50:55::SCWMssOS::DEBUG:  swdes dump  C:/Xilinx/ECE_520/Sandbox/threat_detection_vitis/threat_app3/ps7_cortexa9_0/standalone_domain/bsp/system.mss|system_0||
C:/Xilinx/ECE_520/Sandbox/threat_detection_vitis/threat_app3/zynq_fsbl/zynq_fsbl_bsp/system.mss|system||

TRACE::2026-05-04.15:50:55::SCWMssOS::Sw design exists and opened at  C:/Xilinx/ECE_520/Sandbox/threat_detection_vitis/threat_app3/ps7_cortexa9_0/standalone_domain/bsp/system.mss
TRACE::2026-05-04.15:50:55::SCWReader::No isolation master present  
LOG::2026-05-04.15:51:02::SCWPlatform::Started generating the artifacts platform threat_app3
TRACE::2026-05-04.15:51:02::SCWPlatform::Sanity checking of platform is completed
LOG::2026-05-04.15:51:02::SCWPlatform::Started generating the artifacts for system configuration threat_app3
LOG::2026-05-04.15:51:02::SCWSystem::Checking the domain zynq_fsbl
LOG::2026-05-04.15:51:02::SCWSystem::Doing application build for :  zynq_fsbl
TRACE::2026-05-04.15:51:02::SCWBDomain::Not a forced makefile updation, No changes are present. 
TRACE::2026-05-04.15:51:02::SCWDomain::Building the domain as part of full build :  zynq_fsbl
TRACE::2026-05-04.15:51:02::SCWPlatform::Trying to open the hw design at C:/Xilinx/ECE_520/Sandbox/threat_detection_vitis/threat_app3/hw/threat_detector_bd_wrapper2.xsa
TRACE::2026-05-04.15:51:02::SCWPlatform::DSA given C:/Xilinx/ECE_520/Sandbox/threat_detection_vitis/threat_app3/hw/threat_detector_bd_wrapper2.xsa
TRACE::2026-05-04.15:51:02::SCWPlatform::DSA absoulate path C:/Xilinx/ECE_520/Sandbox/threat_detection_vitis/threat_app3/hw/threat_detector_bd_wrapper2.xsa
TRACE::2026-05-04.15:51:02::SCWPlatform::DSA directory C:/Xilinx/ECE_520/Sandbox/threat_detection_vitis/threat_app3/hw
TRACE::2026-05-04.15:51:02::SCWPlatform:: Platform Path C:/Xilinx/ECE_520/Sandbox/threat_detection_vitis/threat_app3/hw/threat_detector_bd_wrapper2.xsa
TRACE::2026-05-04.15:51:02::SCWPlatform:: Unique name xilinx:zybo-z7-10::0.0
TRACE::2026-05-04.15:51:02::SCWPlatform::Trying to set the existing hwdb with name threat_detector_bd_wrapper_1
TRACE::2026-05-04.15:51:02::SCWPlatform::Opened existing hwdb threat_detector_bd_wrapper_1
TRACE::2026-05-04.15:51:02::SCWPlatform::Found the Hw Db part of the input DSA
TRACE::2026-05-04.15:51:02::SCWMssOS::Checking the sw design at  C:/Xilinx/ECE_520/Sandbox/threat_detection_vitis/threat_app3/zynq_fsbl/zynq_fsbl_bsp/system.mss
TRACE::2026-05-04.15:51:02::SCWMssOS::DEBUG:  swdes dump  C:/Xilinx/ECE_520/Sandbox/threat_detection_vitis/threat_app3/ps7_cortexa9_0/standalone_domain/bsp/system.mss|system_0||
C:/Xilinx/ECE_520/Sandbox/threat_detection_vitis/threat_app3/zynq_fsbl/zynq_fsbl_bsp/system.mss|system||

TRACE::2026-05-04.15:51:02::SCWMssOS::Sw design exists and opened at  C:/Xilinx/ECE_520/Sandbox/threat_detection_vitis/threat_app3/zynq_fsbl/zynq_fsbl_bsp/system.mss
TRACE::2026-05-04.15:51:02::SCWBDomain::Completed writing the mss file at C:/Xilinx/ECE_520/Sandbox/threat_detection_vitis/threat_app3/zynq_fsbl/zynq_fsbl_bsp
TRACE::2026-05-04.15:51:02::SCWBDomain::bsp generated is upto date with the mss file. Skipping bsp generation.
TRACE::2026-05-04.15:51:02::SCWBDomain::Not a forced makefile updation, No changes are present. 
TRACE::2026-05-04.15:51:02::SCWBDomain::System Command Ran  C:&  cd  C:/Xilinx/ECE_520/Sandbox/threat_detection_vitis/threat_app3/zynq_fsbl& make -C  zynq_fsbl_bsp & make 
TRACE::2026-05-04.15:51:02::SCWBDomain::make: Entering directory 'C:/Xilinx/ECE_520/Sandbox/threat_detection_vitis/threat_app3/zynq_fsbl/zynq_fsbl_bsp'

TRACE::2026-05-04.15:51:02::SCWBDomain::make --no-print-directory seq_libs

TRACE::2026-05-04.15:51:02::SCWBDomain::"Running Make include in ps7_cortexa9_0/libsrc/coresightps_dcc_v1_8/src"

TRACE::2026-05-04.15:51:02::SCWBDomain::make -C ps7_cortexa9_0/libsrc/coresightps_dcc_v1_8/src -s include  "SHELL=CMD" "COMPILER=arm-none-eabi-gcc" "ASSEMBLER=arm-none
TRACE::2026-05-04.15:51:02::SCWBDomain::-eabi-as" "ARCHIVER=arm-none-eabi-ar" "COMPILER_FLAGS=  -O2 -c" "EXTRA_COMPILER_FLAGS=-mcpu=cortex-a9 -mfpu=vfpv3 -mfloat-abi=h
TRACE::2026-05-04.15:51:02::SCWBDomain::ard -nostartfiles -g -Wall -Wextra -fno-tree-loop-distribute-patterns"

TRACE::2026-05-04.15:51:02::SCWBDomain::"Running Make include in ps7_cortexa9_0/libsrc/cpu_cortexa9_v2_11/src"

TRACE::2026-05-04.15:51:02::SCWBDomain::make -C ps7_cortexa9_0/libsrc/cpu_cortexa9_v2_11/src -s include  "SHELL=CMD" "COMPILER=arm-none-eabi-gcc" "ASSEMBLER=arm-none-e
TRACE::2026-05-04.15:51:02::SCWBDomain::abi-as" "ARCHIVER=arm-none-eabi-ar" "COMPILER_FLAGS=  -O2 -c" "EXTRA_COMPILER_FLAGS=-mcpu=cortex-a9 -mfpu=vfpv3 -mfloat-abi=har
TRACE::2026-05-04.15:51:02::SCWBDomain::d -nostartfiles -g -Wall -Wextra -fno-tree-loop-distribute-patterns"

TRACE::2026-05-04.15:51:02::SCWBDomain::"Running Make include in ps7_cortexa9_0/libsrc/ddrps_v1_2/src"

TRACE::2026-05-04.15:51:02::SCWBDomain::make -C ps7_cortexa9_0/libsrc/ddrps_v1_2/src -s include  "SHELL=CMD" "COMPILER=arm-none-eabi-gcc" "ASSEMBLER=arm-none-eabi-as" 
TRACE::2026-05-04.15:51:02::SCWBDomain::"ARCHIVER=arm-none-eabi-ar" "COMPILER_FLAGS=  -O2 -c" "EXTRA_COMPILER_FLAGS=-mcpu=cortex-a9 -mfpu=vfpv3 -mfloat-abi=hard -nosta
TRACE::2026-05-04.15:51:02::SCWBDomain::rtfiles -g -Wall -Wextra -fno-tree-loop-distribute-patterns"

TRACE::2026-05-04.15:51:03::SCWBDomain::"Running Make include in ps7_cortexa9_0/libsrc/devcfg_v3_7/src"

TRACE::2026-05-04.15:51:03::SCWBDomain::make -C ps7_cortexa9_0/libsrc/devcfg_v3_7/src -s include  "SHELL=CMD" "COMPILER=arm-none-eabi-gcc" "ASSEMBLER=arm-none-eabi-as"
TRACE::2026-05-04.15:51:03::SCWBDomain:: "ARCHIVER=arm-none-eabi-ar" "COMPILER_FLAGS=  -O2 -c" "EXTRA_COMPILER_FLAGS=-mcpu=cortex-a9 -mfpu=vfpv3 -mfloat-abi=hard -nost
TRACE::2026-05-04.15:51:03::SCWBDomain::artfiles -g -Wall -Wextra -fno-tree-loop-distribute-patterns"

TRACE::2026-05-04.15:51:03::SCWBDomain::"Running Make include in ps7_cortexa9_0/libsrc/dmaps_v2_8/src"

TRACE::2026-05-04.15:51:03::SCWBDomain::make -C ps7_cortexa9_0/libsrc/dmaps_v2_8/src -s include  "SHELL=CMD" "COMPILER=arm-none-eabi-gcc" "ASSEMBLER=arm-none-eabi-as" 
TRACE::2026-05-04.15:51:03::SCWBDomain::"ARCHIVER=arm-none-eabi-ar" "COMPILER_FLAGS=  -O2 -c" "EXTRA_COMPILER_FLAGS=-mcpu=cortex-a9 -mfpu=vfpv3 -mfloat-abi=hard -nosta
TRACE::2026-05-04.15:51:03::SCWBDomain::rtfiles -g -Wall -Wextra -fno-tree-loop-distribute-patterns"

TRACE::2026-05-04.15:51:03::SCWBDomain::"Running Make include in ps7_cortexa9_0/libsrc/emacps_v3_18/src"

TRACE::2026-05-04.15:51:03::SCWBDomain::make -C ps7_cortexa9_0/libsrc/emacps_v3_18/src -s include  "SHELL=CMD" "COMPILER=arm-none-eabi-gcc" "ASSEMBLER=arm-none-eabi-as
TRACE::2026-05-04.15:51:03::SCWBDomain::" "ARCHIVER=arm-none-eabi-ar" "COMPILER_FLAGS=  -O2 -c" "EXTRA_COMPILER_FLAGS=-mcpu=cortex-a9 -mfpu=vfpv3 -mfloat-abi=hard -nos
TRACE::2026-05-04.15:51:03::SCWBDomain::tartfiles -g -Wall -Wextra -fno-tree-loop-distribute-patterns"

TRACE::2026-05-04.15:51:03::SCWBDomain::"Running Make include in ps7_cortexa9_0/libsrc/gpiops_v3_11/src"

TRACE::2026-05-04.15:51:03::SCWBDomain::make -C ps7_cortexa9_0/libsrc/gpiops_v3_11/src -s include  "SHELL=CMD" "COMPILER=arm-none-eabi-gcc" "ASSEMBLER=arm-none-eabi-as
TRACE::2026-05-04.15:51:03::SCWBDomain::" "ARCHIVER=arm-none-eabi-ar" "COMPILER_FLAGS=  -O2 -c" "EXTRA_COMPILER_FLAGS=-mcpu=cortex-a9 -mfpu=vfpv3 -mfloat-abi=hard -nos
TRACE::2026-05-04.15:51:03::SCWBDomain::tartfiles -g -Wall -Wextra -fno-tree-loop-distribute-patterns"

TRACE::2026-05-04.15:51:03::SCWBDomain::"Running Make include in ps7_cortexa9_0/libsrc/qspips_v3_10/src"

TRACE::2026-05-04.15:51:03::SCWBDomain::make -C ps7_cortexa9_0/libsrc/qspips_v3_10/src -s include  "SHELL=CMD" "COMPILER=arm-none-eabi-gcc" "ASSEMBLER=arm-none-eabi-as
TRACE::2026-05-04.15:51:03::SCWBDomain::" "ARCHIVER=arm-none-eabi-ar" "COMPILER_FLAGS=  -O2 -c" "EXTRA_COMPILER_FLAGS=-mcpu=cortex-a9 -mfpu=vfpv3 -mfloat-abi=hard -nos
TRACE::2026-05-04.15:51:03::SCWBDomain::tartfiles -g -Wall -Wextra -fno-tree-loop-distribute-patterns"

TRACE::2026-05-04.15:51:03::SCWBDomain::"Running Make include in ps7_cortexa9_0/libsrc/scugic_v5_1/src"

TRACE::2026-05-04.15:51:03::SCWBDomain::make -C ps7_cortexa9_0/libsrc/scugic_v5_1/src -s include  "SHELL=CMD" "COMPILER=arm-none-eabi-gcc" "ASSEMBLER=arm-none-eabi-as"
TRACE::2026-05-04.15:51:03::SCWBDomain:: "ARCHIVER=arm-none-eabi-ar" "COMPILER_FLAGS=  -O2 -c" "EXTRA_COMPILER_FLAGS=-mcpu=cortex-a9 -mfpu=vfpv3 -mfloat-abi=hard -nost
TRACE::2026-05-04.15:51:03::SCWBDomain::artfiles -g -Wall -Wextra -fno-tree-loop-distribute-patterns"

TRACE::2026-05-04.15:51:03::SCWBDomain::"Running Make include in ps7_cortexa9_0/libsrc/scutimer_v2_4/src"

TRACE::2026-05-04.15:51:03::SCWBDomain::make -C ps7_cortexa9_0/libsrc/scutimer_v2_4/src -s include  "SHELL=CMD" "COMPILER=arm-none-eabi-gcc" "ASSEMBLER=arm-none-eabi-a
TRACE::2026-05-04.15:51:03::SCWBDomain::s" "ARCHIVER=arm-none-eabi-ar" "COMPILER_FLAGS=  -O2 -c" "EXTRA_COMPILER_FLAGS=-mcpu=cortex-a9 -mfpu=vfpv3 -mfloat-abi=hard -no
TRACE::2026-05-04.15:51:03::SCWBDomain::startfiles -g -Wall -Wextra -fno-tree-loop-distribute-patterns"

TRACE::2026-05-04.15:51:03::SCWBDomain::"Running Make include in ps7_cortexa9_0/libsrc/scuwdt_v2_4/src"

TRACE::2026-05-04.15:51:03::SCWBDomain::make -C ps7_cortexa9_0/libsrc/scuwdt_v2_4/src -s include  "SHELL=CMD" "COMPILER=arm-none-eabi-gcc" "ASSEMBLER=arm-none-eabi-as"
TRACE::2026-05-04.15:51:03::SCWBDomain:: "ARCHIVER=arm-none-eabi-ar" "COMPILER_FLAGS=  -O2 -c" "EXTRA_COMPILER_FLAGS=-mcpu=cortex-a9 -mfpu=vfpv3 -mfloat-abi=hard -nost
TRACE::2026-05-04.15:51:03::SCWBDomain::artfiles -g -Wall -Wextra -fno-tree-loop-distribute-patterns"

TRACE::2026-05-04.15:51:03::SCWBDomain::"Running Make include in ps7_cortexa9_0/libsrc/sdps_v4_1/src"

TRACE::2026-05-04.15:51:03::SCWBDomain::make -C ps7_cortexa9_0/libsrc/sdps_v4_1/src -s include  "SHELL=CMD" "COMPILER=arm-none-eabi-gcc" "ASSEMBLER=arm-none-eabi-as" "
TRACE::2026-05-04.15:51:03::SCWBDomain::ARCHIVER=arm-none-eabi-ar" "COMPILER_FLAGS=  -O2 -c" "EXTRA_COMPILER_FLAGS=-mcpu=cortex-a9 -mfpu=vfpv3 -mfloat-abi=hard -nostar
TRACE::2026-05-04.15:51:03::SCWBDomain::tfiles -g -Wall -Wextra -fno-tree-loop-distribute-patterns"

TRACE::2026-05-04.15:51:03::SCWBDomain::"Running Make include in ps7_cortexa9_0/libsrc/standalone_v8_1/src"

TRACE::2026-05-04.15:51:03::SCWBDomain::make -C ps7_cortexa9_0/libsrc/standalone_v8_1/src -s include  "SHELL=CMD" "COMPILER=arm-none-eabi-gcc" "ASSEMBLER=arm-none-eabi
TRACE::2026-05-04.15:51:03::SCWBDomain::-as" "ARCHIVER=arm-none-eabi-ar" "COMPILER_FLAGS=  -O2 -c" "EXTRA_COMPILER_FLAGS=-mcpu=cortex-a9 -mfpu=vfpv3 -mfloat-abi=hard -
TRACE::2026-05-04.15:51:03::SCWBDomain::nostartfiles -g -Wall -Wextra -fno-tree-loop-distribute-patterns"

TRACE::2026-05-04.15:51:04::SCWBDomain::"Running Make include in ps7_cortexa9_0/libsrc/threat_detector_v1_0/src"

TRACE::2026-05-04.15:51:04::SCWBDomain::make -C ps7_cortexa9_0/libsrc/threat_detector_v1_0/src -s include  "SHELL=CMD" "COMPILER=arm-none-eabi-gcc" "ASSEMBLER=arm-none
TRACE::2026-05-04.15:51:04::SCWBDomain::-eabi-as" "ARCHIVER=arm-none-eabi-ar" "COMPILER_FLAGS=  -O2 -c" "EXTRA_COMPILER_FLAGS=-mcpu=cortex-a9 -mfpu=vfpv3 -mfloat-abi=h
TRACE::2026-05-04.15:51:04::SCWBDomain::ard -nostartfiles -g -Wall -Wextra -fno-tree-loop-distribute-patterns"

TRACE::2026-05-04.15:51:04::SCWBDomain::"Running Make include in ps7_cortexa9_0/libsrc/uartps_v3_12/src"

TRACE::2026-05-04.15:51:04::SCWBDomain::make -C ps7_cortexa9_0/libsrc/uartps_v3_12/src -s include  "SHELL=CMD" "COMPILER=arm-none-eabi-gcc" "ASSEMBLER=arm-none-eabi-as
TRACE::2026-05-04.15:51:04::SCWBDomain::" "ARCHIVER=arm-none-eabi-ar" "COMPILER_FLAGS=  -O2 -c" "EXTRA_COMPILER_FLAGS=-mcpu=cortex-a9 -mfpu=vfpv3 -mfloat-abi=hard -nos
TRACE::2026-05-04.15:51:04::SCWBDomain::tartfiles -g -Wall -Wextra -fno-tree-loop-distribute-patterns"

TRACE::2026-05-04.15:51:04::SCWBDomain::"Running Make include in ps7_cortexa9_0/libsrc/usbps_v2_7/src"

TRACE::2026-05-04.15:51:04::SCWBDomain::make -C ps7_cortexa9_0/libsrc/usbps_v2_7/src -s include  "SHELL=CMD" "COMPILER=arm-none-eabi-gcc" "ASSEMBLER=arm-none-eabi-as" 
TRACE::2026-05-04.15:51:04::SCWBDomain::"ARCHIVER=arm-none-eabi-ar" "COMPILER_FLAGS=  -O2 -c" "EXTRA_COMPILER_FLAGS=-mcpu=cortex-a9 -mfpu=vfpv3 -mfloat-abi=hard -nosta
TRACE::2026-05-04.15:51:04::SCWBDomain::rtfiles -g -Wall -Wextra -fno-tree-loop-distribute-patterns"

TRACE::2026-05-04.15:51:04::SCWBDomain::"Running Make include in ps7_cortexa9_0/libsrc/xadcps_v2_6/src"

TRACE::2026-05-04.15:51:04::SCWBDomain::make -C ps7_cortexa9_0/libsrc/xadcps_v2_6/src -s include  "SHELL=CMD" "COMPILER=arm-none-eabi-gcc" "ASSEMBLER=arm-none-eabi-as"
TRACE::2026-05-04.15:51:04::SCWBDomain:: "ARCHIVER=arm-none-eabi-ar" "COMPILER_FLAGS=  -O2 -c" "EXTRA_COMPILER_FLAGS=-mcpu=cortex-a9 -mfpu=vfpv3 -mfloat-abi=hard -nost
TRACE::2026-05-04.15:51:04::SCWBDomain::artfiles -g -Wall -Wextra -fno-tree-loop-distribute-patterns"

TRACE::2026-05-04.15:51:04::SCWBDomain::"Running Make include in ps7_cortexa9_0/libsrc/xilffs_v5_0/src"

TRACE::2026-05-04.15:51:04::SCWBDomain::make -C ps7_cortexa9_0/libsrc/xilffs_v5_0/src -s include  "SHELL=CMD" "COMPILER=arm-none-eabi-gcc" "ASSEMBLER=arm-none-eabi-as"
TRACE::2026-05-04.15:51:04::SCWBDomain:: "ARCHIVER=arm-none-eabi-ar" "COMPILER_FLAGS=  -O2 -c" "EXTRA_COMPILER_FLAGS=-mcpu=cortex-a9 -mfpu=vfpv3 -mfloat-abi=hard -nost
TRACE::2026-05-04.15:51:04::SCWBDomain::artfiles -g -Wall -Wextra -fno-tree-loop-distribute-patterns"

TRACE::2026-05-04.15:51:05::SCWBDomain::"Running Make include in ps7_cortexa9_0/libsrc/xilrsa_v1_6/src"

TRACE::2026-05-04.15:51:05::SCWBDomain::make -C ps7_cortexa9_0/libsrc/xilrsa_v1_6/src -s include  "SHELL=CMD" "COMPILER=arm-none-eabi-gcc" "ASSEMBLER=arm-none-eabi-as"
TRACE::2026-05-04.15:51:05::SCWBDomain:: "ARCHIVER=arm-none-eabi-ar" "COMPILER_FLAGS=  -O2 -c" "EXTRA_COMPILER_FLAGS=-mcpu=cortex-a9 -mfpu=vfpv3 -mfloat-abi=hard -nost
TRACE::2026-05-04.15:51:05::SCWBDomain::artfiles -g -Wall -Wextra -fno-tree-loop-distribute-patterns"

TRACE::2026-05-04.15:51:05::SCWBDomain::"Running Make libs in ps7_cortexa9_0/libsrc/threat_detector_v1_0/src"

TRACE::2026-05-04.15:51:05::SCWBDomain::make -C ps7_cortexa9_0/libsrc/threat_detector_v1_0/src -s libs  "SHELL=CMD" "COMPILER=arm-none-eabi-gcc" "ASSEMBLER=arm-none-ea
TRACE::2026-05-04.15:51:05::SCWBDomain::bi-as" "ARCHIVER=arm-none-eabi-ar" "COMPILER_FLAGS=  -O2 -c" "EXTRA_COMPILER_FLAGS=-mcpu=cortex-a9 -mfpu=vfpv3 -mfloat-abi=hard
TRACE::2026-05-04.15:51:05::SCWBDomain:: -nostartfiles -g -Wall -Wextra -fno-tree-loop-distribute-patterns"

TRACE::2026-05-04.15:51:05::SCWBDomain::"Compiling threat_detector..."

TRACE::2026-05-04.15:51:05::SCWBDomain::make: Leaving directory 'C:/Xilinx/ECE_520/Sandbox/threat_detection_vitis/threat_app3/zynq_fsbl/zynq_fsbl_bsp'

TRACE::2026-05-04.15:51:05::SCWBDomain::make -C zynq_fsbl_bsp

TRACE::2026-05-04.15:51:05::SCWBDomain::make[1]: Entering directory 'C:/Xilinx/ECE_520/Sandbox/threat_detection_vitis/threat_app3/zynq_fsbl/zynq_fsbl_bsp'

TRACE::2026-05-04.15:51:05::SCWBDomain::make --no-print-directory seq_libs

TRACE::2026-05-04.15:51:05::SCWBDomain::"Running Make include in ps7_cortexa9_0/libsrc/coresightps_dcc_v1_8/src"

TRACE::2026-05-04.15:51:05::SCWBDomain::make -C ps7_cortexa9_0/libsrc/coresightps_dcc_v1_8/src -s include  "SHELL=CMD" "COMPILER=arm-none-eabi-gcc" "ASSEMBLER=arm-none
TRACE::2026-05-04.15:51:05::SCWBDomain::-eabi-as" "ARCHIVER=arm-none-eabi-ar" "COMPILER_FLAGS=  -O2 -c" "EXTRA_COMPILER_FLAGS=-mcpu=cortex-a9 -mfpu=vfpv3 -mfloat-abi=h
TRACE::2026-05-04.15:51:05::SCWBDomain::ard -nostartfiles -g -Wall -Wextra -fno-tree-loop-distribute-patterns"

TRACE::2026-05-04.15:51:05::SCWBDomain::"Running Make include in ps7_cortexa9_0/libsrc/cpu_cortexa9_v2_11/src"

TRACE::2026-05-04.15:51:05::SCWBDomain::make -C ps7_cortexa9_0/libsrc/cpu_cortexa9_v2_11/src -s include  "SHELL=CMD" "COMPILER=arm-none-eabi-gcc" "ASSEMBLER=arm-none-e
TRACE::2026-05-04.15:51:05::SCWBDomain::abi-as" "ARCHIVER=arm-none-eabi-ar" "COMPILER_FLAGS=  -O2 -c" "EXTRA_COMPILER_FLAGS=-mcpu=cortex-a9 -mfpu=vfpv3 -mfloat-abi=har
TRACE::2026-05-04.15:51:05::SCWBDomain::d -nostartfiles -g -Wall -Wextra -fno-tree-loop-distribute-patterns"

TRACE::2026-05-04.15:51:05::SCWBDomain::"Running Make include in ps7_cortexa9_0/libsrc/ddrps_v1_2/src"

TRACE::2026-05-04.15:51:05::SCWBDomain::make -C ps7_cortexa9_0/libsrc/ddrps_v1_2/src -s include  "SHELL=CMD" "COMPILER=arm-none-eabi-gcc" "ASSEMBLER=arm-none-eabi-as" 
TRACE::2026-05-04.15:51:05::SCWBDomain::"ARCHIVER=arm-none-eabi-ar" "COMPILER_FLAGS=  -O2 -c" "EXTRA_COMPILER_FLAGS=-mcpu=cortex-a9 -mfpu=vfpv3 -mfloat-abi=hard -nosta
TRACE::2026-05-04.15:51:05::SCWBDomain::rtfiles -g -Wall -Wextra -fno-tree-loop-distribute-patterns"

TRACE::2026-05-04.15:51:05::SCWBDomain::"Running Make include in ps7_cortexa9_0/libsrc/devcfg_v3_7/src"

TRACE::2026-05-04.15:51:05::SCWBDomain::make -C ps7_cortexa9_0/libsrc/devcfg_v3_7/src -s include  "SHELL=CMD" "COMPILER=arm-none-eabi-gcc" "ASSEMBLER=arm-none-eabi-as"
TRACE::2026-05-04.15:51:05::SCWBDomain:: "ARCHIVER=arm-none-eabi-ar" "COMPILER_FLAGS=  -O2 -c" "EXTRA_COMPILER_FLAGS=-mcpu=cortex-a9 -mfpu=vfpv3 -mfloat-abi=hard -nost
TRACE::2026-05-04.15:51:05::SCWBDomain::artfiles -g -Wall -Wextra -fno-tree-loop-distribute-patterns"

TRACE::2026-05-04.15:51:05::SCWBDomain::"Running Make include in ps7_cortexa9_0/libsrc/dmaps_v2_8/src"

TRACE::2026-05-04.15:51:05::SCWBDomain::make -C ps7_cortexa9_0/libsrc/dmaps_v2_8/src -s include  "SHELL=CMD" "COMPILER=arm-none-eabi-gcc" "ASSEMBLER=arm-none-eabi-as" 
TRACE::2026-05-04.15:51:05::SCWBDomain::"ARCHIVER=arm-none-eabi-ar" "COMPILER_FLAGS=  -O2 -c" "EXTRA_COMPILER_FLAGS=-mcpu=cortex-a9 -mfpu=vfpv3 -mfloat-abi=hard -nosta
TRACE::2026-05-04.15:51:05::SCWBDomain::rtfiles -g -Wall -Wextra -fno-tree-loop-distribute-patterns"

TRACE::2026-05-04.15:51:05::SCWBDomain::"Running Make include in ps7_cortexa9_0/libsrc/emacps_v3_18/src"

TRACE::2026-05-04.15:51:05::SCWBDomain::make -C ps7_cortexa9_0/libsrc/emacps_v3_18/src -s include  "SHELL=CMD" "COMPILER=arm-none-eabi-gcc" "ASSEMBLER=arm-none-eabi-as
TRACE::2026-05-04.15:51:05::SCWBDomain::" "ARCHIVER=arm-none-eabi-ar" "COMPILER_FLAGS=  -O2 -c" "EXTRA_COMPILER_FLAGS=-mcpu=cortex-a9 -mfpu=vfpv3 -mfloat-abi=hard -nos
TRACE::2026-05-04.15:51:05::SCWBDomain::tartfiles -g -Wall -Wextra -fno-tree-loop-distribute-patterns"

TRACE::2026-05-04.15:51:05::SCWBDomain::"Running Make include in ps7_cortexa9_0/libsrc/gpiops_v3_11/src"

TRACE::2026-05-04.15:51:05::SCWBDomain::make -C ps7_cortexa9_0/libsrc/gpiops_v3_11/src -s include  "SHELL=CMD" "COMPILER=arm-none-eabi-gcc" "ASSEMBLER=arm-none-eabi-as
TRACE::2026-05-04.15:51:05::SCWBDomain::" "ARCHIVER=arm-none-eabi-ar" "COMPILER_FLAGS=  -O2 -c" "EXTRA_COMPILER_FLAGS=-mcpu=cortex-a9 -mfpu=vfpv3 -mfloat-abi=hard -nos
TRACE::2026-05-04.15:51:05::SCWBDomain::tartfiles -g -Wall -Wextra -fno-tree-loop-distribute-patterns"

TRACE::2026-05-04.15:51:05::SCWBDomain::"Running Make include in ps7_cortexa9_0/libsrc/qspips_v3_10/src"

TRACE::2026-05-04.15:51:05::SCWBDomain::make -C ps7_cortexa9_0/libsrc/qspips_v3_10/src -s include  "SHELL=CMD" "COMPILER=arm-none-eabi-gcc" "ASSEMBLER=arm-none-eabi-as
TRACE::2026-05-04.15:51:05::SCWBDomain::" "ARCHIVER=arm-none-eabi-ar" "COMPILER_FLAGS=  -O2 -c" "EXTRA_COMPILER_FLAGS=-mcpu=cortex-a9 -mfpu=vfpv3 -mfloat-abi=hard -nos
TRACE::2026-05-04.15:51:05::SCWBDomain::tartfiles -g -Wall -Wextra -fno-tree-loop-distribute-patterns"

TRACE::2026-05-04.15:51:05::SCWBDomain::"Running Make include in ps7_cortexa9_0/libsrc/scugic_v5_1/src"

TRACE::2026-05-04.15:51:05::SCWBDomain::make -C ps7_cortexa9_0/libsrc/scugic_v5_1/src -s include  "SHELL=CMD" "COMPILER=arm-none-eabi-gcc" "ASSEMBLER=arm-none-eabi-as"
TRACE::2026-05-04.15:51:05::SCWBDomain:: "ARCHIVER=arm-none-eabi-ar" "COMPILER_FLAGS=  -O2 -c" "EXTRA_COMPILER_FLAGS=-mcpu=cortex-a9 -mfpu=vfpv3 -mfloat-abi=hard -nost
TRACE::2026-05-04.15:51:05::SCWBDomain::artfiles -g -Wall -Wextra -fno-tree-loop-distribute-patterns"

TRACE::2026-05-04.15:51:05::SCWBDomain::"Running Make include in ps7_cortexa9_0/libsrc/scutimer_v2_4/src"

TRACE::2026-05-04.15:51:05::SCWBDomain::make -C ps7_cortexa9_0/libsrc/scutimer_v2_4/src -s include  "SHELL=CMD" "COMPILER=arm-none-eabi-gcc" "ASSEMBLER=arm-none-eabi-a
TRACE::2026-05-04.15:51:05::SCWBDomain::s" "ARCHIVER=arm-none-eabi-ar" "COMPILER_FLAGS=  -O2 -c" "EXTRA_COMPILER_FLAGS=-mcpu=cortex-a9 -mfpu=vfpv3 -mfloat-abi=hard -no
TRACE::2026-05-04.15:51:05::SCWBDomain::startfiles -g -Wall -Wextra -fno-tree-loop-distribute-patterns"

TRACE::2026-05-04.15:51:05::SCWBDomain::"Running Make include in ps7_cortexa9_0/libsrc/scuwdt_v2_4/src"

TRACE::2026-05-04.15:51:05::SCWBDomain::make -C ps7_cortexa9_0/libsrc/scuwdt_v2_4/src -s include  "SHELL=CMD" "COMPILER=arm-none-eabi-gcc" "ASSEMBLER=arm-none-eabi-as"
TRACE::2026-05-04.15:51:05::SCWBDomain:: "ARCHIVER=arm-none-eabi-ar" "COMPILER_FLAGS=  -O2 -c" "EXTRA_COMPILER_FLAGS=-mcpu=cortex-a9 -mfpu=vfpv3 -mfloat-abi=hard -nost
TRACE::2026-05-04.15:51:05::SCWBDomain::artfiles -g -Wall -Wextra -fno-tree-loop-distribute-patterns"

TRACE::2026-05-04.15:51:05::SCWBDomain::"Running Make include in ps7_cortexa9_0/libsrc/sdps_v4_1/src"

TRACE::2026-05-04.15:51:05::SCWBDomain::make -C ps7_cortexa9_0/libsrc/sdps_v4_1/src -s include  "SHELL=CMD" "COMPILER=arm-none-eabi-gcc" "ASSEMBLER=arm-none-eabi-as" "
TRACE::2026-05-04.15:51:05::SCWBDomain::ARCHIVER=arm-none-eabi-ar" "COMPILER_FLAGS=  -O2 -c" "EXTRA_COMPILER_FLAGS=-mcpu=cortex-a9 -mfpu=vfpv3 -mfloat-abi=hard -nostar
TRACE::2026-05-04.15:51:05::SCWBDomain::tfiles -g -Wall -Wextra -fno-tree-loop-distribute-patterns"

TRACE::2026-05-04.15:51:05::SCWBDomain::"Running Make include in ps7_cortexa9_0/libsrc/standalone_v8_1/src"

TRACE::2026-05-04.15:51:05::SCWBDomain::make -C ps7_cortexa9_0/libsrc/standalone_v8_1/src -s include  "SHELL=CMD" "COMPILER=arm-none-eabi-gcc" "ASSEMBLER=arm-none-eabi
TRACE::2026-05-04.15:51:05::SCWBDomain::-as" "ARCHIVER=arm-none-eabi-ar" "COMPILER_FLAGS=  -O2 -c" "EXTRA_COMPILER_FLAGS=-mcpu=cortex-a9 -mfpu=vfpv3 -mfloat-abi=hard -
TRACE::2026-05-04.15:51:05::SCWBDomain::nostartfiles -g -Wall -Wextra -fno-tree-loop-distribute-patterns"

TRACE::2026-05-04.15:51:06::SCWBDomain::"Running Make include in ps7_cortexa9_0/libsrc/threat_detector_v1_0/src"

TRACE::2026-05-04.15:51:06::SCWBDomain::make -C ps7_cortexa9_0/libsrc/threat_detector_v1_0/src -s include  "SHELL=CMD" "COMPILER=arm-none-eabi-gcc" "ASSEMBLER=arm-none
TRACE::2026-05-04.15:51:06::SCWBDomain::-eabi-as" "ARCHIVER=arm-none-eabi-ar" "COMPILER_FLAGS=  -O2 -c" "EXTRA_COMPILER_FLAGS=-mcpu=cortex-a9 -mfpu=vfpv3 -mfloat-abi=h
TRACE::2026-05-04.15:51:06::SCWBDomain::ard -nostartfiles -g -Wall -Wextra -fno-tree-loop-distribute-patterns"

TRACE::2026-05-04.15:51:06::SCWBDomain::"Running Make include in ps7_cortexa9_0/libsrc/uartps_v3_12/src"

TRACE::2026-05-04.15:51:06::SCWBDomain::make -C ps7_cortexa9_0/libsrc/uartps_v3_12/src -s include  "SHELL=CMD" "COMPILER=arm-none-eabi-gcc" "ASSEMBLER=arm-none-eabi-as
TRACE::2026-05-04.15:51:06::SCWBDomain::" "ARCHIVER=arm-none-eabi-ar" "COMPILER_FLAGS=  -O2 -c" "EXTRA_COMPILER_FLAGS=-mcpu=cortex-a9 -mfpu=vfpv3 -mfloat-abi=hard -nos
TRACE::2026-05-04.15:51:06::SCWBDomain::tartfiles -g -Wall -Wextra -fno-tree-loop-distribute-patterns"

TRACE::2026-05-04.15:51:06::SCWBDomain::"Running Make include in ps7_cortexa9_0/libsrc/usbps_v2_7/src"

TRACE::2026-05-04.15:51:06::SCWBDomain::make -C ps7_cortexa9_0/libsrc/usbps_v2_7/src -s include  "SHELL=CMD" "COMPILER=arm-none-eabi-gcc" "ASSEMBLER=arm-none-eabi-as" 
TRACE::2026-05-04.15:51:06::SCWBDomain::"ARCHIVER=arm-none-eabi-ar" "COMPILER_FLAGS=  -O2 -c" "EXTRA_COMPILER_FLAGS=-mcpu=cortex-a9 -mfpu=vfpv3 -mfloat-abi=hard -nosta
TRACE::2026-05-04.15:51:06::SCWBDomain::rtfiles -g -Wall -Wextra -fno-tree-loop-distribute-patterns"

TRACE::2026-05-04.15:51:06::SCWBDomain::"Running Make include in ps7_cortexa9_0/libsrc/xadcps_v2_6/src"

TRACE::2026-05-04.15:51:06::SCWBDomain::make -C ps7_cortexa9_0/libsrc/xadcps_v2_6/src -s include  "SHELL=CMD" "COMPILER=arm-none-eabi-gcc" "ASSEMBLER=arm-none-eabi-as"
TRACE::2026-05-04.15:51:06::SCWBDomain:: "ARCHIVER=arm-none-eabi-ar" "COMPILER_FLAGS=  -O2 -c" "EXTRA_COMPILER_FLAGS=-mcpu=cortex-a9 -mfpu=vfpv3 -mfloat-abi=hard -nost
TRACE::2026-05-04.15:51:06::SCWBDomain::artfiles -g -Wall -Wextra -fno-tree-loop-distribute-patterns"

TRACE::2026-05-04.15:51:06::SCWBDomain::"Running Make include in ps7_cortexa9_0/libsrc/xilffs_v5_0/src"

TRACE::2026-05-04.15:51:06::SCWBDomain::make -C ps7_cortexa9_0/libsrc/xilffs_v5_0/src -s include  "SHELL=CMD" "COMPILER=arm-none-eabi-gcc" "ASSEMBLER=arm-none-eabi-as"
TRACE::2026-05-04.15:51:06::SCWBDomain:: "ARCHIVER=arm-none-eabi-ar" "COMPILER_FLAGS=  -O2 -c" "EXTRA_COMPILER_FLAGS=-mcpu=cortex-a9 -mfpu=vfpv3 -mfloat-abi=hard -nost
TRACE::2026-05-04.15:51:06::SCWBDomain::artfiles -g -Wall -Wextra -fno-tree-loop-distribute-patterns"

TRACE::2026-05-04.15:51:06::SCWBDomain::"Running Make include in ps7_cortexa9_0/libsrc/xilrsa_v1_6/src"

TRACE::2026-05-04.15:51:06::SCWBDomain::make -C ps7_cortexa9_0/libsrc/xilrsa_v1_6/src -s include  "SHELL=CMD" "COMPILER=arm-none-eabi-gcc" "ASSEMBLER=arm-none-eabi-as"
TRACE::2026-05-04.15:51:06::SCWBDomain:: "ARCHIVER=arm-none-eabi-ar" "COMPILER_FLAGS=  -O2 -c" "EXTRA_COMPILER_FLAGS=-mcpu=cortex-a9 -mfpu=vfpv3 -mfloat-abi=hard -nost
TRACE::2026-05-04.15:51:06::SCWBDomain::artfiles -g -Wall -Wextra -fno-tree-loop-distribute-patterns"

TRACE::2026-05-04.15:51:06::SCWBDomain::"Running Make libs in ps7_cortexa9_0/libsrc/threat_detector_v1_0/src"

TRACE::2026-05-04.15:51:06::SCWBDomain::make -C ps7_cortexa9_0/libsrc/threat_detector_v1_0/src -s libs  "SHELL=CMD" "COMPILER=arm-none-eabi-gcc" "ASSEMBLER=arm-none-ea
TRACE::2026-05-04.15:51:06::SCWBDomain::bi-as" "ARCHIVER=arm-none-eabi-ar" "COMPILER_FLAGS=  -O2 -c" "EXTRA_COMPILER_FLAGS=-mcpu=cortex-a9 -mfpu=vfpv3 -mfloat-abi=hard
TRACE::2026-05-04.15:51:06::SCWBDomain:: -nostartfiles -g -Wall -Wextra -fno-tree-loop-distribute-patterns"

TRACE::2026-05-04.15:51:06::SCWBDomain::"Compiling threat_detector..."

TRACE::2026-05-04.15:51:06::SCWBDomain::make[1]: Leaving directory 'C:/Xilinx/ECE_520/Sandbox/threat_detection_vitis/threat_app3/zynq_fsbl/zynq_fsbl_bsp'

ERROR::2026-05-04.15:51:06::SCWBDomain::Failed to build the  zynq_fsbl application.
LOG::2026-05-04.15:51:06::SCWSystem::Checking the domain standalone_domain
LOG::2026-05-04.15:51:06::SCWSystem::Not a boot domain 
LOG::2026-05-04.15:51:06::SCWSystem::Started Processing the domain standalone_domain
TRACE::2026-05-04.15:51:06::SCWDomain::Generating domain artifcats
TRACE::2026-05-04.15:51:06::SCWMssOS::Generating standalone artifcats
TRACE::2026-05-04.15:51:06::SCWMssOS::Copying the qemu file from  C:/Xilinx/ECE_520/Sandbox/threat_detection_vitis/threat_app3/resources/threat_app3/standalone_domain/qemu_args.txt To C:/Xilinx/ECE_520/Sandbox/threat_detection_vitis/threat_app3/export/threat_app3/sw/threat_app3/qemu/
TRACE::2026-05-04.15:51:06::SCWMssOS::Copying the qemu file from  C:/Xilinx/ECE_520/Sandbox/threat_detection_vitis/threat_app3/resources/threat_app3/standalone_domain/qemu_args.txt To C:/Xilinx/ECE_520/Sandbox/threat_detection_vitis/threat_app3/export/threat_app3/sw/threat_app3/standalone_domain/qemu/
TRACE::2026-05-04.15:51:06::SCWMssOS:: Copying the user libraries. 
TRACE::2026-05-04.15:51:06::SCWPlatform::Trying to open the hw design at C:/Xilinx/ECE_520/Sandbox/threat_detection_vitis/threat_app3/hw/threat_detector_bd_wrapper2.xsa
TRACE::2026-05-04.15:51:06::SCWPlatform::DSA given C:/Xilinx/ECE_520/Sandbox/threat_detection_vitis/threat_app3/hw/threat_detector_bd_wrapper2.xsa
TRACE::2026-05-04.15:51:06::SCWPlatform::DSA absoulate path C:/Xilinx/ECE_520/Sandbox/threat_detection_vitis/threat_app3/hw/threat_detector_bd_wrapper2.xsa
TRACE::2026-05-04.15:51:06::SCWPlatform::DSA directory C:/Xilinx/ECE_520/Sandbox/threat_detection_vitis/threat_app3/hw
TRACE::2026-05-04.15:51:06::SCWPlatform:: Platform Path C:/Xilinx/ECE_520/Sandbox/threat_detection_vitis/threat_app3/hw/threat_detector_bd_wrapper2.xsa
TRACE::2026-05-04.15:51:06::SCWPlatform:: Unique name xilinx:zybo-z7-10::0.0
TRACE::2026-05-04.15:51:06::SCWPlatform::Trying to set the existing hwdb with name threat_detector_bd_wrapper_1
TRACE::2026-05-04.15:51:06::SCWPlatform::Opened existing hwdb threat_detector_bd_wrapper_1
TRACE::2026-05-04.15:51:06::SCWPlatform::Found the Hw Db part of the input DSA
TRACE::2026-05-04.15:51:06::SCWMssOS::Checking the sw design at  C:/Xilinx/ECE_520/Sandbox/threat_detection_vitis/threat_app3/ps7_cortexa9_0/standalone_domain/bsp/system.mss
TRACE::2026-05-04.15:51:06::SCWMssOS::DEBUG:  swdes dump  C:/Xilinx/ECE_520/Sandbox/threat_detection_vitis/threat_app3/ps7_cortexa9_0/standalone_domain/bsp/system.mss|system_0||
C:/Xilinx/ECE_520/Sandbox/threat_detection_vitis/threat_app3/zynq_fsbl/zynq_fsbl_bsp/system.mss|system||

TRACE::2026-05-04.15:51:06::SCWMssOS::Sw design exists and opened at  C:/Xilinx/ECE_520/Sandbox/threat_detection_vitis/threat_app3/ps7_cortexa9_0/standalone_domain/bsp/system.mss
TRACE::2026-05-04.15:51:06::SCWMssOS::Completed writing the mss file at C:/Xilinx/ECE_520/Sandbox/threat_detection_vitis/threat_app3/ps7_cortexa9_0/standalone_domain/bsp
TRACE::2026-05-04.15:51:06::SCWMssOS::Mss edits present, copying mssfile into export location C:/Xilinx/ECE_520/Sandbox/threat_detection_vitis/threat_app3/ps7_cortexa9_0/standalone_domain/bsp/system.mss
TRACE::2026-05-04.15:51:06::SCWMssOS::bsp generated is upto date with the mss file. Skipping bsp generation.
TRACE::2026-05-04.15:51:06::SCWMssOS::BSP is already built. skipping the bsp build ... 
TRACE::2026-05-04.15:51:06::SCWDomain::Building the domain as part of full build :  standalone_domain
TRACE::2026-05-04.15:51:06::SCWMssOS::doing bsp build ... 
TRACE::2026-05-04.15:51:06::SCWMssOS::System Command Ran  C: & cd  C:/Xilinx/ECE_520/Sandbox/threat_detection_vitis/threat_app3/ps7_cortexa9_0/standalone_domain/bsp & make 
TRACE::2026-05-04.15:51:06::SCWMssOS::make --no-print-directory seq_libs

TRACE::2026-05-04.15:51:06::SCWMssOS::"Running Make include in ps7_cortexa9_0/libsrc/coresightps_dcc_v1_8/src"

TRACE::2026-05-04.15:51:06::SCWMssOS::make -C ps7_cortexa9_0/libsrc/coresightps_dcc_v1_8/src -s include  "SHELL=CMD" "COMPILER=arm-none-eabi-gcc" "ASSEMBLER=arm-none
TRACE::2026-05-04.15:51:06::SCWMssOS::-eabi-as" "ARCHIVER=arm-none-eabi-ar" "COMPILER_FLAGS=  -O2 -c" "EXTRA_COMPILER_FLAGS=-mcpu=cortex-a9 -mfpu=vfpv3 -mfloat-abi=h
TRACE::2026-05-04.15:51:06::SCWMssOS::ard -nostartfiles -g -Wall -Wextra -fno-tree-loop-distribute-patterns"

TRACE::2026-05-04.15:51:06::SCWMssOS::"Running Make include in ps7_cortexa9_0/libsrc/cpu_cortexa9_v2_11/src"

TRACE::2026-05-04.15:51:06::SCWMssOS::make -C ps7_cortexa9_0/libsrc/cpu_cortexa9_v2_11/src -s include  "SHELL=CMD" "COMPILER=arm-none-eabi-gcc" "ASSEMBLER=arm-none-e
TRACE::2026-05-04.15:51:06::SCWMssOS::abi-as" "ARCHIVER=arm-none-eabi-ar" "COMPILER_FLAGS=  -O2 -c" "EXTRA_COMPILER_FLAGS=-mcpu=cortex-a9 -mfpu=vfpv3 -mfloat-abi=har
TRACE::2026-05-04.15:51:06::SCWMssOS::d -nostartfiles -g -Wall -Wextra -fno-tree-loop-distribute-patterns"

TRACE::2026-05-04.15:51:06::SCWMssOS::"Running Make include in ps7_cortexa9_0/libsrc/ddrps_v1_2/src"

TRACE::2026-05-04.15:51:06::SCWMssOS::make -C ps7_cortexa9_0/libsrc/ddrps_v1_2/src -s include  "SHELL=CMD" "COMPILER=arm-none-eabi-gcc" "ASSEMBLER=arm-none-eabi-as" 
TRACE::2026-05-04.15:51:06::SCWMssOS::"ARCHIVER=arm-none-eabi-ar" "COMPILER_FLAGS=  -O2 -c" "EXTRA_COMPILER_FLAGS=-mcpu=cortex-a9 -mfpu=vfpv3 -mfloat-abi=hard -nosta
TRACE::2026-05-04.15:51:06::SCWMssOS::rtfiles -g -Wall -Wextra -fno-tree-loop-distribute-patterns"

TRACE::2026-05-04.15:51:06::SCWMssOS::"Running Make include in ps7_cortexa9_0/libsrc/devcfg_v3_7/src"

TRACE::2026-05-04.15:51:06::SCWMssOS::make -C ps7_cortexa9_0/libsrc/devcfg_v3_7/src -s include  "SHELL=CMD" "COMPILER=arm-none-eabi-gcc" "ASSEMBLER=arm-none-eabi-as"
TRACE::2026-05-04.15:51:06::SCWMssOS:: "ARCHIVER=arm-none-eabi-ar" "COMPILER_FLAGS=  -O2 -c" "EXTRA_COMPILER_FLAGS=-mcpu=cortex-a9 -mfpu=vfpv3 -mfloat-abi=hard -nost
TRACE::2026-05-04.15:51:06::SCWMssOS::artfiles -g -Wall -Wextra -fno-tree-loop-distribute-patterns"

TRACE::2026-05-04.15:51:06::SCWMssOS::"Running Make include in ps7_cortexa9_0/libsrc/dmaps_v2_8/src"

TRACE::2026-05-04.15:51:06::SCWMssOS::make -C ps7_cortexa9_0/libsrc/dmaps_v2_8/src -s include  "SHELL=CMD" "COMPILER=arm-none-eabi-gcc" "ASSEMBLER=arm-none-eabi-as" 
TRACE::2026-05-04.15:51:06::SCWMssOS::"ARCHIVER=arm-none-eabi-ar" "COMPILER_FLAGS=  -O2 -c" "EXTRA_COMPILER_FLAGS=-mcpu=cortex-a9 -mfpu=vfpv3 -mfloat-abi=hard -nosta
TRACE::2026-05-04.15:51:06::SCWMssOS::rtfiles -g -Wall -Wextra -fno-tree-loop-distribute-patterns"

TRACE::2026-05-04.15:51:06::SCWMssOS::"Running Make include in ps7_cortexa9_0/libsrc/emacps_v3_18/src"

TRACE::2026-05-04.15:51:06::SCWMssOS::make -C ps7_cortexa9_0/libsrc/emacps_v3_18/src -s include  "SHELL=CMD" "COMPILER=arm-none-eabi-gcc" "ASSEMBLER=arm-none-eabi-as
TRACE::2026-05-04.15:51:06::SCWMssOS::" "ARCHIVER=arm-none-eabi-ar" "COMPILER_FLAGS=  -O2 -c" "EXTRA_COMPILER_FLAGS=-mcpu=cortex-a9 -mfpu=vfpv3 -mfloat-abi=hard -nos
TRACE::2026-05-04.15:51:06::SCWMssOS::tartfiles -g -Wall -Wextra -fno-tree-loop-distribute-patterns"

TRACE::2026-05-04.15:51:07::SCWMssOS::"Running Make include in ps7_cortexa9_0/libsrc/gpiops_v3_11/src"

TRACE::2026-05-04.15:51:07::SCWMssOS::make -C ps7_cortexa9_0/libsrc/gpiops_v3_11/src -s include  "SHELL=CMD" "COMPILER=arm-none-eabi-gcc" "ASSEMBLER=arm-none-eabi-as
TRACE::2026-05-04.15:51:07::SCWMssOS::" "ARCHIVER=arm-none-eabi-ar" "COMPILER_FLAGS=  -O2 -c" "EXTRA_COMPILER_FLAGS=-mcpu=cortex-a9 -mfpu=vfpv3 -mfloat-abi=hard -nos
TRACE::2026-05-04.15:51:07::SCWMssOS::tartfiles -g -Wall -Wextra -fno-tree-loop-distribute-patterns"

TRACE::2026-05-04.15:51:07::SCWMssOS::"Running Make include in ps7_cortexa9_0/libsrc/qspips_v3_10/src"

TRACE::2026-05-04.15:51:07::SCWMssOS::make -C ps7_cortexa9_0/libsrc/qspips_v3_10/src -s include  "SHELL=CMD" "COMPILER=arm-none-eabi-gcc" "ASSEMBLER=arm-none-eabi-as
TRACE::2026-05-04.15:51:07::SCWMssOS::" "ARCHIVER=arm-none-eabi-ar" "COMPILER_FLAGS=  -O2 -c" "EXTRA_COMPILER_FLAGS=-mcpu=cortex-a9 -mfpu=vfpv3 -mfloat-abi=hard -nos
TRACE::2026-05-04.15:51:07::SCWMssOS::tartfiles -g -Wall -Wextra -fno-tree-loop-distribute-patterns"

TRACE::2026-05-04.15:51:07::SCWMssOS::"Running Make include in ps7_cortexa9_0/libsrc/scugic_v5_1/src"

TRACE::2026-05-04.15:51:07::SCWMssOS::make -C ps7_cortexa9_0/libsrc/scugic_v5_1/src -s include  "SHELL=CMD" "COMPILER=arm-none-eabi-gcc" "ASSEMBLER=arm-none-eabi-as"
TRACE::2026-05-04.15:51:07::SCWMssOS:: "ARCHIVER=arm-none-eabi-ar" "COMPILER_FLAGS=  -O2 -c" "EXTRA_COMPILER_FLAGS=-mcpu=cortex-a9 -mfpu=vfpv3 -mfloat-abi=hard -nost
TRACE::2026-05-04.15:51:07::SCWMssOS::artfiles -g -Wall -Wextra -fno-tree-loop-distribute-patterns"

TRACE::2026-05-04.15:51:07::SCWMssOS::"Running Make include in ps7_cortexa9_0/libsrc/scutimer_v2_4/src"

TRACE::2026-05-04.15:51:07::SCWMssOS::make -C ps7_cortexa9_0/libsrc/scutimer_v2_4/src -s include  "SHELL=CMD" "COMPILER=arm-none-eabi-gcc" "ASSEMBLER=arm-none-eabi-a
TRACE::2026-05-04.15:51:07::SCWMssOS::s" "ARCHIVER=arm-none-eabi-ar" "COMPILER_FLAGS=  -O2 -c" "EXTRA_COMPILER_FLAGS=-mcpu=cortex-a9 -mfpu=vfpv3 -mfloat-abi=hard -no
TRACE::2026-05-04.15:51:07::SCWMssOS::startfiles -g -Wall -Wextra -fno-tree-loop-distribute-patterns"

TRACE::2026-05-04.15:51:07::SCWMssOS::"Running Make include in ps7_cortexa9_0/libsrc/scuwdt_v2_4/src"

TRACE::2026-05-04.15:51:07::SCWMssOS::make -C ps7_cortexa9_0/libsrc/scuwdt_v2_4/src -s include  "SHELL=CMD" "COMPILER=arm-none-eabi-gcc" "ASSEMBLER=arm-none-eabi-as"
TRACE::2026-05-04.15:51:07::SCWMssOS:: "ARCHIVER=arm-none-eabi-ar" "COMPILER_FLAGS=  -O2 -c" "EXTRA_COMPILER_FLAGS=-mcpu=cortex-a9 -mfpu=vfpv3 -mfloat-abi=hard -nost
TRACE::2026-05-04.15:51:07::SCWMssOS::artfiles -g -Wall -Wextra -fno-tree-loop-distribute-patterns"

TRACE::2026-05-04.15:51:07::SCWMssOS::"Running Make include in ps7_cortexa9_0/libsrc/sdps_v4_1/src"

TRACE::2026-05-04.15:51:07::SCWMssOS::make -C ps7_cortexa9_0/libsrc/sdps_v4_1/src -s include  "SHELL=CMD" "COMPILER=arm-none-eabi-gcc" "ASSEMBLER=arm-none-eabi-as" "
TRACE::2026-05-04.15:51:07::SCWMssOS::ARCHIVER=arm-none-eabi-ar" "COMPILER_FLAGS=  -O2 -c" "EXTRA_COMPILER_FLAGS=-mcpu=cortex-a9 -mfpu=vfpv3 -mfloat-abi=hard -nostar
TRACE::2026-05-04.15:51:07::SCWMssOS::tfiles -g -Wall -Wextra -fno-tree-loop-distribute-patterns"

TRACE::2026-05-04.15:51:07::SCWMssOS::"Running Make include in ps7_cortexa9_0/libsrc/standalone_v8_1/src"

TRACE::2026-05-04.15:51:07::SCWMssOS::make -C ps7_cortexa9_0/libsrc/standalone_v8_1/src -s include  "SHELL=CMD" "COMPILER=arm-none-eabi-gcc" "ASSEMBLER=arm-none-eabi
TRACE::2026-05-04.15:51:07::SCWMssOS::-as" "ARCHIVER=arm-none-eabi-ar" "COMPILER_FLAGS=  -O2 -c" "EXTRA_COMPILER_FLAGS=-mcpu=cortex-a9 -mfpu=vfpv3 -mfloat-abi=hard -
TRACE::2026-05-04.15:51:07::SCWMssOS::nostartfiles -g -Wall -Wextra -fno-tree-loop-distribute-patterns"

TRACE::2026-05-04.15:51:08::SCWMssOS::"Running Make include in ps7_cortexa9_0/libsrc/threat_detector_v1_0/src"

TRACE::2026-05-04.15:51:08::SCWMssOS::make -C ps7_cortexa9_0/libsrc/threat_detector_v1_0/src -s include  "SHELL=CMD" "COMPILER=arm-none-eabi-gcc" "ASSEMBLER=arm-none
TRACE::2026-05-04.15:51:08::SCWMssOS::-eabi-as" "ARCHIVER=arm-none-eabi-ar" "COMPILER_FLAGS=  -O2 -c" "EXTRA_COMPILER_FLAGS=-mcpu=cortex-a9 -mfpu=vfpv3 -mfloat-abi=h
TRACE::2026-05-04.15:51:08::SCWMssOS::ard -nostartfiles -g -Wall -Wextra -fno-tree-loop-distribute-patterns"

TRACE::2026-05-04.15:51:08::SCWMssOS::"Running Make include in ps7_cortexa9_0/libsrc/uartps_v3_12/src"

TRACE::2026-05-04.15:51:08::SCWMssOS::make -C ps7_cortexa9_0/libsrc/uartps_v3_12/src -s include  "SHELL=CMD" "COMPILER=arm-none-eabi-gcc" "ASSEMBLER=arm-none-eabi-as
TRACE::2026-05-04.15:51:08::SCWMssOS::" "ARCHIVER=arm-none-eabi-ar" "COMPILER_FLAGS=  -O2 -c" "EXTRA_COMPILER_FLAGS=-mcpu=cortex-a9 -mfpu=vfpv3 -mfloat-abi=hard -nos
TRACE::2026-05-04.15:51:08::SCWMssOS::tartfiles -g -Wall -Wextra -fno-tree-loop-distribute-patterns"

TRACE::2026-05-04.15:51:08::SCWMssOS::"Running Make include in ps7_cortexa9_0/libsrc/usbps_v2_7/src"

TRACE::2026-05-04.15:51:08::SCWMssOS::make -C ps7_cortexa9_0/libsrc/usbps_v2_7/src -s include  "SHELL=CMD" "COMPILER=arm-none-eabi-gcc" "ASSEMBLER=arm-none-eabi-as" 
TRACE::2026-05-04.15:51:08::SCWMssOS::"ARCHIVER=arm-none-eabi-ar" "COMPILER_FLAGS=  -O2 -c" "EXTRA_COMPILER_FLAGS=-mcpu=cortex-a9 -mfpu=vfpv3 -mfloat-abi=hard -nosta
TRACE::2026-05-04.15:51:08::SCWMssOS::rtfiles -g -Wall -Wextra -fno-tree-loop-distribute-patterns"

TRACE::2026-05-04.15:51:08::SCWMssOS::"Running Make include in ps7_cortexa9_0/libsrc/xadcps_v2_6/src"

TRACE::2026-05-04.15:51:08::SCWMssOS::make -C ps7_cortexa9_0/libsrc/xadcps_v2_6/src -s include  "SHELL=CMD" "COMPILER=arm-none-eabi-gcc" "ASSEMBLER=arm-none-eabi-as"
TRACE::2026-05-04.15:51:08::SCWMssOS:: "ARCHIVER=arm-none-eabi-ar" "COMPILER_FLAGS=  -O2 -c" "EXTRA_COMPILER_FLAGS=-mcpu=cortex-a9 -mfpu=vfpv3 -mfloat-abi=hard -nost
TRACE::2026-05-04.15:51:08::SCWMssOS::artfiles -g -Wall -Wextra -fno-tree-loop-distribute-patterns"

TRACE::2026-05-04.15:51:08::SCWMssOS::"Running Make libs in ps7_cortexa9_0/libsrc/threat_detector_v1_0/src"

TRACE::2026-05-04.15:51:08::SCWMssOS::make -C ps7_cortexa9_0/libsrc/threat_detector_v1_0/src -s libs  "SHELL=CMD" "COMPILER=arm-none-eabi-gcc" "ASSEMBLER=arm-none-ea
TRACE::2026-05-04.15:51:08::SCWMssOS::bi-as" "ARCHIVER=arm-none-eabi-ar" "COMPILER_FLAGS=  -O2 -c" "EXTRA_COMPILER_FLAGS=-mcpu=cortex-a9 -mfpu=vfpv3 -mfloat-abi=hard
TRACE::2026-05-04.15:51:08::SCWMssOS:: -nostartfiles -g -Wall -Wextra -fno-tree-loop-distribute-patterns"

TRACE::2026-05-04.15:51:08::SCWMssOS::"Compiling threat_detector..."

ERROR::2026-05-04.15:51:08::SCWMssOS::Failed to build  the bsp sources for domain - standalone_domain
ERROR::2026-05-04.15:51:08::SCWSystem::Error in Processing the domain standalone_domain
TRACE::2026-05-04.15:56:10::SCWPlatform::Trying to open the hw design at C:/Xilinx/ECE_520/Sandbox/threat_detection_vitis/threat_app3/hw/threat_detector_bd_wrapper2.xsa
TRACE::2026-05-04.15:56:10::SCWPlatform::DSA given C:/Xilinx/ECE_520/Sandbox/threat_detection_vitis/threat_app3/hw/threat_detector_bd_wrapper2.xsa
TRACE::2026-05-04.15:56:10::SCWPlatform::DSA absoulate path C:/Xilinx/ECE_520/Sandbox/threat_detection_vitis/threat_app3/hw/threat_detector_bd_wrapper2.xsa
TRACE::2026-05-04.15:56:10::SCWPlatform::DSA directory C:/Xilinx/ECE_520/Sandbox/threat_detection_vitis/threat_app3/hw
TRACE::2026-05-04.15:56:10::SCWPlatform:: Platform Path C:/Xilinx/ECE_520/Sandbox/threat_detection_vitis/threat_app3/hw/threat_detector_bd_wrapper2.xsa
TRACE::2026-05-04.15:56:10::SCWPlatform:: Unique name xilinx:zybo-z7-10::0.0
TRACE::2026-05-04.15:56:10::SCWPlatform::Trying to set the existing hwdb with name threat_detector_bd_wrapper_1
TRACE::2026-05-04.15:56:10::SCWPlatform::Opened existing hwdb threat_detector_bd_wrapper_1
TRACE::2026-05-04.15:56:10::SCWPlatform::Found the Hw Db part of the input DSA
TRACE::2026-05-04.15:56:10::SCWMssOS::Checking the sw design at  C:/Xilinx/ECE_520/Sandbox/threat_detection_vitis/threat_app3/zynq_fsbl/zynq_fsbl_bsp/system.mss
TRACE::2026-05-04.15:56:10::SCWMssOS::DEBUG:  swdes dump  C:/Xilinx/ECE_520/Sandbox/threat_detection_vitis/threat_app3/ps7_cortexa9_0/standalone_domain/bsp/system.mss|system_0||
C:/Xilinx/ECE_520/Sandbox/threat_detection_vitis/threat_app3/zynq_fsbl/zynq_fsbl_bsp/system.mss|system||

TRACE::2026-05-04.15:56:10::SCWMssOS::Sw design exists and opened at  C:/Xilinx/ECE_520/Sandbox/threat_detection_vitis/threat_app3/zynq_fsbl/zynq_fsbl_bsp/system.mss
TRACE::2026-05-04.15:56:10::SCWMssOS::In reload Mss file.
TRACE::2026-05-04.15:56:10::SCWPlatform::Trying to open the hw design at C:/Xilinx/ECE_520/Sandbox/threat_detection_vitis/threat_app3/hw/threat_detector_bd_wrapper2.xsa
TRACE::2026-05-04.15:56:10::SCWPlatform::DSA given C:/Xilinx/ECE_520/Sandbox/threat_detection_vitis/threat_app3/hw/threat_detector_bd_wrapper2.xsa
TRACE::2026-05-04.15:56:10::SCWPlatform::DSA absoulate path C:/Xilinx/ECE_520/Sandbox/threat_detection_vitis/threat_app3/hw/threat_detector_bd_wrapper2.xsa
TRACE::2026-05-04.15:56:10::SCWPlatform::DSA directory C:/Xilinx/ECE_520/Sandbox/threat_detection_vitis/threat_app3/hw
TRACE::2026-05-04.15:56:10::SCWPlatform:: Platform Path C:/Xilinx/ECE_520/Sandbox/threat_detection_vitis/threat_app3/hw/threat_detector_bd_wrapper2.xsa
TRACE::2026-05-04.15:56:10::SCWPlatform:: Unique name xilinx:zybo-z7-10::0.0
TRACE::2026-05-04.15:56:10::SCWPlatform::Trying to set the existing hwdb with name threat_detector_bd_wrapper_1
TRACE::2026-05-04.15:56:10::SCWPlatform::Opened existing hwdb threat_detector_bd_wrapper_1
TRACE::2026-05-04.15:56:10::SCWPlatform::Found the Hw Db part of the input DSA
TRACE::2026-05-04.15:56:10::SCWMssOS::Checking the sw design at  C:/Xilinx/ECE_520/Sandbox/threat_detection_vitis/threat_app3/zynq_fsbl/zynq_fsbl_bsp/system.mss
TRACE::2026-05-04.15:56:10::SCWMssOS::DEBUG:  swdes dump  C:/Xilinx/ECE_520/Sandbox/threat_detection_vitis/threat_app3/ps7_cortexa9_0/standalone_domain/bsp/system.mss|system_0||

TRACE::2026-05-04.15:56:10::SCWMssOS::No sw design opened at  C:/Xilinx/ECE_520/Sandbox/threat_detection_vitis/threat_app3/zynq_fsbl/zynq_fsbl_bsp/system.mss
TRACE::2026-05-04.15:56:10::SCWMssOS::mss exists loading the mss file  C:/Xilinx/ECE_520/Sandbox/threat_detection_vitis/threat_app3/zynq_fsbl/zynq_fsbl_bsp/system.mss
TRACE::2026-05-04.15:56:10::SCWMssOS::Opened the sw design from mss  C:/Xilinx/ECE_520/Sandbox/threat_detection_vitis/threat_app3/zynq_fsbl/zynq_fsbl_bsp/system.mss
TRACE::2026-05-04.15:56:10::SCWMssOS::Adding the swdes entry C:/Xilinx/ECE_520/Sandbox/threat_detection_vitis/threat_app3/zynq_fsbl/zynq_fsbl_bsp/system.mss with des name system
TRACE::2026-05-04.15:56:10::SCWMssOS::updating the scw layer about changes
TRACE::2026-05-04.15:56:10::SCWMssOS::Opened the sw design.  C:/Xilinx/ECE_520/Sandbox/threat_detection_vitis/threat_app3/zynq_fsbl/zynq_fsbl_bsp/system.mss
TRACE::2026-05-04.15:56:10::SCWPlatform::Trying to open the hw design at C:/Xilinx/ECE_520/Sandbox/threat_detection_vitis/threat_app3/hw/threat_detector_bd_wrapper2.xsa
TRACE::2026-05-04.15:56:10::SCWPlatform::DSA given C:/Xilinx/ECE_520/Sandbox/threat_detection_vitis/threat_app3/hw/threat_detector_bd_wrapper2.xsa
TRACE::2026-05-04.15:56:10::SCWPlatform::DSA absoulate path C:/Xilinx/ECE_520/Sandbox/threat_detection_vitis/threat_app3/hw/threat_detector_bd_wrapper2.xsa
TRACE::2026-05-04.15:56:10::SCWPlatform::DSA directory C:/Xilinx/ECE_520/Sandbox/threat_detection_vitis/threat_app3/hw
TRACE::2026-05-04.15:56:10::SCWPlatform:: Platform Path C:/Xilinx/ECE_520/Sandbox/threat_detection_vitis/threat_app3/hw/threat_detector_bd_wrapper2.xsa
TRACE::2026-05-04.15:56:10::SCWPlatform:: Unique name xilinx:zybo-z7-10::0.0
TRACE::2026-05-04.15:56:10::SCWPlatform::Trying to set the existing hwdb with name threat_detector_bd_wrapper_1
TRACE::2026-05-04.15:56:10::SCWPlatform::Opened existing hwdb threat_detector_bd_wrapper_1
TRACE::2026-05-04.15:56:10::SCWPlatform::Found the Hw Db part of the input DSA
TRACE::2026-05-04.15:56:10::SCWMssOS::Checking the sw design at  C:/Xilinx/ECE_520/Sandbox/threat_detection_vitis/threat_app3/zynq_fsbl/zynq_fsbl_bsp/system.mss
TRACE::2026-05-04.15:56:10::SCWMssOS::DEBUG:  swdes dump  C:/Xilinx/ECE_520/Sandbox/threat_detection_vitis/threat_app3/ps7_cortexa9_0/standalone_domain/bsp/system.mss|system_0||
C:/Xilinx/ECE_520/Sandbox/threat_detection_vitis/threat_app3/zynq_fsbl/zynq_fsbl_bsp/system.mss|system||

TRACE::2026-05-04.15:56:10::SCWMssOS::Sw design exists and opened at  C:/Xilinx/ECE_520/Sandbox/threat_detection_vitis/threat_app3/zynq_fsbl/zynq_fsbl_bsp/system.mss
TRACE::2026-05-04.15:56:10::SCWMssOS:: library already available in sw design:  xilffs:5.0
TRACE::2026-05-04.15:56:10::SCWPlatform::Trying to open the hw design at C:/Xilinx/ECE_520/Sandbox/threat_detection_vitis/threat_app3/hw/threat_detector_bd_wrapper2.xsa
TRACE::2026-05-04.15:56:10::SCWPlatform::DSA given C:/Xilinx/ECE_520/Sandbox/threat_detection_vitis/threat_app3/hw/threat_detector_bd_wrapper2.xsa
TRACE::2026-05-04.15:56:10::SCWPlatform::DSA absoulate path C:/Xilinx/ECE_520/Sandbox/threat_detection_vitis/threat_app3/hw/threat_detector_bd_wrapper2.xsa
TRACE::2026-05-04.15:56:10::SCWPlatform::DSA directory C:/Xilinx/ECE_520/Sandbox/threat_detection_vitis/threat_app3/hw
TRACE::2026-05-04.15:56:10::SCWPlatform:: Platform Path C:/Xilinx/ECE_520/Sandbox/threat_detection_vitis/threat_app3/hw/threat_detector_bd_wrapper2.xsa
TRACE::2026-05-04.15:56:10::SCWPlatform:: Unique name xilinx:zybo-z7-10::0.0
TRACE::2026-05-04.15:56:10::SCWPlatform::Trying to set the existing hwdb with name threat_detector_bd_wrapper_1
TRACE::2026-05-04.15:56:10::SCWPlatform::Opened existing hwdb threat_detector_bd_wrapper_1
TRACE::2026-05-04.15:56:10::SCWPlatform::Found the Hw Db part of the input DSA
TRACE::2026-05-04.15:56:10::SCWMssOS::Checking the sw design at  C:/Xilinx/ECE_520/Sandbox/threat_detection_vitis/threat_app3/zynq_fsbl/zynq_fsbl_bsp/system.mss
TRACE::2026-05-04.15:56:10::SCWMssOS::DEBUG:  swdes dump  C:/Xilinx/ECE_520/Sandbox/threat_detection_vitis/threat_app3/ps7_cortexa9_0/standalone_domain/bsp/system.mss|system_0||
C:/Xilinx/ECE_520/Sandbox/threat_detection_vitis/threat_app3/zynq_fsbl/zynq_fsbl_bsp/system.mss|system||

TRACE::2026-05-04.15:56:10::SCWMssOS::Sw design exists and opened at  C:/Xilinx/ECE_520/Sandbox/threat_detection_vitis/threat_app3/zynq_fsbl/zynq_fsbl_bsp/system.mss
TRACE::2026-05-04.15:56:10::SCWMssOS:: library already available in sw design:  xilrsa:1.6
TRACE::2026-05-04.15:56:10::SCWMssOS::Saving the mss changes C:/Xilinx/ECE_520/Sandbox/threat_detection_vitis/threat_app3/zynq_fsbl/zynq_fsbl_bsp/system.mss
TRACE::2026-05-04.15:56:10::SCWMssOS::Found a swdesign opened with the mssfile.
TRACE::2026-05-04.15:56:10::SCWMssOS::Completed writemss as part of save.
TRACE::2026-05-04.15:56:10::SCWMssOS::Commit changes completed.
TRACE::2026-05-04.15:56:10::SCWPlatform::Trying to open the hw design at C:/Xilinx/ECE_520/Sandbox/threat_detection_vitis/threat_app3/hw/threat_detector_bd_wrapper2.xsa
TRACE::2026-05-04.15:56:10::SCWPlatform::DSA given C:/Xilinx/ECE_520/Sandbox/threat_detection_vitis/threat_app3/hw/threat_detector_bd_wrapper2.xsa
TRACE::2026-05-04.15:56:10::SCWPlatform::DSA absoulate path C:/Xilinx/ECE_520/Sandbox/threat_detection_vitis/threat_app3/hw/threat_detector_bd_wrapper2.xsa
TRACE::2026-05-04.15:56:10::SCWPlatform::DSA directory C:/Xilinx/ECE_520/Sandbox/threat_detection_vitis/threat_app3/hw
TRACE::2026-05-04.15:56:10::SCWPlatform:: Platform Path C:/Xilinx/ECE_520/Sandbox/threat_detection_vitis/threat_app3/hw/threat_detector_bd_wrapper2.xsa
TRACE::2026-05-04.15:56:10::SCWPlatform:: Unique name xilinx:zybo-z7-10::0.0
TRACE::2026-05-04.15:56:10::SCWPlatform::Trying to set the existing hwdb with name threat_detector_bd_wrapper_1
TRACE::2026-05-04.15:56:10::SCWPlatform::Opened existing hwdb threat_detector_bd_wrapper_1
TRACE::2026-05-04.15:56:10::SCWPlatform::Found the Hw Db part of the input DSA
TRACE::2026-05-04.15:56:10::SCWMssOS::Checking the sw design at  C:/Xilinx/ECE_520/Sandbox/threat_detection_vitis/threat_app3/zynq_fsbl/zynq_fsbl_bsp/system.mss
TRACE::2026-05-04.15:56:10::SCWMssOS::DEBUG:  swdes dump  C:/Xilinx/ECE_520/Sandbox/threat_detection_vitis/threat_app3/ps7_cortexa9_0/standalone_domain/bsp/system.mss|system_0||
C:/Xilinx/ECE_520/Sandbox/threat_detection_vitis/threat_app3/zynq_fsbl/zynq_fsbl_bsp/system.mss|system||

TRACE::2026-05-04.15:56:10::SCWMssOS::Sw design exists and opened at  C:/Xilinx/ECE_520/Sandbox/threat_detection_vitis/threat_app3/zynq_fsbl/zynq_fsbl_bsp/system.mss
TRACE::2026-05-04.15:56:10::SCWMssOS::Removing the swdes entry for  C:/Xilinx/ECE_520/Sandbox/threat_detection_vitis/threat_app3/zynq_fsbl/zynq_fsbl_bsp/system.mss
TRACE::2026-05-04.15:56:12::SCWPlatform::Trying to open the hw design at C:/Xilinx/ECE_520/Sandbox/threat_detection_vitis/threat_app3/hw/threat_detector_bd_wrapper2.xsa
TRACE::2026-05-04.15:56:12::SCWPlatform::DSA given C:/Xilinx/ECE_520/Sandbox/threat_detection_vitis/threat_app3/hw/threat_detector_bd_wrapper2.xsa
TRACE::2026-05-04.15:56:12::SCWPlatform::DSA absoulate path C:/Xilinx/ECE_520/Sandbox/threat_detection_vitis/threat_app3/hw/threat_detector_bd_wrapper2.xsa
TRACE::2026-05-04.15:56:12::SCWPlatform::DSA directory C:/Xilinx/ECE_520/Sandbox/threat_detection_vitis/threat_app3/hw
TRACE::2026-05-04.15:56:12::SCWPlatform:: Platform Path C:/Xilinx/ECE_520/Sandbox/threat_detection_vitis/threat_app3/hw/threat_detector_bd_wrapper2.xsa
TRACE::2026-05-04.15:56:12::SCWPlatform:: Unique name xilinx:zybo-z7-10::0.0
TRACE::2026-05-04.15:56:12::SCWPlatform::Trying to set the existing hwdb with name threat_detector_bd_wrapper_1
TRACE::2026-05-04.15:56:12::SCWPlatform::Opened existing hwdb threat_detector_bd_wrapper_1
TRACE::2026-05-04.15:56:12::SCWPlatform::Found the Hw Db part of the input DSA
TRACE::2026-05-04.15:56:12::SCWMssOS::Checking the sw design at  C:/Xilinx/ECE_520/Sandbox/threat_detection_vitis/threat_app3/zynq_fsbl/zynq_fsbl_bsp/system.mss
TRACE::2026-05-04.15:56:12::SCWMssOS::DEBUG:  swdes dump  C:/Xilinx/ECE_520/Sandbox/threat_detection_vitis/threat_app3/ps7_cortexa9_0/standalone_domain/bsp/system.mss|system_0||

TRACE::2026-05-04.15:56:12::SCWMssOS::No sw design opened at  C:/Xilinx/ECE_520/Sandbox/threat_detection_vitis/threat_app3/zynq_fsbl/zynq_fsbl_bsp/system.mss
TRACE::2026-05-04.15:56:12::SCWMssOS::mss exists loading the mss file  C:/Xilinx/ECE_520/Sandbox/threat_detection_vitis/threat_app3/zynq_fsbl/zynq_fsbl_bsp/system.mss
TRACE::2026-05-04.15:56:12::SCWMssOS::Opened the sw design from mss  C:/Xilinx/ECE_520/Sandbox/threat_detection_vitis/threat_app3/zynq_fsbl/zynq_fsbl_bsp/system.mss
TRACE::2026-05-04.15:56:12::SCWMssOS::Adding the swdes entry C:/Xilinx/ECE_520/Sandbox/threat_detection_vitis/threat_app3/zynq_fsbl/zynq_fsbl_bsp/system.mss with des name system
TRACE::2026-05-04.15:56:12::SCWMssOS::updating the scw layer about changes
TRACE::2026-05-04.15:56:12::SCWMssOS::Opened the sw design.  C:/Xilinx/ECE_520/Sandbox/threat_detection_vitis/threat_app3/zynq_fsbl/zynq_fsbl_bsp/system.mss
TRACE::2026-05-04.15:57:09::SCWPlatform::Trying to open the hw design at C:/Xilinx/ECE_520/Sandbox/threat_detection_vitis/threat_app3/hw/threat_detector_bd_wrapper2.xsa
TRACE::2026-05-04.15:57:09::SCWPlatform::DSA given C:/Xilinx/ECE_520/Sandbox/threat_detection_vitis/threat_app3/hw/threat_detector_bd_wrapper2.xsa
TRACE::2026-05-04.15:57:09::SCWPlatform::DSA absoulate path C:/Xilinx/ECE_520/Sandbox/threat_detection_vitis/threat_app3/hw/threat_detector_bd_wrapper2.xsa
TRACE::2026-05-04.15:57:09::SCWPlatform::DSA directory C:/Xilinx/ECE_520/Sandbox/threat_detection_vitis/threat_app3/hw
TRACE::2026-05-04.15:57:09::SCWPlatform:: Platform Path C:/Xilinx/ECE_520/Sandbox/threat_detection_vitis/threat_app3/hw/threat_detector_bd_wrapper2.xsa
TRACE::2026-05-04.15:57:09::SCWPlatform:: Unique name xilinx:zybo-z7-10::0.0
TRACE::2026-05-04.15:57:09::SCWPlatform::Trying to set the existing hwdb with name threat_detector_bd_wrapper_1
TRACE::2026-05-04.15:57:09::SCWPlatform::Opened existing hwdb threat_detector_bd_wrapper_1
TRACE::2026-05-04.15:57:09::SCWPlatform::Found the Hw Db part of the input DSA
TRACE::2026-05-04.15:57:09::SCWMssOS::Checking the sw design at  C:/Xilinx/ECE_520/Sandbox/threat_detection_vitis/threat_app3/zynq_fsbl/zynq_fsbl_bsp/system.mss
TRACE::2026-05-04.15:57:09::SCWMssOS::DEBUG:  swdes dump  C:/Xilinx/ECE_520/Sandbox/threat_detection_vitis/threat_app3/ps7_cortexa9_0/standalone_domain/bsp/system.mss|system_0||
C:/Xilinx/ECE_520/Sandbox/threat_detection_vitis/threat_app3/zynq_fsbl/zynq_fsbl_bsp/system.mss|system||

TRACE::2026-05-04.15:57:09::SCWMssOS::Sw design exists and opened at  C:/Xilinx/ECE_520/Sandbox/threat_detection_vitis/threat_app3/zynq_fsbl/zynq_fsbl_bsp/system.mss
TRACE::2026-05-04.15:57:09::SCWMssOS::Saving the mss changes C:/Xilinx/ECE_520/Sandbox/threat_detection_vitis/threat_app3/zynq_fsbl/zynq_fsbl_bsp/system.mss
TRACE::2026-05-04.15:57:09::SCWMssOS::Found a swdesign opened with the mssfile.
TRACE::2026-05-04.15:57:09::SCWMssOS::Completed writemss as part of save.
TRACE::2026-05-04.15:57:09::SCWMssOS::Commit changes completed.
TRACE::2026-05-04.15:57:09::SCWMssOS::Saving the mss changes C:/Xilinx/ECE_520/Sandbox/threat_detection_vitis/threat_app3/ps7_cortexa9_0/standalone_domain/bsp/system.mss
TRACE::2026-05-04.15:57:09::SCWMssOS::Found a swdesign opened with the mssfile.
TRACE::2026-05-04.15:57:09::SCWMssOS::Completed writemss as part of save.
TRACE::2026-05-04.15:57:09::SCWMssOS::Commit changes completed.
TRACE::2026-05-04.15:57:09::SCWPlatform::Trying to open the hw design at C:/Xilinx/ECE_520/Sandbox/threat_detection_vitis/threat_app3/hw/threat_detector_bd_wrapper2.xsa
TRACE::2026-05-04.15:57:09::SCWPlatform::DSA given C:/Xilinx/ECE_520/Sandbox/threat_detection_vitis/threat_app3/hw/threat_detector_bd_wrapper2.xsa
TRACE::2026-05-04.15:57:09::SCWPlatform::DSA absoulate path C:/Xilinx/ECE_520/Sandbox/threat_detection_vitis/threat_app3/hw/threat_detector_bd_wrapper2.xsa
TRACE::2026-05-04.15:57:09::SCWPlatform::DSA directory C:/Xilinx/ECE_520/Sandbox/threat_detection_vitis/threat_app3/hw
TRACE::2026-05-04.15:57:09::SCWPlatform:: Platform Path C:/Xilinx/ECE_520/Sandbox/threat_detection_vitis/threat_app3/hw/threat_detector_bd_wrapper2.xsa
TRACE::2026-05-04.15:57:09::SCWPlatform:: Unique name xilinx:zybo-z7-10::0.0
TRACE::2026-05-04.15:57:09::SCWPlatform::Trying to set the existing hwdb with name threat_detector_bd_wrapper_1
TRACE::2026-05-04.15:57:09::SCWPlatform::Opened existing hwdb threat_detector_bd_wrapper_1
TRACE::2026-05-04.15:57:09::SCWPlatform::Found the Hw Db part of the input DSA
TRACE::2026-05-04.15:57:09::SCWMssOS::Checking the sw design at  C:/Xilinx/ECE_520/Sandbox/threat_detection_vitis/threat_app3/zynq_fsbl/zynq_fsbl_bsp/system.mss
TRACE::2026-05-04.15:57:09::SCWMssOS::DEBUG:  swdes dump  C:/Xilinx/ECE_520/Sandbox/threat_detection_vitis/threat_app3/ps7_cortexa9_0/standalone_domain/bsp/system.mss|system_0||
C:/Xilinx/ECE_520/Sandbox/threat_detection_vitis/threat_app3/zynq_fsbl/zynq_fsbl_bsp/system.mss|system||

TRACE::2026-05-04.15:57:09::SCWMssOS::Sw design exists and opened at  C:/Xilinx/ECE_520/Sandbox/threat_detection_vitis/threat_app3/zynq_fsbl/zynq_fsbl_bsp/system.mss
TRACE::2026-05-04.15:57:09::SCWPlatform::Trying to open the hw design at C:/Xilinx/ECE_520/Sandbox/threat_detection_vitis/threat_app3/hw/threat_detector_bd_wrapper2.xsa
TRACE::2026-05-04.15:57:09::SCWPlatform::DSA given C:/Xilinx/ECE_520/Sandbox/threat_detection_vitis/threat_app3/hw/threat_detector_bd_wrapper2.xsa
TRACE::2026-05-04.15:57:09::SCWPlatform::DSA absoulate path C:/Xilinx/ECE_520/Sandbox/threat_detection_vitis/threat_app3/hw/threat_detector_bd_wrapper2.xsa
TRACE::2026-05-04.15:57:09::SCWPlatform::DSA directory C:/Xilinx/ECE_520/Sandbox/threat_detection_vitis/threat_app3/hw
TRACE::2026-05-04.15:57:09::SCWPlatform:: Platform Path C:/Xilinx/ECE_520/Sandbox/threat_detection_vitis/threat_app3/hw/threat_detector_bd_wrapper2.xsa
TRACE::2026-05-04.15:57:09::SCWPlatform:: Unique name xilinx:zybo-z7-10::0.0
TRACE::2026-05-04.15:57:09::SCWPlatform::Trying to set the existing hwdb with name threat_detector_bd_wrapper_1
TRACE::2026-05-04.15:57:09::SCWPlatform::Opened existing hwdb threat_detector_bd_wrapper_1
TRACE::2026-05-04.15:57:09::SCWPlatform::Found the Hw Db part of the input DSA
TRACE::2026-05-04.15:57:09::SCWMssOS::Checking the sw design at  C:/Xilinx/ECE_520/Sandbox/threat_detection_vitis/threat_app3/ps7_cortexa9_0/standalone_domain/bsp/system.mss
TRACE::2026-05-04.15:57:09::SCWMssOS::DEBUG:  swdes dump  C:/Xilinx/ECE_520/Sandbox/threat_detection_vitis/threat_app3/ps7_cortexa9_0/standalone_domain/bsp/system.mss|system_0||
C:/Xilinx/ECE_520/Sandbox/threat_detection_vitis/threat_app3/zynq_fsbl/zynq_fsbl_bsp/system.mss|system||

TRACE::2026-05-04.15:57:09::SCWMssOS::Sw design exists and opened at  C:/Xilinx/ECE_520/Sandbox/threat_detection_vitis/threat_app3/ps7_cortexa9_0/standalone_domain/bsp/system.mss
TRACE::2026-05-04.15:57:09::SCWWriter::formatted JSON is {
	"platformName":	"threat_app3",
	"sprVersion":	"2.0",
	"mode":	"gui",
	"dsaType":	"Fixed",
	"platformDesc":	"threat_app3",
	"platHandOff":	"C:/Xilinx/ECE_520/Sandbox/threat_detector_final_soc/threat_detector_bd_wrapper2.xsa",
	"platIntHandOff":	"<platformDir>/hw/threat_detector_bd_wrapper2.xsa",
	"deviceType":	"zynq",
	"platIsPrebuiltAutogen":	"false",
	"platIsNoBootBsp":	"false",
	"hasFsblMakeHasChanges":	"false",
	"hasPmufwMakeHasChanges":	"false",
	"fsblExtraCompilerFlags":	"-MMD -MP       -mcpu=cortex-a9 -mfpu=vfpv3 -mfloat-abi=hard ",
	"platPreBuiltFlag":	false,
	"platformSamplesDir":	"",
	"platActiveSys":	"threat_app3",
	"systems":	[{
			"systemName":	"threat_app3",
			"systemDesc":	"threat_app3",
			"sysIsBootAutoGen":	"true",
			"systemDispName":	"threat_app3",
			"sysActiveDom":	"zynq_fsbl",
			"sysDefaultDom":	"standalone_domain",
			"domains":	[{
					"domainName":	"zynq_fsbl",
					"domainDispName":	"zynq_fsbl",
					"domainDesc":	"FSBL Application BSP - Auto Generated.",
					"processors":	"ps7_cortexa9_0",
					"os":	"standalone",
					"sdxOs":	"standalone",
					"debugEnable":	"",
					"domRuntimes":	["cpp"],
					"swRepo":	"",
					"mssOsVer":	"8.1",
					"mssFile":	"",
					"md5Digest":	"b630e3c8bec66e7d8478d3bf6b3daee5",
					"compatibleApp":	"zynq_fsbl",
					"domType":	"bootDomain",
					"arch":	"32-bit",
					"appSettings":	{
						"appCompilerFlags":	"",
						"appLinkerFlags":	""
					},
					"addedLibs":	["xilffs:5.0", "xilrsa:1.6"],
					"libOptions":	{
						"libsContainingOptions":	[]
					},
					"changedDrivers":	{
						"ps7_cortexa9_0":	"none:",
						"changedCells":	["ps7_cortexa9_0"]
					},
					"prebuiltLibs":	{
						"prebuiltIncPath":	[],
						"prebuiltLibPath":	[]
					},
					"isolation":	{
					}
				}, {
					"domainName":	"standalone_domain",
					"domainDispName":	"standalone on ps7_cortexa9_0",
					"domainDesc":	"standalone_domain",
					"processors":	"ps7_cortexa9_0",
					"os":	"standalone",
					"sdxOs":	"standalone",
					"qemuArgs":	"<platformDir>/resources/threat_app3/standalone_domain/qemu_args.txt",
					"qemuData":	"<platformDir>/resources/threat_app3/standalone_domain/qemu",
					"debugEnable":	"False",
					"domRuntimes":	["cpp"],
					"swRepo":	"",
					"mssOsVer":	"8.1",
					"mssFile":	"",
					"md5Digest":	"459f485c5d217070af7324dfaecebcdf",
					"compatibleApp":	"",
					"domType":	"mssDomain",
					"appSettings":	{
						"appCompilerFlags":	"",
						"appLinkerFlags":	""
					},
					"addedLibs":	[],
					"libOptions":	{
						"libsContainingOptions":	[]
					},
					"prebuiltLibs":	{
						"prebuiltIncPath":	[],
						"prebuiltLibPath":	[]
					},
					"isolation":	{
					}
				}]
		}]
}
TRACE::2026-05-04.15:57:09::SCWMssOS::Saving the mss changes C:/Xilinx/ECE_520/Sandbox/threat_detection_vitis/threat_app3/zynq_fsbl/zynq_fsbl_bsp/system.mss
TRACE::2026-05-04.15:57:09::SCWMssOS::Found a swdesign opened with the mssfile.
TRACE::2026-05-04.15:57:09::SCWMssOS::Completed writemss as part of save.
TRACE::2026-05-04.15:57:09::SCWMssOS::Commit changes completed.
TRACE::2026-05-04.15:57:09::SCWPlatform::Trying to open the hw design at C:/Xilinx/ECE_520/Sandbox/threat_detection_vitis/threat_app3/hw/threat_detector_bd_wrapper2.xsa
TRACE::2026-05-04.15:57:09::SCWPlatform::DSA given C:/Xilinx/ECE_520/Sandbox/threat_detection_vitis/threat_app3/hw/threat_detector_bd_wrapper2.xsa
TRACE::2026-05-04.15:57:09::SCWPlatform::DSA absoulate path C:/Xilinx/ECE_520/Sandbox/threat_detection_vitis/threat_app3/hw/threat_detector_bd_wrapper2.xsa
TRACE::2026-05-04.15:57:09::SCWPlatform::DSA directory C:/Xilinx/ECE_520/Sandbox/threat_detection_vitis/threat_app3/hw
TRACE::2026-05-04.15:57:09::SCWPlatform:: Platform Path C:/Xilinx/ECE_520/Sandbox/threat_detection_vitis/threat_app3/hw/threat_detector_bd_wrapper2.xsa
TRACE::2026-05-04.15:57:09::SCWPlatform:: Unique name xilinx:zybo-z7-10::0.0
TRACE::2026-05-04.15:57:09::SCWPlatform::Trying to set the existing hwdb with name threat_detector_bd_wrapper_1
TRACE::2026-05-04.15:57:09::SCWPlatform::Opened existing hwdb threat_detector_bd_wrapper_1
TRACE::2026-05-04.15:57:09::SCWPlatform::Found the Hw Db part of the input DSA
TRACE::2026-05-04.15:57:09::SCWMssOS::Checking the sw design at  C:/Xilinx/ECE_520/Sandbox/threat_detection_vitis/threat_app3/zynq_fsbl/zynq_fsbl_bsp/system.mss
TRACE::2026-05-04.15:57:09::SCWMssOS::DEBUG:  swdes dump  C:/Xilinx/ECE_520/Sandbox/threat_detection_vitis/threat_app3/ps7_cortexa9_0/standalone_domain/bsp/system.mss|system_0||
C:/Xilinx/ECE_520/Sandbox/threat_detection_vitis/threat_app3/zynq_fsbl/zynq_fsbl_bsp/system.mss|system||

TRACE::2026-05-04.15:57:09::SCWMssOS::Sw design exists and opened at  C:/Xilinx/ECE_520/Sandbox/threat_detection_vitis/threat_app3/zynq_fsbl/zynq_fsbl_bsp/system.mss
TRACE::2026-05-04.15:57:09::SCWMssOS::Removing the swdes entry for  C:/Xilinx/ECE_520/Sandbox/threat_detection_vitis/threat_app3/zynq_fsbl/zynq_fsbl_bsp/system.mss
TRACE::2026-05-04.15:57:10::SCWMssOS::In reload Mss file.
TRACE::2026-05-04.15:57:10::SCWPlatform::Trying to open the hw design at C:/Xilinx/ECE_520/Sandbox/threat_detection_vitis/threat_app3/hw/threat_detector_bd_wrapper2.xsa
TRACE::2026-05-04.15:57:10::SCWPlatform::DSA given C:/Xilinx/ECE_520/Sandbox/threat_detection_vitis/threat_app3/hw/threat_detector_bd_wrapper2.xsa
TRACE::2026-05-04.15:57:10::SCWPlatform::DSA absoulate path C:/Xilinx/ECE_520/Sandbox/threat_detection_vitis/threat_app3/hw/threat_detector_bd_wrapper2.xsa
TRACE::2026-05-04.15:57:10::SCWPlatform::DSA directory C:/Xilinx/ECE_520/Sandbox/threat_detection_vitis/threat_app3/hw
TRACE::2026-05-04.15:57:10::SCWPlatform:: Platform Path C:/Xilinx/ECE_520/Sandbox/threat_detection_vitis/threat_app3/hw/threat_detector_bd_wrapper2.xsa
TRACE::2026-05-04.15:57:10::SCWPlatform:: Unique name xilinx:zybo-z7-10::0.0
TRACE::2026-05-04.15:57:10::SCWPlatform::Trying to set the existing hwdb with name threat_detector_bd_wrapper_1
TRACE::2026-05-04.15:57:10::SCWPlatform::Opened existing hwdb threat_detector_bd_wrapper_1
TRACE::2026-05-04.15:57:10::SCWPlatform::Found the Hw Db part of the input DSA
TRACE::2026-05-04.15:57:10::SCWMssOS::Checking the sw design at  C:/Xilinx/ECE_520/Sandbox/threat_detection_vitis/threat_app3/zynq_fsbl/zynq_fsbl_bsp/system.mss
TRACE::2026-05-04.15:57:10::SCWMssOS::DEBUG:  swdes dump  C:/Xilinx/ECE_520/Sandbox/threat_detection_vitis/threat_app3/ps7_cortexa9_0/standalone_domain/bsp/system.mss|system_0||

TRACE::2026-05-04.15:57:10::SCWMssOS::No sw design opened at  C:/Xilinx/ECE_520/Sandbox/threat_detection_vitis/threat_app3/zynq_fsbl/zynq_fsbl_bsp/system.mss
TRACE::2026-05-04.15:57:10::SCWMssOS::mss exists loading the mss file  C:/Xilinx/ECE_520/Sandbox/threat_detection_vitis/threat_app3/zynq_fsbl/zynq_fsbl_bsp/system.mss
TRACE::2026-05-04.15:57:10::SCWMssOS::Opened the sw design from mss  C:/Xilinx/ECE_520/Sandbox/threat_detection_vitis/threat_app3/zynq_fsbl/zynq_fsbl_bsp/system.mss
TRACE::2026-05-04.15:57:10::SCWMssOS::Adding the swdes entry C:/Xilinx/ECE_520/Sandbox/threat_detection_vitis/threat_app3/zynq_fsbl/zynq_fsbl_bsp/system.mss with des name system
TRACE::2026-05-04.15:57:10::SCWMssOS::updating the scw layer about changes
TRACE::2026-05-04.15:57:10::SCWMssOS::Opened the sw design.  C:/Xilinx/ECE_520/Sandbox/threat_detection_vitis/threat_app3/zynq_fsbl/zynq_fsbl_bsp/system.mss
TRACE::2026-05-04.15:57:10::SCWPlatform::Trying to open the hw design at C:/Xilinx/ECE_520/Sandbox/threat_detection_vitis/threat_app3/hw/threat_detector_bd_wrapper2.xsa
TRACE::2026-05-04.15:57:10::SCWPlatform::DSA given C:/Xilinx/ECE_520/Sandbox/threat_detection_vitis/threat_app3/hw/threat_detector_bd_wrapper2.xsa
TRACE::2026-05-04.15:57:10::SCWPlatform::DSA absoulate path C:/Xilinx/ECE_520/Sandbox/threat_detection_vitis/threat_app3/hw/threat_detector_bd_wrapper2.xsa
TRACE::2026-05-04.15:57:10::SCWPlatform::DSA directory C:/Xilinx/ECE_520/Sandbox/threat_detection_vitis/threat_app3/hw
TRACE::2026-05-04.15:57:10::SCWPlatform:: Platform Path C:/Xilinx/ECE_520/Sandbox/threat_detection_vitis/threat_app3/hw/threat_detector_bd_wrapper2.xsa
TRACE::2026-05-04.15:57:10::SCWPlatform:: Unique name xilinx:zybo-z7-10::0.0
TRACE::2026-05-04.15:57:10::SCWPlatform::Trying to set the existing hwdb with name threat_detector_bd_wrapper_1
TRACE::2026-05-04.15:57:10::SCWPlatform::Opened existing hwdb threat_detector_bd_wrapper_1
TRACE::2026-05-04.15:57:10::SCWPlatform::Found the Hw Db part of the input DSA
TRACE::2026-05-04.15:57:10::SCWMssOS::Checking the sw design at  C:/Xilinx/ECE_520/Sandbox/threat_detection_vitis/threat_app3/zynq_fsbl/zynq_fsbl_bsp/system.mss
TRACE::2026-05-04.15:57:10::SCWMssOS::DEBUG:  swdes dump  C:/Xilinx/ECE_520/Sandbox/threat_detection_vitis/threat_app3/ps7_cortexa9_0/standalone_domain/bsp/system.mss|system_0||
C:/Xilinx/ECE_520/Sandbox/threat_detection_vitis/threat_app3/zynq_fsbl/zynq_fsbl_bsp/system.mss|system||

TRACE::2026-05-04.15:57:10::SCWMssOS::Sw design exists and opened at  C:/Xilinx/ECE_520/Sandbox/threat_detection_vitis/threat_app3/zynq_fsbl/zynq_fsbl_bsp/system.mss
TRACE::2026-05-04.15:57:10::SCWMssOS:: library already available in sw design:  xilffs:5.0
TRACE::2026-05-04.15:57:10::SCWPlatform::Trying to open the hw design at C:/Xilinx/ECE_520/Sandbox/threat_detection_vitis/threat_app3/hw/threat_detector_bd_wrapper2.xsa
TRACE::2026-05-04.15:57:10::SCWPlatform::DSA given C:/Xilinx/ECE_520/Sandbox/threat_detection_vitis/threat_app3/hw/threat_detector_bd_wrapper2.xsa
TRACE::2026-05-04.15:57:10::SCWPlatform::DSA absoulate path C:/Xilinx/ECE_520/Sandbox/threat_detection_vitis/threat_app3/hw/threat_detector_bd_wrapper2.xsa
TRACE::2026-05-04.15:57:10::SCWPlatform::DSA directory C:/Xilinx/ECE_520/Sandbox/threat_detection_vitis/threat_app3/hw
TRACE::2026-05-04.15:57:10::SCWPlatform:: Platform Path C:/Xilinx/ECE_520/Sandbox/threat_detection_vitis/threat_app3/hw/threat_detector_bd_wrapper2.xsa
TRACE::2026-05-04.15:57:10::SCWPlatform:: Unique name xilinx:zybo-z7-10::0.0
TRACE::2026-05-04.15:57:10::SCWPlatform::Trying to set the existing hwdb with name threat_detector_bd_wrapper_1
TRACE::2026-05-04.15:57:10::SCWPlatform::Opened existing hwdb threat_detector_bd_wrapper_1
TRACE::2026-05-04.15:57:10::SCWPlatform::Found the Hw Db part of the input DSA
TRACE::2026-05-04.15:57:10::SCWMssOS::Checking the sw design at  C:/Xilinx/ECE_520/Sandbox/threat_detection_vitis/threat_app3/zynq_fsbl/zynq_fsbl_bsp/system.mss
TRACE::2026-05-04.15:57:10::SCWMssOS::DEBUG:  swdes dump  C:/Xilinx/ECE_520/Sandbox/threat_detection_vitis/threat_app3/ps7_cortexa9_0/standalone_domain/bsp/system.mss|system_0||
C:/Xilinx/ECE_520/Sandbox/threat_detection_vitis/threat_app3/zynq_fsbl/zynq_fsbl_bsp/system.mss|system||

TRACE::2026-05-04.15:57:10::SCWMssOS::Sw design exists and opened at  C:/Xilinx/ECE_520/Sandbox/threat_detection_vitis/threat_app3/zynq_fsbl/zynq_fsbl_bsp/system.mss
TRACE::2026-05-04.15:57:10::SCWMssOS:: library already available in sw design:  xilrsa:1.6
TRACE::2026-05-04.15:57:10::SCWPlatform::Trying to open the hw design at C:/Xilinx/ECE_520/Sandbox/threat_detection_vitis/threat_app3/hw/threat_detector_bd_wrapper2.xsa
TRACE::2026-05-04.15:57:10::SCWPlatform::DSA given C:/Xilinx/ECE_520/Sandbox/threat_detection_vitis/threat_app3/hw/threat_detector_bd_wrapper2.xsa
TRACE::2026-05-04.15:57:10::SCWPlatform::DSA absoulate path C:/Xilinx/ECE_520/Sandbox/threat_detection_vitis/threat_app3/hw/threat_detector_bd_wrapper2.xsa
TRACE::2026-05-04.15:57:10::SCWPlatform::DSA directory C:/Xilinx/ECE_520/Sandbox/threat_detection_vitis/threat_app3/hw
TRACE::2026-05-04.15:57:10::SCWPlatform:: Platform Path C:/Xilinx/ECE_520/Sandbox/threat_detection_vitis/threat_app3/hw/threat_detector_bd_wrapper2.xsa
TRACE::2026-05-04.15:57:10::SCWPlatform:: Unique name xilinx:zybo-z7-10::0.0
TRACE::2026-05-04.15:57:10::SCWPlatform::Trying to set the existing hwdb with name threat_detector_bd_wrapper_1
TRACE::2026-05-04.15:57:10::SCWPlatform::Opened existing hwdb threat_detector_bd_wrapper_1
TRACE::2026-05-04.15:57:10::SCWPlatform::Found the Hw Db part of the input DSA
TRACE::2026-05-04.15:57:10::SCWMssOS::Checking the sw design at  C:/Xilinx/ECE_520/Sandbox/threat_detection_vitis/threat_app3/zynq_fsbl/zynq_fsbl_bsp/system.mss
TRACE::2026-05-04.15:57:10::SCWMssOS::DEBUG:  swdes dump  C:/Xilinx/ECE_520/Sandbox/threat_detection_vitis/threat_app3/ps7_cortexa9_0/standalone_domain/bsp/system.mss|system_0||
C:/Xilinx/ECE_520/Sandbox/threat_detection_vitis/threat_app3/zynq_fsbl/zynq_fsbl_bsp/system.mss|system||

TRACE::2026-05-04.15:57:10::SCWMssOS::Sw design exists and opened at  C:/Xilinx/ECE_520/Sandbox/threat_detection_vitis/threat_app3/zynq_fsbl/zynq_fsbl_bsp/system.mss
TRACE::2026-05-04.15:57:10::SCWMssOS::Saving the mss changes C:/Xilinx/ECE_520/Sandbox/threat_detection_vitis/threat_app3/zynq_fsbl/zynq_fsbl_bsp/system.mss
TRACE::2026-05-04.15:57:10::SCWMssOS::Found a swdesign opened with the mssfile.
TRACE::2026-05-04.15:57:10::SCWMssOS::Completed writemss as part of save.
TRACE::2026-05-04.15:57:10::SCWMssOS::Commit changes completed.
TRACE::2026-05-04.15:57:10::SCWPlatform::Trying to open the hw design at C:/Xilinx/ECE_520/Sandbox/threat_detection_vitis/threat_app3/hw/threat_detector_bd_wrapper2.xsa
TRACE::2026-05-04.15:57:10::SCWPlatform::DSA given C:/Xilinx/ECE_520/Sandbox/threat_detection_vitis/threat_app3/hw/threat_detector_bd_wrapper2.xsa
TRACE::2026-05-04.15:57:10::SCWPlatform::DSA absoulate path C:/Xilinx/ECE_520/Sandbox/threat_detection_vitis/threat_app3/hw/threat_detector_bd_wrapper2.xsa
TRACE::2026-05-04.15:57:10::SCWPlatform::DSA directory C:/Xilinx/ECE_520/Sandbox/threat_detection_vitis/threat_app3/hw
TRACE::2026-05-04.15:57:10::SCWPlatform:: Platform Path C:/Xilinx/ECE_520/Sandbox/threat_detection_vitis/threat_app3/hw/threat_detector_bd_wrapper2.xsa
TRACE::2026-05-04.15:57:10::SCWPlatform:: Unique name xilinx:zybo-z7-10::0.0
TRACE::2026-05-04.15:57:10::SCWPlatform::Trying to set the existing hwdb with name threat_detector_bd_wrapper_1
TRACE::2026-05-04.15:57:10::SCWPlatform::Opened existing hwdb threat_detector_bd_wrapper_1
TRACE::2026-05-04.15:57:10::SCWPlatform::Found the Hw Db part of the input DSA
TRACE::2026-05-04.15:57:10::SCWMssOS::Checking the sw design at  C:/Xilinx/ECE_520/Sandbox/threat_detection_vitis/threat_app3/zynq_fsbl/zynq_fsbl_bsp/system.mss
TRACE::2026-05-04.15:57:10::SCWMssOS::DEBUG:  swdes dump  C:/Xilinx/ECE_520/Sandbox/threat_detection_vitis/threat_app3/ps7_cortexa9_0/standalone_domain/bsp/system.mss|system_0||
C:/Xilinx/ECE_520/Sandbox/threat_detection_vitis/threat_app3/zynq_fsbl/zynq_fsbl_bsp/system.mss|system||

TRACE::2026-05-04.15:57:10::SCWMssOS::Sw design exists and opened at  C:/Xilinx/ECE_520/Sandbox/threat_detection_vitis/threat_app3/zynq_fsbl/zynq_fsbl_bsp/system.mss
TRACE::2026-05-04.15:57:10::SCWMssOS::Removing the swdes entry for  C:/Xilinx/ECE_520/Sandbox/threat_detection_vitis/threat_app3/zynq_fsbl/zynq_fsbl_bsp/system.mss
TRACE::2026-05-04.15:57:10::SCWPlatform::Trying to open the hw design at C:/Xilinx/ECE_520/Sandbox/threat_detection_vitis/threat_app3/hw/threat_detector_bd_wrapper2.xsa
TRACE::2026-05-04.15:57:10::SCWPlatform::DSA given C:/Xilinx/ECE_520/Sandbox/threat_detection_vitis/threat_app3/hw/threat_detector_bd_wrapper2.xsa
TRACE::2026-05-04.15:57:10::SCWPlatform::DSA absoulate path C:/Xilinx/ECE_520/Sandbox/threat_detection_vitis/threat_app3/hw/threat_detector_bd_wrapper2.xsa
TRACE::2026-05-04.15:57:10::SCWPlatform::DSA directory C:/Xilinx/ECE_520/Sandbox/threat_detection_vitis/threat_app3/hw
TRACE::2026-05-04.15:57:10::SCWPlatform:: Platform Path C:/Xilinx/ECE_520/Sandbox/threat_detection_vitis/threat_app3/hw/threat_detector_bd_wrapper2.xsa
TRACE::2026-05-04.15:57:10::SCWPlatform:: Unique name xilinx:zybo-z7-10::0.0
TRACE::2026-05-04.15:57:10::SCWPlatform::Trying to set the existing hwdb with name threat_detector_bd_wrapper_1
TRACE::2026-05-04.15:57:10::SCWPlatform::Opened existing hwdb threat_detector_bd_wrapper_1
TRACE::2026-05-04.15:57:10::SCWPlatform::Found the Hw Db part of the input DSA
TRACE::2026-05-04.15:57:10::SCWMssOS::Checking the sw design at  C:/Xilinx/ECE_520/Sandbox/threat_detection_vitis/threat_app3/zynq_fsbl/zynq_fsbl_bsp/system.mss
TRACE::2026-05-04.15:57:10::SCWMssOS::DEBUG:  swdes dump  C:/Xilinx/ECE_520/Sandbox/threat_detection_vitis/threat_app3/ps7_cortexa9_0/standalone_domain/bsp/system.mss|system_0||

TRACE::2026-05-04.15:57:10::SCWMssOS::No sw design opened at  C:/Xilinx/ECE_520/Sandbox/threat_detection_vitis/threat_app3/zynq_fsbl/zynq_fsbl_bsp/system.mss
TRACE::2026-05-04.15:57:10::SCWMssOS::mss exists loading the mss file  C:/Xilinx/ECE_520/Sandbox/threat_detection_vitis/threat_app3/zynq_fsbl/zynq_fsbl_bsp/system.mss
TRACE::2026-05-04.15:57:10::SCWMssOS::Opened the sw design from mss  C:/Xilinx/ECE_520/Sandbox/threat_detection_vitis/threat_app3/zynq_fsbl/zynq_fsbl_bsp/system.mss
TRACE::2026-05-04.15:57:10::SCWMssOS::Adding the swdes entry C:/Xilinx/ECE_520/Sandbox/threat_detection_vitis/threat_app3/zynq_fsbl/zynq_fsbl_bsp/system.mss with des name system
TRACE::2026-05-04.15:57:10::SCWMssOS::updating the scw layer about changes
TRACE::2026-05-04.15:57:10::SCWMssOS::Opened the sw design.  C:/Xilinx/ECE_520/Sandbox/threat_detection_vitis/threat_app3/zynq_fsbl/zynq_fsbl_bsp/system.mss
TRACE::2026-05-04.15:57:10::SCWBDomain::Completed writing the mss file at C:/Xilinx/ECE_520/Sandbox/threat_detection_vitis/threat_app3/zynq_fsbl/zynq_fsbl_bsp
TRACE::2026-05-04.15:57:10::SCWBDomain::Forcing BSP Sources regeneration.
TRACE::2026-05-04.15:57:11::SCWBDomain::Updating the makefile used for building the Application zynq_fsbl
TRACE::2026-05-04.15:57:11::SCWPlatform::Trying to open the hw design at C:/Xilinx/ECE_520/Sandbox/threat_detection_vitis/threat_app3/hw/threat_detector_bd_wrapper2.xsa
TRACE::2026-05-04.15:57:11::SCWPlatform::DSA given C:/Xilinx/ECE_520/Sandbox/threat_detection_vitis/threat_app3/hw/threat_detector_bd_wrapper2.xsa
TRACE::2026-05-04.15:57:11::SCWPlatform::DSA absoulate path C:/Xilinx/ECE_520/Sandbox/threat_detection_vitis/threat_app3/hw/threat_detector_bd_wrapper2.xsa
TRACE::2026-05-04.15:57:11::SCWPlatform::DSA directory C:/Xilinx/ECE_520/Sandbox/threat_detection_vitis/threat_app3/hw
TRACE::2026-05-04.15:57:11::SCWPlatform:: Platform Path C:/Xilinx/ECE_520/Sandbox/threat_detection_vitis/threat_app3/hw/threat_detector_bd_wrapper2.xsa
TRACE::2026-05-04.15:57:11::SCWPlatform:: Unique name xilinx:zybo-z7-10::0.0
TRACE::2026-05-04.15:57:11::SCWPlatform::Trying to set the existing hwdb with name threat_detector_bd_wrapper_1
TRACE::2026-05-04.15:57:11::SCWPlatform::Opened existing hwdb threat_detector_bd_wrapper_1
TRACE::2026-05-04.15:57:11::SCWPlatform::Found the Hw Db part of the input DSA
TRACE::2026-05-04.15:57:11::SCWMssOS::Checking the sw design at  C:/Xilinx/ECE_520/Sandbox/threat_detection_vitis/threat_app3/zynq_fsbl/zynq_fsbl_bsp/system.mss
TRACE::2026-05-04.15:57:11::SCWMssOS::DEBUG:  swdes dump  C:/Xilinx/ECE_520/Sandbox/threat_detection_vitis/threat_app3/ps7_cortexa9_0/standalone_domain/bsp/system.mss|system_0||

TRACE::2026-05-04.15:57:11::SCWMssOS::No sw design opened at  C:/Xilinx/ECE_520/Sandbox/threat_detection_vitis/threat_app3/zynq_fsbl/zynq_fsbl_bsp/system.mss
TRACE::2026-05-04.15:57:11::SCWMssOS::mss exists loading the mss file  C:/Xilinx/ECE_520/Sandbox/threat_detection_vitis/threat_app3/zynq_fsbl/zynq_fsbl_bsp/system.mss
TRACE::2026-05-04.15:57:11::SCWMssOS::Opened the sw design from mss  C:/Xilinx/ECE_520/Sandbox/threat_detection_vitis/threat_app3/zynq_fsbl/zynq_fsbl_bsp/system.mss
TRACE::2026-05-04.15:57:11::SCWMssOS::Adding the swdes entry C:/Xilinx/ECE_520/Sandbox/threat_detection_vitis/threat_app3/zynq_fsbl/zynq_fsbl_bsp/system.mss with des name system
TRACE::2026-05-04.15:57:11::SCWMssOS::updating the scw layer about changes
TRACE::2026-05-04.15:57:11::SCWMssOS::Opened the sw design.  C:/Xilinx/ECE_520/Sandbox/threat_detection_vitis/threat_app3/zynq_fsbl/zynq_fsbl_bsp/system.mss
TRACE::2026-05-04.15:57:16::SCWBDomain::removing the temporary location in _platform.
TRACE::2026-05-04.15:57:16::SCWBDomain::Makefile is Updated.
TRACE::2026-05-04.15:57:16::SCWBDomain::doing clean.
TRACE::2026-05-04.15:57:16::SCWBDomain::System Command Ran  C:&  cd  C:/Xilinx/ECE_520/Sandbox/threat_detection_vitis/threat_app3/zynq_fsbl & make clean
TRACE::2026-05-04.15:57:16::SCWBDomain::rm -rf  sd.o  nand.o  nor.o  image_mover.o  md5.o  fsbl_hooks.o  main.o  rsa.o  qspi.o  ps7_init.o  pcap.o  fsbl_handoff.o zynq
TRACE::2026-05-04.15:57:16::SCWBDomain::_fsbl_bsp/ps7_cortexa9_0/lib/libxil.a fsbl.elf *.o

TRACE::2026-05-04.15:58:15::SCWPlatform::Trying to open the hw design at C:/Xilinx/ECE_520/Sandbox/threat_detection_vitis/threat_app3/hw/threat_detector_bd_wrapper2.xsa
TRACE::2026-05-04.15:58:15::SCWPlatform::DSA given C:/Xilinx/ECE_520/Sandbox/threat_detection_vitis/threat_app3/hw/threat_detector_bd_wrapper2.xsa
TRACE::2026-05-04.15:58:15::SCWPlatform::DSA absoulate path C:/Xilinx/ECE_520/Sandbox/threat_detection_vitis/threat_app3/hw/threat_detector_bd_wrapper2.xsa
TRACE::2026-05-04.15:58:15::SCWPlatform::DSA directory C:/Xilinx/ECE_520/Sandbox/threat_detection_vitis/threat_app3/hw
TRACE::2026-05-04.15:58:15::SCWPlatform:: Platform Path C:/Xilinx/ECE_520/Sandbox/threat_detection_vitis/threat_app3/hw/threat_detector_bd_wrapper2.xsa
TRACE::2026-05-04.15:58:15::SCWPlatform:: Unique name xilinx:zybo-z7-10::0.0
TRACE::2026-05-04.15:58:15::SCWPlatform::Trying to set the existing hwdb with name threat_detector_bd_wrapper_1
TRACE::2026-05-04.15:58:15::SCWPlatform::Opened existing hwdb threat_detector_bd_wrapper_1
TRACE::2026-05-04.15:58:15::SCWPlatform::Found the Hw Db part of the input DSA
TRACE::2026-05-04.15:58:15::SCWMssOS::Checking the sw design at  C:/Xilinx/ECE_520/Sandbox/threat_detection_vitis/threat_app3/ps7_cortexa9_0/standalone_domain/bsp/system.mss
TRACE::2026-05-04.15:58:15::SCWMssOS::DEBUG:  swdes dump  C:/Xilinx/ECE_520/Sandbox/threat_detection_vitis/threat_app3/ps7_cortexa9_0/standalone_domain/bsp/system.mss|system_0||
C:/Xilinx/ECE_520/Sandbox/threat_detection_vitis/threat_app3/zynq_fsbl/zynq_fsbl_bsp/system.mss|system||

TRACE::2026-05-04.15:58:15::SCWMssOS::Sw design exists and opened at  C:/Xilinx/ECE_520/Sandbox/threat_detection_vitis/threat_app3/ps7_cortexa9_0/standalone_domain/bsp/system.mss
TRACE::2026-05-04.15:58:16::SCWMssOS::In reload Mss file.
TRACE::2026-05-04.15:58:16::SCWPlatform::Trying to open the hw design at C:/Xilinx/ECE_520/Sandbox/threat_detection_vitis/threat_app3/hw/threat_detector_bd_wrapper2.xsa
TRACE::2026-05-04.15:58:16::SCWPlatform::DSA given C:/Xilinx/ECE_520/Sandbox/threat_detection_vitis/threat_app3/hw/threat_detector_bd_wrapper2.xsa
TRACE::2026-05-04.15:58:16::SCWPlatform::DSA absoulate path C:/Xilinx/ECE_520/Sandbox/threat_detection_vitis/threat_app3/hw/threat_detector_bd_wrapper2.xsa
TRACE::2026-05-04.15:58:16::SCWPlatform::DSA directory C:/Xilinx/ECE_520/Sandbox/threat_detection_vitis/threat_app3/hw
TRACE::2026-05-04.15:58:16::SCWPlatform:: Platform Path C:/Xilinx/ECE_520/Sandbox/threat_detection_vitis/threat_app3/hw/threat_detector_bd_wrapper2.xsa
TRACE::2026-05-04.15:58:16::SCWPlatform:: Unique name xilinx:zybo-z7-10::0.0
TRACE::2026-05-04.15:58:16::SCWPlatform::Trying to set the existing hwdb with name threat_detector_bd_wrapper_1
TRACE::2026-05-04.15:58:16::SCWPlatform::Opened existing hwdb threat_detector_bd_wrapper_1
TRACE::2026-05-04.15:58:16::SCWPlatform::Found the Hw Db part of the input DSA
TRACE::2026-05-04.15:58:16::SCWMssOS::Checking the sw design at  C:/Xilinx/ECE_520/Sandbox/threat_detection_vitis/threat_app3/ps7_cortexa9_0/standalone_domain/bsp/system.mss
TRACE::2026-05-04.15:58:16::SCWMssOS::DEBUG:  swdes dump  C:/Xilinx/ECE_520/Sandbox/threat_detection_vitis/threat_app3/zynq_fsbl/zynq_fsbl_bsp/system.mss|system||

TRACE::2026-05-04.15:58:16::SCWMssOS::No sw design opened at  C:/Xilinx/ECE_520/Sandbox/threat_detection_vitis/threat_app3/ps7_cortexa9_0/standalone_domain/bsp/system.mss
TRACE::2026-05-04.15:58:16::SCWMssOS::mss exists loading the mss file  C:/Xilinx/ECE_520/Sandbox/threat_detection_vitis/threat_app3/ps7_cortexa9_0/standalone_domain/bsp/system.mss
TRACE::2026-05-04.15:58:16::SCWMssOS::Opened the sw design from mss  C:/Xilinx/ECE_520/Sandbox/threat_detection_vitis/threat_app3/ps7_cortexa9_0/standalone_domain/bsp/system.mss
TRACE::2026-05-04.15:58:16::SCWMssOS::Adding the swdes entry C:/Xilinx/ECE_520/Sandbox/threat_detection_vitis/threat_app3/ps7_cortexa9_0/standalone_domain/bsp/system.mss with des name system
TRACE::2026-05-04.15:58:16::SCWMssOS::updating the scw layer about changes
TRACE::2026-05-04.15:58:16::SCWMssOS::Opened the sw design.  C:/Xilinx/ECE_520/Sandbox/threat_detection_vitis/threat_app3/ps7_cortexa9_0/standalone_domain/bsp/system.mss
TRACE::2026-05-04.15:58:16::SCWMssOS::Saving the mss changes C:/Xilinx/ECE_520/Sandbox/threat_detection_vitis/threat_app3/ps7_cortexa9_0/standalone_domain/bsp/system.mss
TRACE::2026-05-04.15:58:16::SCWMssOS::Found a swdesign opened with the mssfile.
TRACE::2026-05-04.15:58:16::SCWMssOS::Completed writemss as part of save.
TRACE::2026-05-04.15:58:16::SCWMssOS::Commit changes completed.
TRACE::2026-05-04.15:58:16::SCWPlatform::Trying to open the hw design at C:/Xilinx/ECE_520/Sandbox/threat_detection_vitis/threat_app3/hw/threat_detector_bd_wrapper2.xsa
TRACE::2026-05-04.15:58:16::SCWPlatform::DSA given C:/Xilinx/ECE_520/Sandbox/threat_detection_vitis/threat_app3/hw/threat_detector_bd_wrapper2.xsa
TRACE::2026-05-04.15:58:16::SCWPlatform::DSA absoulate path C:/Xilinx/ECE_520/Sandbox/threat_detection_vitis/threat_app3/hw/threat_detector_bd_wrapper2.xsa
TRACE::2026-05-04.15:58:16::SCWPlatform::DSA directory C:/Xilinx/ECE_520/Sandbox/threat_detection_vitis/threat_app3/hw
TRACE::2026-05-04.15:58:16::SCWPlatform:: Platform Path C:/Xilinx/ECE_520/Sandbox/threat_detection_vitis/threat_app3/hw/threat_detector_bd_wrapper2.xsa
TRACE::2026-05-04.15:58:16::SCWPlatform:: Unique name xilinx:zybo-z7-10::0.0
TRACE::2026-05-04.15:58:16::SCWPlatform::Trying to set the existing hwdb with name threat_detector_bd_wrapper_1
TRACE::2026-05-04.15:58:16::SCWPlatform::Opened existing hwdb threat_detector_bd_wrapper_1
TRACE::2026-05-04.15:58:16::SCWPlatform::Found the Hw Db part of the input DSA
TRACE::2026-05-04.15:58:16::SCWMssOS::Checking the sw design at  C:/Xilinx/ECE_520/Sandbox/threat_detection_vitis/threat_app3/ps7_cortexa9_0/standalone_domain/bsp/system.mss
TRACE::2026-05-04.15:58:16::SCWMssOS::DEBUG:  swdes dump  C:/Xilinx/ECE_520/Sandbox/threat_detection_vitis/threat_app3/ps7_cortexa9_0/standalone_domain/bsp/system.mss|system||

TRACE::2026-05-04.15:58:16::SCWMssOS::Sw design exists and opened at  C:/Xilinx/ECE_520/Sandbox/threat_detection_vitis/threat_app3/ps7_cortexa9_0/standalone_domain/bsp/system.mss
TRACE::2026-05-04.15:58:16::SCWMssOS::Removing the swdes entry for  C:/Xilinx/ECE_520/Sandbox/threat_detection_vitis/threat_app3/ps7_cortexa9_0/standalone_domain/bsp/system.mss
TRACE::2026-05-04.15:58:17::SCWPlatform::Trying to open the hw design at C:/Xilinx/ECE_520/Sandbox/threat_detection_vitis/threat_app3/hw/threat_detector_bd_wrapper2.xsa
TRACE::2026-05-04.15:58:17::SCWPlatform::DSA given C:/Xilinx/ECE_520/Sandbox/threat_detection_vitis/threat_app3/hw/threat_detector_bd_wrapper2.xsa
TRACE::2026-05-04.15:58:17::SCWPlatform::DSA absoulate path C:/Xilinx/ECE_520/Sandbox/threat_detection_vitis/threat_app3/hw/threat_detector_bd_wrapper2.xsa
TRACE::2026-05-04.15:58:17::SCWPlatform::DSA directory C:/Xilinx/ECE_520/Sandbox/threat_detection_vitis/threat_app3/hw
TRACE::2026-05-04.15:58:17::SCWPlatform:: Platform Path C:/Xilinx/ECE_520/Sandbox/threat_detection_vitis/threat_app3/hw/threat_detector_bd_wrapper2.xsa
TRACE::2026-05-04.15:58:17::SCWPlatform:: Unique name xilinx:zybo-z7-10::0.0
TRACE::2026-05-04.15:58:17::SCWPlatform::Trying to set the existing hwdb with name threat_detector_bd_wrapper_1
TRACE::2026-05-04.15:58:17::SCWPlatform::Opened existing hwdb threat_detector_bd_wrapper_1
TRACE::2026-05-04.15:58:17::SCWPlatform::Found the Hw Db part of the input DSA
TRACE::2026-05-04.15:58:17::SCWMssOS::Checking the sw design at  C:/Xilinx/ECE_520/Sandbox/threat_detection_vitis/threat_app3/ps7_cortexa9_0/standalone_domain/bsp/system.mss
TRACE::2026-05-04.15:58:17::SCWMssOS::DEBUG:  swdes dump  
TRACE::2026-05-04.15:58:17::SCWMssOS::No sw design opened at  C:/Xilinx/ECE_520/Sandbox/threat_detection_vitis/threat_app3/ps7_cortexa9_0/standalone_domain/bsp/system.mss
TRACE::2026-05-04.15:58:17::SCWMssOS::mss exists loading the mss file  C:/Xilinx/ECE_520/Sandbox/threat_detection_vitis/threat_app3/ps7_cortexa9_0/standalone_domain/bsp/system.mss
TRACE::2026-05-04.15:58:17::SCWMssOS::Opened the sw design from mss  C:/Xilinx/ECE_520/Sandbox/threat_detection_vitis/threat_app3/ps7_cortexa9_0/standalone_domain/bsp/system.mss
TRACE::2026-05-04.15:58:17::SCWMssOS::Adding the swdes entry C:/Xilinx/ECE_520/Sandbox/threat_detection_vitis/threat_app3/ps7_cortexa9_0/standalone_domain/bsp/system.mss with des name system
TRACE::2026-05-04.15:58:17::SCWMssOS::updating the scw layer about changes
TRACE::2026-05-04.15:58:17::SCWMssOS::Opened the sw design.  C:/Xilinx/ECE_520/Sandbox/threat_detection_vitis/threat_app3/ps7_cortexa9_0/standalone_domain/bsp/system.mss
TRACE::2026-05-04.15:58:49::SCWPlatform::Trying to open the hw design at C:/Xilinx/ECE_520/Sandbox/threat_detection_vitis/threat_app3/hw/threat_detector_bd_wrapper2.xsa
TRACE::2026-05-04.15:58:49::SCWPlatform::DSA given C:/Xilinx/ECE_520/Sandbox/threat_detection_vitis/threat_app3/hw/threat_detector_bd_wrapper2.xsa
TRACE::2026-05-04.15:58:49::SCWPlatform::DSA absoulate path C:/Xilinx/ECE_520/Sandbox/threat_detection_vitis/threat_app3/hw/threat_detector_bd_wrapper2.xsa
TRACE::2026-05-04.15:58:49::SCWPlatform::DSA directory C:/Xilinx/ECE_520/Sandbox/threat_detection_vitis/threat_app3/hw
TRACE::2026-05-04.15:58:49::SCWPlatform:: Platform Path C:/Xilinx/ECE_520/Sandbox/threat_detection_vitis/threat_app3/hw/threat_detector_bd_wrapper2.xsa
TRACE::2026-05-04.15:58:49::SCWPlatform:: Unique name xilinx:zybo-z7-10::0.0
TRACE::2026-05-04.15:58:49::SCWPlatform::Trying to set the existing hwdb with name threat_detector_bd_wrapper_1
TRACE::2026-05-04.15:58:49::SCWPlatform::Opened existing hwdb threat_detector_bd_wrapper_1
TRACE::2026-05-04.15:58:49::SCWPlatform::Found the Hw Db part of the input DSA
TRACE::2026-05-04.15:58:49::SCWMssOS::Checking the sw design at  C:/Xilinx/ECE_520/Sandbox/threat_detection_vitis/threat_app3/ps7_cortexa9_0/standalone_domain/bsp/system.mss
TRACE::2026-05-04.15:58:49::SCWMssOS::DEBUG:  swdes dump  C:/Xilinx/ECE_520/Sandbox/threat_detection_vitis/threat_app3/ps7_cortexa9_0/standalone_domain/bsp/system.mss|system||

TRACE::2026-05-04.15:58:49::SCWMssOS::Sw design exists and opened at  C:/Xilinx/ECE_520/Sandbox/threat_detection_vitis/threat_app3/ps7_cortexa9_0/standalone_domain/bsp/system.mss
TRACE::2026-05-04.15:58:50::SCWMssOS::Saving the mss changes C:/Xilinx/ECE_520/Sandbox/threat_detection_vitis/threat_app3/zynq_fsbl/zynq_fsbl_bsp/system.mss
TRACE::2026-05-04.15:58:50::SCWMssOS::Adding the swdes entry, mss present, able to open swdb C:/Xilinx/ECE_520/Sandbox/threat_detection_vitis/threat_app3/zynq_fsbl/zynq_fsbl_bsp/system.mss with des name system_0
TRACE::2026-05-04.15:58:50::SCWMssOS::Writing the mss file completed C:/Xilinx/ECE_520/Sandbox/threat_detection_vitis/threat_app3/zynq_fsbl/zynq_fsbl_bsp/system.mss
TRACE::2026-05-04.15:58:50::SCWMssOS::Commit changes completed.
TRACE::2026-05-04.15:58:50::SCWMssOS::Saving the mss changes C:/Xilinx/ECE_520/Sandbox/threat_detection_vitis/threat_app3/ps7_cortexa9_0/standalone_domain/bsp/system.mss
TRACE::2026-05-04.15:58:50::SCWMssOS::Found a swdesign opened with the mssfile.
TRACE::2026-05-04.15:58:50::SCWMssOS::Completed writemss as part of save.
TRACE::2026-05-04.15:58:50::SCWMssOS::Commit changes completed.
TRACE::2026-05-04.15:58:50::SCWPlatform::Trying to open the hw design at C:/Xilinx/ECE_520/Sandbox/threat_detection_vitis/threat_app3/hw/threat_detector_bd_wrapper2.xsa
TRACE::2026-05-04.15:58:50::SCWPlatform::DSA given C:/Xilinx/ECE_520/Sandbox/threat_detection_vitis/threat_app3/hw/threat_detector_bd_wrapper2.xsa
TRACE::2026-05-04.15:58:50::SCWPlatform::DSA absoulate path C:/Xilinx/ECE_520/Sandbox/threat_detection_vitis/threat_app3/hw/threat_detector_bd_wrapper2.xsa
TRACE::2026-05-04.15:58:50::SCWPlatform::DSA directory C:/Xilinx/ECE_520/Sandbox/threat_detection_vitis/threat_app3/hw
TRACE::2026-05-04.15:58:50::SCWPlatform:: Platform Path C:/Xilinx/ECE_520/Sandbox/threat_detection_vitis/threat_app3/hw/threat_detector_bd_wrapper2.xsa
TRACE::2026-05-04.15:58:50::SCWPlatform:: Unique name xilinx:zybo-z7-10::0.0
TRACE::2026-05-04.15:58:50::SCWPlatform::Trying to set the existing hwdb with name threat_detector_bd_wrapper_1
TRACE::2026-05-04.15:58:50::SCWPlatform::Opened existing hwdb threat_detector_bd_wrapper_1
TRACE::2026-05-04.15:58:50::SCWPlatform::Found the Hw Db part of the input DSA
TRACE::2026-05-04.15:58:50::SCWMssOS::Checking the sw design at  C:/Xilinx/ECE_520/Sandbox/threat_detection_vitis/threat_app3/zynq_fsbl/zynq_fsbl_bsp/system.mss
TRACE::2026-05-04.15:58:50::SCWMssOS::DEBUG:  swdes dump  C:/Xilinx/ECE_520/Sandbox/threat_detection_vitis/threat_app3/ps7_cortexa9_0/standalone_domain/bsp/system.mss|system||
C:/Xilinx/ECE_520/Sandbox/threat_detection_vitis/threat_app3/zynq_fsbl/zynq_fsbl_bsp/system.mss|system_0||

TRACE::2026-05-04.15:58:50::SCWMssOS::Sw design exists and opened at  C:/Xilinx/ECE_520/Sandbox/threat_detection_vitis/threat_app3/zynq_fsbl/zynq_fsbl_bsp/system.mss
TRACE::2026-05-04.15:58:50::SCWPlatform::Trying to open the hw design at C:/Xilinx/ECE_520/Sandbox/threat_detection_vitis/threat_app3/hw/threat_detector_bd_wrapper2.xsa
TRACE::2026-05-04.15:58:50::SCWPlatform::DSA given C:/Xilinx/ECE_520/Sandbox/threat_detection_vitis/threat_app3/hw/threat_detector_bd_wrapper2.xsa
TRACE::2026-05-04.15:58:50::SCWPlatform::DSA absoulate path C:/Xilinx/ECE_520/Sandbox/threat_detection_vitis/threat_app3/hw/threat_detector_bd_wrapper2.xsa
TRACE::2026-05-04.15:58:50::SCWPlatform::DSA directory C:/Xilinx/ECE_520/Sandbox/threat_detection_vitis/threat_app3/hw
TRACE::2026-05-04.15:58:50::SCWPlatform:: Platform Path C:/Xilinx/ECE_520/Sandbox/threat_detection_vitis/threat_app3/hw/threat_detector_bd_wrapper2.xsa
TRACE::2026-05-04.15:58:50::SCWPlatform:: Unique name xilinx:zybo-z7-10::0.0
TRACE::2026-05-04.15:58:50::SCWPlatform::Trying to set the existing hwdb with name threat_detector_bd_wrapper_1
TRACE::2026-05-04.15:58:50::SCWPlatform::Opened existing hwdb threat_detector_bd_wrapper_1
TRACE::2026-05-04.15:58:50::SCWPlatform::Found the Hw Db part of the input DSA
TRACE::2026-05-04.15:58:50::SCWMssOS::Checking the sw design at  C:/Xilinx/ECE_520/Sandbox/threat_detection_vitis/threat_app3/ps7_cortexa9_0/standalone_domain/bsp/system.mss
TRACE::2026-05-04.15:58:50::SCWMssOS::DEBUG:  swdes dump  C:/Xilinx/ECE_520/Sandbox/threat_detection_vitis/threat_app3/ps7_cortexa9_0/standalone_domain/bsp/system.mss|system||
C:/Xilinx/ECE_520/Sandbox/threat_detection_vitis/threat_app3/zynq_fsbl/zynq_fsbl_bsp/system.mss|system_0||

TRACE::2026-05-04.15:58:50::SCWMssOS::Sw design exists and opened at  C:/Xilinx/ECE_520/Sandbox/threat_detection_vitis/threat_app3/ps7_cortexa9_0/standalone_domain/bsp/system.mss
TRACE::2026-05-04.15:58:50::SCWWriter::formatted JSON is {
	"platformName":	"threat_app3",
	"sprVersion":	"2.0",
	"mode":	"gui",
	"dsaType":	"Fixed",
	"platformDesc":	"threat_app3",
	"platHandOff":	"C:/Xilinx/ECE_520/Sandbox/threat_detector_final_soc/threat_detector_bd_wrapper2.xsa",
	"platIntHandOff":	"<platformDir>/hw/threat_detector_bd_wrapper2.xsa",
	"deviceType":	"zynq",
	"platIsPrebuiltAutogen":	"false",
	"platIsNoBootBsp":	"false",
	"hasFsblMakeHasChanges":	"false",
	"hasPmufwMakeHasChanges":	"false",
	"fsblExtraCompilerFlags":	"-MMD -MP       -mcpu=cortex-a9 -mfpu=vfpv3 -mfloat-abi=hard ",
	"platPreBuiltFlag":	false,
	"platformSamplesDir":	"",
	"platActiveSys":	"threat_app3",
	"systems":	[{
			"systemName":	"threat_app3",
			"systemDesc":	"threat_app3",
			"sysIsBootAutoGen":	"true",
			"systemDispName":	"threat_app3",
			"sysActiveDom":	"standalone_domain",
			"sysDefaultDom":	"standalone_domain",
			"domains":	[{
					"domainName":	"zynq_fsbl",
					"domainDispName":	"zynq_fsbl",
					"domainDesc":	"FSBL Application BSP - Auto Generated.",
					"processors":	"ps7_cortexa9_0",
					"os":	"standalone",
					"sdxOs":	"standalone",
					"debugEnable":	"",
					"domRuntimes":	["cpp"],
					"swRepo":	"",
					"mssOsVer":	"8.1",
					"mssFile":	"",
					"md5Digest":	"91b61a46318e86c1efb5ee917f7415cd",
					"compatibleApp":	"zynq_fsbl",
					"domType":	"bootDomain",
					"arch":	"32-bit",
					"appSettings":	{
						"appCompilerFlags":	"",
						"appLinkerFlags":	""
					},
					"addedLibs":	["xilffs:5.0", "xilrsa:1.6"],
					"libOptions":	{
						"libsContainingOptions":	[]
					},
					"changedDrivers":	{
						"ps7_cortexa9_0":	"none:",
						"changedCells":	["ps7_cortexa9_0"]
					},
					"prebuiltLibs":	{
						"prebuiltIncPath":	[],
						"prebuiltLibPath":	[]
					},
					"isolation":	{
					}
				}, {
					"domainName":	"standalone_domain",
					"domainDispName":	"standalone on ps7_cortexa9_0",
					"domainDesc":	"standalone_domain",
					"processors":	"ps7_cortexa9_0",
					"os":	"standalone",
					"sdxOs":	"standalone",
					"qemuArgs":	"<platformDir>/resources/threat_app3/standalone_domain/qemu_args.txt",
					"qemuData":	"<platformDir>/resources/threat_app3/standalone_domain/qemu",
					"debugEnable":	"False",
					"domRuntimes":	["cpp"],
					"swRepo":	"",
					"mssOsVer":	"8.1",
					"mssFile":	"",
					"md5Digest":	"459f485c5d217070af7324dfaecebcdf",
					"compatibleApp":	"",
					"domType":	"mssDomain",
					"appSettings":	{
						"appCompilerFlags":	"",
						"appLinkerFlags":	""
					},
					"addedLibs":	[],
					"libOptions":	{
						"libsContainingOptions":	[]
					},
					"changedDrivers":	{
						"threat_detector_0":	"none:",
						"changedCells":	["threat_detector_0"]
					},
					"prebuiltLibs":	{
						"prebuiltIncPath":	[],
						"prebuiltLibPath":	[]
					},
					"isolation":	{
					}
				}]
		}]
}
TRACE::2026-05-04.15:58:50::SCWMssOS::Saving the mss changes C:/Xilinx/ECE_520/Sandbox/threat_detection_vitis/threat_app3/ps7_cortexa9_0/standalone_domain/bsp/system.mss
TRACE::2026-05-04.15:58:50::SCWMssOS::Found a swdesign opened with the mssfile.
TRACE::2026-05-04.15:58:50::SCWMssOS::Completed writemss as part of save.
TRACE::2026-05-04.15:58:50::SCWMssOS::Commit changes completed.
TRACE::2026-05-04.15:58:50::SCWPlatform::Trying to open the hw design at C:/Xilinx/ECE_520/Sandbox/threat_detection_vitis/threat_app3/hw/threat_detector_bd_wrapper2.xsa
TRACE::2026-05-04.15:58:50::SCWPlatform::DSA given C:/Xilinx/ECE_520/Sandbox/threat_detection_vitis/threat_app3/hw/threat_detector_bd_wrapper2.xsa
TRACE::2026-05-04.15:58:50::SCWPlatform::DSA absoulate path C:/Xilinx/ECE_520/Sandbox/threat_detection_vitis/threat_app3/hw/threat_detector_bd_wrapper2.xsa
TRACE::2026-05-04.15:58:50::SCWPlatform::DSA directory C:/Xilinx/ECE_520/Sandbox/threat_detection_vitis/threat_app3/hw
TRACE::2026-05-04.15:58:50::SCWPlatform:: Platform Path C:/Xilinx/ECE_520/Sandbox/threat_detection_vitis/threat_app3/hw/threat_detector_bd_wrapper2.xsa
TRACE::2026-05-04.15:58:50::SCWPlatform:: Unique name xilinx:zybo-z7-10::0.0
TRACE::2026-05-04.15:58:50::SCWPlatform::Trying to set the existing hwdb with name threat_detector_bd_wrapper_1
TRACE::2026-05-04.15:58:50::SCWPlatform::Opened existing hwdb threat_detector_bd_wrapper_1
TRACE::2026-05-04.15:58:50::SCWPlatform::Found the Hw Db part of the input DSA
TRACE::2026-05-04.15:58:50::SCWMssOS::Checking the sw design at  C:/Xilinx/ECE_520/Sandbox/threat_detection_vitis/threat_app3/ps7_cortexa9_0/standalone_domain/bsp/system.mss
TRACE::2026-05-04.15:58:50::SCWMssOS::DEBUG:  swdes dump  C:/Xilinx/ECE_520/Sandbox/threat_detection_vitis/threat_app3/ps7_cortexa9_0/standalone_domain/bsp/system.mss|system||
C:/Xilinx/ECE_520/Sandbox/threat_detection_vitis/threat_app3/zynq_fsbl/zynq_fsbl_bsp/system.mss|system_0||

TRACE::2026-05-04.15:58:50::SCWMssOS::Sw design exists and opened at  C:/Xilinx/ECE_520/Sandbox/threat_detection_vitis/threat_app3/ps7_cortexa9_0/standalone_domain/bsp/system.mss
TRACE::2026-05-04.15:58:50::SCWMssOS::Removing the swdes entry for  C:/Xilinx/ECE_520/Sandbox/threat_detection_vitis/threat_app3/ps7_cortexa9_0/standalone_domain/bsp/system.mss
TRACE::2026-05-04.15:58:50::SCWMssOS::In reload Mss file.
TRACE::2026-05-04.15:58:50::SCWPlatform::Trying to open the hw design at C:/Xilinx/ECE_520/Sandbox/threat_detection_vitis/threat_app3/hw/threat_detector_bd_wrapper2.xsa
TRACE::2026-05-04.15:58:50::SCWPlatform::DSA given C:/Xilinx/ECE_520/Sandbox/threat_detection_vitis/threat_app3/hw/threat_detector_bd_wrapper2.xsa
TRACE::2026-05-04.15:58:50::SCWPlatform::DSA absoulate path C:/Xilinx/ECE_520/Sandbox/threat_detection_vitis/threat_app3/hw/threat_detector_bd_wrapper2.xsa
TRACE::2026-05-04.15:58:50::SCWPlatform::DSA directory C:/Xilinx/ECE_520/Sandbox/threat_detection_vitis/threat_app3/hw
TRACE::2026-05-04.15:58:50::SCWPlatform:: Platform Path C:/Xilinx/ECE_520/Sandbox/threat_detection_vitis/threat_app3/hw/threat_detector_bd_wrapper2.xsa
TRACE::2026-05-04.15:58:50::SCWPlatform:: Unique name xilinx:zybo-z7-10::0.0
TRACE::2026-05-04.15:58:50::SCWPlatform::Trying to set the existing hwdb with name threat_detector_bd_wrapper_1
TRACE::2026-05-04.15:58:50::SCWPlatform::Opened existing hwdb threat_detector_bd_wrapper_1
TRACE::2026-05-04.15:58:50::SCWPlatform::Found the Hw Db part of the input DSA
TRACE::2026-05-04.15:58:50::SCWMssOS::Checking the sw design at  C:/Xilinx/ECE_520/Sandbox/threat_detection_vitis/threat_app3/ps7_cortexa9_0/standalone_domain/bsp/system.mss
TRACE::2026-05-04.15:58:50::SCWMssOS::DEBUG:  swdes dump  C:/Xilinx/ECE_520/Sandbox/threat_detection_vitis/threat_app3/zynq_fsbl/zynq_fsbl_bsp/system.mss|system_0||

TRACE::2026-05-04.15:58:50::SCWMssOS::No sw design opened at  C:/Xilinx/ECE_520/Sandbox/threat_detection_vitis/threat_app3/ps7_cortexa9_0/standalone_domain/bsp/system.mss
TRACE::2026-05-04.15:58:50::SCWMssOS::mss exists loading the mss file  C:/Xilinx/ECE_520/Sandbox/threat_detection_vitis/threat_app3/ps7_cortexa9_0/standalone_domain/bsp/system.mss
TRACE::2026-05-04.15:58:50::SCWMssOS::Opened the sw design from mss  C:/Xilinx/ECE_520/Sandbox/threat_detection_vitis/threat_app3/ps7_cortexa9_0/standalone_domain/bsp/system.mss
TRACE::2026-05-04.15:58:50::SCWMssOS::Adding the swdes entry C:/Xilinx/ECE_520/Sandbox/threat_detection_vitis/threat_app3/ps7_cortexa9_0/standalone_domain/bsp/system.mss with des name system
TRACE::2026-05-04.15:58:50::SCWMssOS::updating the scw layer about changes
TRACE::2026-05-04.15:58:50::SCWMssOS::Opened the sw design.  C:/Xilinx/ECE_520/Sandbox/threat_detection_vitis/threat_app3/ps7_cortexa9_0/standalone_domain/bsp/system.mss
TRACE::2026-05-04.15:58:50::SCWPlatform::Trying to open the hw design at C:/Xilinx/ECE_520/Sandbox/threat_detection_vitis/threat_app3/hw/threat_detector_bd_wrapper2.xsa
TRACE::2026-05-04.15:58:50::SCWPlatform::DSA given C:/Xilinx/ECE_520/Sandbox/threat_detection_vitis/threat_app3/hw/threat_detector_bd_wrapper2.xsa
TRACE::2026-05-04.15:58:50::SCWPlatform::DSA absoulate path C:/Xilinx/ECE_520/Sandbox/threat_detection_vitis/threat_app3/hw/threat_detector_bd_wrapper2.xsa
TRACE::2026-05-04.15:58:50::SCWPlatform::DSA directory C:/Xilinx/ECE_520/Sandbox/threat_detection_vitis/threat_app3/hw
TRACE::2026-05-04.15:58:50::SCWPlatform:: Platform Path C:/Xilinx/ECE_520/Sandbox/threat_detection_vitis/threat_app3/hw/threat_detector_bd_wrapper2.xsa
TRACE::2026-05-04.15:58:50::SCWPlatform:: Unique name xilinx:zybo-z7-10::0.0
TRACE::2026-05-04.15:58:50::SCWPlatform::Trying to set the existing hwdb with name threat_detector_bd_wrapper_1
TRACE::2026-05-04.15:58:50::SCWPlatform::Opened existing hwdb threat_detector_bd_wrapper_1
TRACE::2026-05-04.15:58:50::SCWPlatform::Found the Hw Db part of the input DSA
TRACE::2026-05-04.15:58:50::SCWMssOS::Checking the sw design at  C:/Xilinx/ECE_520/Sandbox/threat_detection_vitis/threat_app3/ps7_cortexa9_0/standalone_domain/bsp/system.mss
TRACE::2026-05-04.15:58:50::SCWMssOS::DEBUG:  swdes dump  C:/Xilinx/ECE_520/Sandbox/threat_detection_vitis/threat_app3/ps7_cortexa9_0/standalone_domain/bsp/system.mss|system||
C:/Xilinx/ECE_520/Sandbox/threat_detection_vitis/threat_app3/zynq_fsbl/zynq_fsbl_bsp/system.mss|system_0||

TRACE::2026-05-04.15:58:50::SCWMssOS::Sw design exists and opened at  C:/Xilinx/ECE_520/Sandbox/threat_detection_vitis/threat_app3/ps7_cortexa9_0/standalone_domain/bsp/system.mss
TRACE::2026-05-04.15:58:50::SCWMssOS::Saving the mss changes C:/Xilinx/ECE_520/Sandbox/threat_detection_vitis/threat_app3/ps7_cortexa9_0/standalone_domain/bsp/system.mss
TRACE::2026-05-04.15:58:50::SCWMssOS::Found a swdesign opened with the mssfile.
TRACE::2026-05-04.15:58:50::SCWMssOS::Completed writemss as part of save.
TRACE::2026-05-04.15:58:50::SCWMssOS::Commit changes completed.
TRACE::2026-05-04.15:58:50::SCWPlatform::Trying to open the hw design at C:/Xilinx/ECE_520/Sandbox/threat_detection_vitis/threat_app3/hw/threat_detector_bd_wrapper2.xsa
TRACE::2026-05-04.15:58:50::SCWPlatform::DSA given C:/Xilinx/ECE_520/Sandbox/threat_detection_vitis/threat_app3/hw/threat_detector_bd_wrapper2.xsa
TRACE::2026-05-04.15:58:50::SCWPlatform::DSA absoulate path C:/Xilinx/ECE_520/Sandbox/threat_detection_vitis/threat_app3/hw/threat_detector_bd_wrapper2.xsa
TRACE::2026-05-04.15:58:50::SCWPlatform::DSA directory C:/Xilinx/ECE_520/Sandbox/threat_detection_vitis/threat_app3/hw
TRACE::2026-05-04.15:58:50::SCWPlatform:: Platform Path C:/Xilinx/ECE_520/Sandbox/threat_detection_vitis/threat_app3/hw/threat_detector_bd_wrapper2.xsa
TRACE::2026-05-04.15:58:50::SCWPlatform:: Unique name xilinx:zybo-z7-10::0.0
TRACE::2026-05-04.15:58:50::SCWPlatform::Trying to set the existing hwdb with name threat_detector_bd_wrapper_1
TRACE::2026-05-04.15:58:50::SCWPlatform::Opened existing hwdb threat_detector_bd_wrapper_1
TRACE::2026-05-04.15:58:50::SCWPlatform::Found the Hw Db part of the input DSA
TRACE::2026-05-04.15:58:50::SCWMssOS::Checking the sw design at  C:/Xilinx/ECE_520/Sandbox/threat_detection_vitis/threat_app3/ps7_cortexa9_0/standalone_domain/bsp/system.mss
TRACE::2026-05-04.15:58:50::SCWMssOS::DEBUG:  swdes dump  C:/Xilinx/ECE_520/Sandbox/threat_detection_vitis/threat_app3/ps7_cortexa9_0/standalone_domain/bsp/system.mss|system||
C:/Xilinx/ECE_520/Sandbox/threat_detection_vitis/threat_app3/zynq_fsbl/zynq_fsbl_bsp/system.mss|system_0||

TRACE::2026-05-04.15:58:50::SCWMssOS::Sw design exists and opened at  C:/Xilinx/ECE_520/Sandbox/threat_detection_vitis/threat_app3/ps7_cortexa9_0/standalone_domain/bsp/system.mss
TRACE::2026-05-04.15:58:50::SCWMssOS::Removing the swdes entry for  C:/Xilinx/ECE_520/Sandbox/threat_detection_vitis/threat_app3/ps7_cortexa9_0/standalone_domain/bsp/system.mss
TRACE::2026-05-04.15:58:50::SCWPlatform::Trying to open the hw design at C:/Xilinx/ECE_520/Sandbox/threat_detection_vitis/threat_app3/hw/threat_detector_bd_wrapper2.xsa
TRACE::2026-05-04.15:58:50::SCWPlatform::DSA given C:/Xilinx/ECE_520/Sandbox/threat_detection_vitis/threat_app3/hw/threat_detector_bd_wrapper2.xsa
TRACE::2026-05-04.15:58:50::SCWPlatform::DSA absoulate path C:/Xilinx/ECE_520/Sandbox/threat_detection_vitis/threat_app3/hw/threat_detector_bd_wrapper2.xsa
TRACE::2026-05-04.15:58:50::SCWPlatform::DSA directory C:/Xilinx/ECE_520/Sandbox/threat_detection_vitis/threat_app3/hw
TRACE::2026-05-04.15:58:50::SCWPlatform:: Platform Path C:/Xilinx/ECE_520/Sandbox/threat_detection_vitis/threat_app3/hw/threat_detector_bd_wrapper2.xsa
TRACE::2026-05-04.15:58:50::SCWPlatform:: Unique name xilinx:zybo-z7-10::0.0
TRACE::2026-05-04.15:58:50::SCWPlatform::Trying to set the existing hwdb with name threat_detector_bd_wrapper_1
TRACE::2026-05-04.15:58:50::SCWPlatform::Opened existing hwdb threat_detector_bd_wrapper_1
TRACE::2026-05-04.15:58:50::SCWPlatform::Found the Hw Db part of the input DSA
TRACE::2026-05-04.15:58:50::SCWMssOS::Checking the sw design at  C:/Xilinx/ECE_520/Sandbox/threat_detection_vitis/threat_app3/ps7_cortexa9_0/standalone_domain/bsp/system.mss
TRACE::2026-05-04.15:58:50::SCWMssOS::DEBUG:  swdes dump  C:/Xilinx/ECE_520/Sandbox/threat_detection_vitis/threat_app3/zynq_fsbl/zynq_fsbl_bsp/system.mss|system_0||

TRACE::2026-05-04.15:58:50::SCWMssOS::No sw design opened at  C:/Xilinx/ECE_520/Sandbox/threat_detection_vitis/threat_app3/ps7_cortexa9_0/standalone_domain/bsp/system.mss
TRACE::2026-05-04.15:58:50::SCWMssOS::mss exists loading the mss file  C:/Xilinx/ECE_520/Sandbox/threat_detection_vitis/threat_app3/ps7_cortexa9_0/standalone_domain/bsp/system.mss
TRACE::2026-05-04.15:58:50::SCWMssOS::Opened the sw design from mss  C:/Xilinx/ECE_520/Sandbox/threat_detection_vitis/threat_app3/ps7_cortexa9_0/standalone_domain/bsp/system.mss
TRACE::2026-05-04.15:58:50::SCWMssOS::Adding the swdes entry C:/Xilinx/ECE_520/Sandbox/threat_detection_vitis/threat_app3/ps7_cortexa9_0/standalone_domain/bsp/system.mss with des name system
TRACE::2026-05-04.15:58:50::SCWMssOS::updating the scw layer about changes
TRACE::2026-05-04.15:58:50::SCWMssOS::Opened the sw design.  C:/Xilinx/ECE_520/Sandbox/threat_detection_vitis/threat_app3/ps7_cortexa9_0/standalone_domain/bsp/system.mss
TRACE::2026-05-04.15:58:50::SCWMssOS::Completed writing the mss file at C:/Xilinx/ECE_520/Sandbox/threat_detection_vitis/threat_app3/ps7_cortexa9_0/standalone_domain/bsp
TRACE::2026-05-04.15:58:50::SCWMssOS::Forcing BSP Sources regeneration.
TRACE::2026-05-04.15:59:13::SCWPlatform::Trying to open the hw design at C:/Xilinx/ECE_520/Sandbox/threat_detection_vitis/threat_app3/hw/threat_detector_bd_wrapper2.xsa
TRACE::2026-05-04.15:59:13::SCWPlatform::DSA given C:/Xilinx/ECE_520/Sandbox/threat_detection_vitis/threat_app3/hw/threat_detector_bd_wrapper2.xsa
TRACE::2026-05-04.15:59:13::SCWPlatform::DSA absoulate path C:/Xilinx/ECE_520/Sandbox/threat_detection_vitis/threat_app3/hw/threat_detector_bd_wrapper2.xsa
TRACE::2026-05-04.15:59:13::SCWPlatform::DSA directory C:/Xilinx/ECE_520/Sandbox/threat_detection_vitis/threat_app3/hw
TRACE::2026-05-04.15:59:13::SCWPlatform:: Platform Path C:/Xilinx/ECE_520/Sandbox/threat_detection_vitis/threat_app3/hw/threat_detector_bd_wrapper2.xsa
TRACE::2026-05-04.15:59:13::SCWPlatform:: Unique name xilinx:zybo-z7-10::0.0
TRACE::2026-05-04.15:59:13::SCWPlatform::Trying to set the existing hwdb with name threat_detector_bd_wrapper_1
TRACE::2026-05-04.15:59:13::SCWPlatform::Opened existing hwdb threat_detector_bd_wrapper_1
TRACE::2026-05-04.15:59:13::SCWPlatform::Found the Hw Db part of the input DSA
TRACE::2026-05-04.15:59:13::SCWMssOS::Checking the sw design at  C:/Xilinx/ECE_520/Sandbox/threat_detection_vitis/threat_app3/zynq_fsbl/zynq_fsbl_bsp/system.mss
TRACE::2026-05-04.15:59:13::SCWMssOS::DEBUG:  swdes dump  C:/Xilinx/ECE_520/Sandbox/threat_detection_vitis/threat_app3/zynq_fsbl/zynq_fsbl_bsp/system.mss|system_0||

TRACE::2026-05-04.15:59:13::SCWMssOS::Sw design exists and opened at  C:/Xilinx/ECE_520/Sandbox/threat_detection_vitis/threat_app3/zynq_fsbl/zynq_fsbl_bsp/system.mss
TRACE::2026-05-04.15:59:25::SCWPlatform::Trying to open the hw design at C:/Xilinx/ECE_520/Sandbox/threat_detection_vitis/threat_app3/hw/threat_detector_bd_wrapper2.xsa
TRACE::2026-05-04.15:59:25::SCWPlatform::DSA given C:/Xilinx/ECE_520/Sandbox/threat_detection_vitis/threat_app3/hw/threat_detector_bd_wrapper2.xsa
TRACE::2026-05-04.15:59:25::SCWPlatform::DSA absoulate path C:/Xilinx/ECE_520/Sandbox/threat_detection_vitis/threat_app3/hw/threat_detector_bd_wrapper2.xsa
TRACE::2026-05-04.15:59:25::SCWPlatform::DSA directory C:/Xilinx/ECE_520/Sandbox/threat_detection_vitis/threat_app3/hw
TRACE::2026-05-04.15:59:25::SCWPlatform:: Platform Path C:/Xilinx/ECE_520/Sandbox/threat_detection_vitis/threat_app3/hw/threat_detector_bd_wrapper2.xsa
TRACE::2026-05-04.15:59:25::SCWPlatform:: Unique name xilinx:zybo-z7-10::0.0
TRACE::2026-05-04.15:59:25::SCWPlatform::Trying to set the existing hwdb with name threat_detector_bd_wrapper_1
TRACE::2026-05-04.15:59:25::SCWPlatform::Opened existing hwdb threat_detector_bd_wrapper_1
TRACE::2026-05-04.15:59:25::SCWPlatform::Found the Hw Db part of the input DSA
TRACE::2026-05-04.15:59:25::SCWMssOS::Checking the sw design at  C:/Xilinx/ECE_520/Sandbox/threat_detection_vitis/threat_app3/zynq_fsbl/zynq_fsbl_bsp/system.mss
TRACE::2026-05-04.15:59:25::SCWMssOS::DEBUG:  swdes dump  C:/Xilinx/ECE_520/Sandbox/threat_detection_vitis/threat_app3/zynq_fsbl/zynq_fsbl_bsp/system.mss|system_0||

TRACE::2026-05-04.15:59:25::SCWMssOS::Sw design exists and opened at  C:/Xilinx/ECE_520/Sandbox/threat_detection_vitis/threat_app3/zynq_fsbl/zynq_fsbl_bsp/system.mss
TRACE::2026-05-04.15:59:29::SCWPlatform::Trying to open the hw design at C:/Xilinx/ECE_520/Sandbox/threat_detection_vitis/threat_app3/hw/threat_detector_bd_wrapper2.xsa
TRACE::2026-05-04.15:59:29::SCWPlatform::DSA given C:/Xilinx/ECE_520/Sandbox/threat_detection_vitis/threat_app3/hw/threat_detector_bd_wrapper2.xsa
TRACE::2026-05-04.15:59:29::SCWPlatform::DSA absoulate path C:/Xilinx/ECE_520/Sandbox/threat_detection_vitis/threat_app3/hw/threat_detector_bd_wrapper2.xsa
TRACE::2026-05-04.15:59:29::SCWPlatform::DSA directory C:/Xilinx/ECE_520/Sandbox/threat_detection_vitis/threat_app3/hw
TRACE::2026-05-04.15:59:29::SCWPlatform:: Platform Path C:/Xilinx/ECE_520/Sandbox/threat_detection_vitis/threat_app3/hw/threat_detector_bd_wrapper2.xsa
TRACE::2026-05-04.15:59:29::SCWPlatform:: Unique name xilinx:zybo-z7-10::0.0
TRACE::2026-05-04.15:59:29::SCWPlatform::Trying to set the existing hwdb with name threat_detector_bd_wrapper_1
TRACE::2026-05-04.15:59:29::SCWPlatform::Opened existing hwdb threat_detector_bd_wrapper_1
TRACE::2026-05-04.15:59:29::SCWPlatform::Found the Hw Db part of the input DSA
TRACE::2026-05-04.15:59:29::SCWMssOS::Checking the sw design at  C:/Xilinx/ECE_520/Sandbox/threat_detection_vitis/threat_app3/zynq_fsbl/zynq_fsbl_bsp/system.mss
TRACE::2026-05-04.15:59:29::SCWMssOS::DEBUG:  swdes dump  C:/Xilinx/ECE_520/Sandbox/threat_detection_vitis/threat_app3/zynq_fsbl/zynq_fsbl_bsp/system.mss|system_0||

TRACE::2026-05-04.15:59:29::SCWMssOS::Sw design exists and opened at  C:/Xilinx/ECE_520/Sandbox/threat_detection_vitis/threat_app3/zynq_fsbl/zynq_fsbl_bsp/system.mss
TRACE::2026-05-04.15:59:29::SCWMssOS::Saving the mss changes C:/Xilinx/ECE_520/Sandbox/threat_detection_vitis/threat_app3/zynq_fsbl/zynq_fsbl_bsp/system.mss
TRACE::2026-05-04.15:59:29::SCWMssOS::Found a swdesign opened with the mssfile.
TRACE::2026-05-04.15:59:29::SCWMssOS::Completed writemss as part of save.
TRACE::2026-05-04.15:59:29::SCWMssOS::Commit changes completed.
TRACE::2026-05-04.15:59:29::SCWMssOS::Saving the mss changes C:/Xilinx/ECE_520/Sandbox/threat_detection_vitis/threat_app3/ps7_cortexa9_0/standalone_domain/bsp/system.mss
TRACE::2026-05-04.15:59:29::SCWMssOS::Adding the swdes entry, mss present, able to open swdb C:/Xilinx/ECE_520/Sandbox/threat_detection_vitis/threat_app3/ps7_cortexa9_0/standalone_domain/bsp/system.mss with des name system
TRACE::2026-05-04.15:59:29::SCWMssOS::Writing the mss file completed C:/Xilinx/ECE_520/Sandbox/threat_detection_vitis/threat_app3/ps7_cortexa9_0/standalone_domain/bsp/system.mss
TRACE::2026-05-04.15:59:29::SCWMssOS::Commit changes completed.
TRACE::2026-05-04.15:59:29::SCWPlatform::Trying to open the hw design at C:/Xilinx/ECE_520/Sandbox/threat_detection_vitis/threat_app3/hw/threat_detector_bd_wrapper2.xsa
TRACE::2026-05-04.15:59:29::SCWPlatform::DSA given C:/Xilinx/ECE_520/Sandbox/threat_detection_vitis/threat_app3/hw/threat_detector_bd_wrapper2.xsa
TRACE::2026-05-04.15:59:29::SCWPlatform::DSA absoulate path C:/Xilinx/ECE_520/Sandbox/threat_detection_vitis/threat_app3/hw/threat_detector_bd_wrapper2.xsa
TRACE::2026-05-04.15:59:29::SCWPlatform::DSA directory C:/Xilinx/ECE_520/Sandbox/threat_detection_vitis/threat_app3/hw
TRACE::2026-05-04.15:59:29::SCWPlatform:: Platform Path C:/Xilinx/ECE_520/Sandbox/threat_detection_vitis/threat_app3/hw/threat_detector_bd_wrapper2.xsa
TRACE::2026-05-04.15:59:29::SCWPlatform:: Unique name xilinx:zybo-z7-10::0.0
TRACE::2026-05-04.15:59:29::SCWPlatform::Trying to set the existing hwdb with name threat_detector_bd_wrapper_1
TRACE::2026-05-04.15:59:29::SCWPlatform::Opened existing hwdb threat_detector_bd_wrapper_1
TRACE::2026-05-04.15:59:29::SCWPlatform::Found the Hw Db part of the input DSA
TRACE::2026-05-04.15:59:29::SCWMssOS::Checking the sw design at  C:/Xilinx/ECE_520/Sandbox/threat_detection_vitis/threat_app3/zynq_fsbl/zynq_fsbl_bsp/system.mss
TRACE::2026-05-04.15:59:29::SCWMssOS::DEBUG:  swdes dump  C:/Xilinx/ECE_520/Sandbox/threat_detection_vitis/threat_app3/ps7_cortexa9_0/standalone_domain/bsp/system.mss|system||
C:/Xilinx/ECE_520/Sandbox/threat_detection_vitis/threat_app3/zynq_fsbl/zynq_fsbl_bsp/system.mss|system_0||

TRACE::2026-05-04.15:59:29::SCWMssOS::Sw design exists and opened at  C:/Xilinx/ECE_520/Sandbox/threat_detection_vitis/threat_app3/zynq_fsbl/zynq_fsbl_bsp/system.mss
TRACE::2026-05-04.15:59:29::SCWPlatform::Trying to open the hw design at C:/Xilinx/ECE_520/Sandbox/threat_detection_vitis/threat_app3/hw/threat_detector_bd_wrapper2.xsa
TRACE::2026-05-04.15:59:29::SCWPlatform::DSA given C:/Xilinx/ECE_520/Sandbox/threat_detection_vitis/threat_app3/hw/threat_detector_bd_wrapper2.xsa
TRACE::2026-05-04.15:59:29::SCWPlatform::DSA absoulate path C:/Xilinx/ECE_520/Sandbox/threat_detection_vitis/threat_app3/hw/threat_detector_bd_wrapper2.xsa
TRACE::2026-05-04.15:59:29::SCWPlatform::DSA directory C:/Xilinx/ECE_520/Sandbox/threat_detection_vitis/threat_app3/hw
TRACE::2026-05-04.15:59:29::SCWPlatform:: Platform Path C:/Xilinx/ECE_520/Sandbox/threat_detection_vitis/threat_app3/hw/threat_detector_bd_wrapper2.xsa
TRACE::2026-05-04.15:59:29::SCWPlatform:: Unique name xilinx:zybo-z7-10::0.0
TRACE::2026-05-04.15:59:29::SCWPlatform::Trying to set the existing hwdb with name threat_detector_bd_wrapper_1
TRACE::2026-05-04.15:59:29::SCWPlatform::Opened existing hwdb threat_detector_bd_wrapper_1
TRACE::2026-05-04.15:59:29::SCWPlatform::Found the Hw Db part of the input DSA
TRACE::2026-05-04.15:59:29::SCWMssOS::Checking the sw design at  C:/Xilinx/ECE_520/Sandbox/threat_detection_vitis/threat_app3/ps7_cortexa9_0/standalone_domain/bsp/system.mss
TRACE::2026-05-04.15:59:29::SCWMssOS::DEBUG:  swdes dump  C:/Xilinx/ECE_520/Sandbox/threat_detection_vitis/threat_app3/ps7_cortexa9_0/standalone_domain/bsp/system.mss|system||
C:/Xilinx/ECE_520/Sandbox/threat_detection_vitis/threat_app3/zynq_fsbl/zynq_fsbl_bsp/system.mss|system_0||

TRACE::2026-05-04.15:59:29::SCWMssOS::Sw design exists and opened at  C:/Xilinx/ECE_520/Sandbox/threat_detection_vitis/threat_app3/ps7_cortexa9_0/standalone_domain/bsp/system.mss
TRACE::2026-05-04.15:59:29::SCWWriter::formatted JSON is {
	"platformName":	"threat_app3",
	"sprVersion":	"2.0",
	"mode":	"gui",
	"dsaType":	"Fixed",
	"platformDesc":	"threat_app3",
	"platHandOff":	"C:/Xilinx/ECE_520/Sandbox/threat_detector_final_soc/threat_detector_bd_wrapper2.xsa",
	"platIntHandOff":	"<platformDir>/hw/threat_detector_bd_wrapper2.xsa",
	"deviceType":	"zynq",
	"platIsPrebuiltAutogen":	"false",
	"platIsNoBootBsp":	"false",
	"hasFsblMakeHasChanges":	"false",
	"hasPmufwMakeHasChanges":	"false",
	"fsblExtraCompilerFlags":	"-MMD -MP       -mcpu=cortex-a9 -mfpu=vfpv3 -mfloat-abi=hard ",
	"platPreBuiltFlag":	false,
	"platformSamplesDir":	"",
	"platActiveSys":	"threat_app3",
	"systems":	[{
			"systemName":	"threat_app3",
			"systemDesc":	"threat_app3",
			"sysIsBootAutoGen":	"true",
			"systemDispName":	"threat_app3",
			"sysActiveDom":	"zynq_fsbl",
			"sysDefaultDom":	"standalone_domain",
			"domains":	[{
					"domainName":	"zynq_fsbl",
					"domainDispName":	"zynq_fsbl",
					"domainDesc":	"FSBL Application BSP - Auto Generated.",
					"processors":	"ps7_cortexa9_0",
					"os":	"standalone",
					"sdxOs":	"standalone",
					"debugEnable":	"",
					"domRuntimes":	["cpp"],
					"swRepo":	"",
					"mssOsVer":	"8.1",
					"mssFile":	"",
					"md5Digest":	"91b61a46318e86c1efb5ee917f7415cd",
					"compatibleApp":	"zynq_fsbl",
					"domType":	"bootDomain",
					"arch":	"32-bit",
					"appSettings":	{
						"appCompilerFlags":	"",
						"appLinkerFlags":	""
					},
					"addedLibs":	["xilffs:5.0", "xilrsa:1.6"],
					"libOptions":	{
						"libsContainingOptions":	[]
					},
					"changedDrivers":	{
						"ps7_cortexa9_0":	"cpu_cortexa9:2.11",
						"threat_detector_0":	"none:",
						"changedCells":	["ps7_cortexa9_0", "threat_detector_0"]
					},
					"prebuiltLibs":	{
						"prebuiltIncPath":	[],
						"prebuiltLibPath":	[]
					},
					"isolation":	{
					}
				}, {
					"domainName":	"standalone_domain",
					"domainDispName":	"standalone on ps7_cortexa9_0",
					"domainDesc":	"standalone_domain",
					"processors":	"ps7_cortexa9_0",
					"os":	"standalone",
					"sdxOs":	"standalone",
					"qemuArgs":	"<platformDir>/resources/threat_app3/standalone_domain/qemu_args.txt",
					"qemuData":	"<platformDir>/resources/threat_app3/standalone_domain/qemu",
					"debugEnable":	"False",
					"domRuntimes":	["cpp"],
					"swRepo":	"",
					"mssOsVer":	"8.1",
					"mssFile":	"",
					"md5Digest":	"56368e7a65f121d5a992aab310446bf2",
					"compatibleApp":	"",
					"domType":	"mssDomain",
					"appSettings":	{
						"appCompilerFlags":	"",
						"appLinkerFlags":	""
					},
					"addedLibs":	[],
					"libOptions":	{
						"libsContainingOptions":	[]
					},
					"changedDrivers":	{
						"threat_detector_0":	"none:",
						"changedCells":	["threat_detector_0"]
					},
					"prebuiltLibs":	{
						"prebuiltIncPath":	[],
						"prebuiltLibPath":	[]
					},
					"isolation":	{
					}
				}]
		}]
}
TRACE::2026-05-04.15:59:29::SCWMssOS::Saving the mss changes C:/Xilinx/ECE_520/Sandbox/threat_detection_vitis/threat_app3/zynq_fsbl/zynq_fsbl_bsp/system.mss
TRACE::2026-05-04.15:59:29::SCWMssOS::Found a swdesign opened with the mssfile.
TRACE::2026-05-04.15:59:29::SCWMssOS::Completed writemss as part of save.
TRACE::2026-05-04.15:59:29::SCWMssOS::Commit changes completed.
TRACE::2026-05-04.15:59:29::SCWPlatform::Trying to open the hw design at C:/Xilinx/ECE_520/Sandbox/threat_detection_vitis/threat_app3/hw/threat_detector_bd_wrapper2.xsa
TRACE::2026-05-04.15:59:29::SCWPlatform::DSA given C:/Xilinx/ECE_520/Sandbox/threat_detection_vitis/threat_app3/hw/threat_detector_bd_wrapper2.xsa
TRACE::2026-05-04.15:59:29::SCWPlatform::DSA absoulate path C:/Xilinx/ECE_520/Sandbox/threat_detection_vitis/threat_app3/hw/threat_detector_bd_wrapper2.xsa
TRACE::2026-05-04.15:59:29::SCWPlatform::DSA directory C:/Xilinx/ECE_520/Sandbox/threat_detection_vitis/threat_app3/hw
TRACE::2026-05-04.15:59:29::SCWPlatform:: Platform Path C:/Xilinx/ECE_520/Sandbox/threat_detection_vitis/threat_app3/hw/threat_detector_bd_wrapper2.xsa
TRACE::2026-05-04.15:59:29::SCWPlatform:: Unique name xilinx:zybo-z7-10::0.0
TRACE::2026-05-04.15:59:29::SCWPlatform::Trying to set the existing hwdb with name threat_detector_bd_wrapper_1
TRACE::2026-05-04.15:59:29::SCWPlatform::Opened existing hwdb threat_detector_bd_wrapper_1
TRACE::2026-05-04.15:59:29::SCWPlatform::Found the Hw Db part of the input DSA
TRACE::2026-05-04.15:59:29::SCWMssOS::Checking the sw design at  C:/Xilinx/ECE_520/Sandbox/threat_detection_vitis/threat_app3/zynq_fsbl/zynq_fsbl_bsp/system.mss
TRACE::2026-05-04.15:59:29::SCWMssOS::DEBUG:  swdes dump  C:/Xilinx/ECE_520/Sandbox/threat_detection_vitis/threat_app3/ps7_cortexa9_0/standalone_domain/bsp/system.mss|system||
C:/Xilinx/ECE_520/Sandbox/threat_detection_vitis/threat_app3/zynq_fsbl/zynq_fsbl_bsp/system.mss|system_0||

TRACE::2026-05-04.15:59:29::SCWMssOS::Sw design exists and opened at  C:/Xilinx/ECE_520/Sandbox/threat_detection_vitis/threat_app3/zynq_fsbl/zynq_fsbl_bsp/system.mss
TRACE::2026-05-04.15:59:29::SCWMssOS::Removing the swdes entry for  C:/Xilinx/ECE_520/Sandbox/threat_detection_vitis/threat_app3/zynq_fsbl/zynq_fsbl_bsp/system.mss
TRACE::2026-05-04.15:59:29::SCWMssOS::In reload Mss file.
TRACE::2026-05-04.15:59:29::SCWPlatform::Trying to open the hw design at C:/Xilinx/ECE_520/Sandbox/threat_detection_vitis/threat_app3/hw/threat_detector_bd_wrapper2.xsa
TRACE::2026-05-04.15:59:29::SCWPlatform::DSA given C:/Xilinx/ECE_520/Sandbox/threat_detection_vitis/threat_app3/hw/threat_detector_bd_wrapper2.xsa
TRACE::2026-05-04.15:59:29::SCWPlatform::DSA absoulate path C:/Xilinx/ECE_520/Sandbox/threat_detection_vitis/threat_app3/hw/threat_detector_bd_wrapper2.xsa
TRACE::2026-05-04.15:59:29::SCWPlatform::DSA directory C:/Xilinx/ECE_520/Sandbox/threat_detection_vitis/threat_app3/hw
TRACE::2026-05-04.15:59:29::SCWPlatform:: Platform Path C:/Xilinx/ECE_520/Sandbox/threat_detection_vitis/threat_app3/hw/threat_detector_bd_wrapper2.xsa
TRACE::2026-05-04.15:59:29::SCWPlatform:: Unique name xilinx:zybo-z7-10::0.0
TRACE::2026-05-04.15:59:29::SCWPlatform::Trying to set the existing hwdb with name threat_detector_bd_wrapper_1
TRACE::2026-05-04.15:59:29::SCWPlatform::Opened existing hwdb threat_detector_bd_wrapper_1
TRACE::2026-05-04.15:59:29::SCWPlatform::Found the Hw Db part of the input DSA
TRACE::2026-05-04.15:59:29::SCWMssOS::Checking the sw design at  C:/Xilinx/ECE_520/Sandbox/threat_detection_vitis/threat_app3/zynq_fsbl/zynq_fsbl_bsp/system.mss
TRACE::2026-05-04.15:59:29::SCWMssOS::DEBUG:  swdes dump  C:/Xilinx/ECE_520/Sandbox/threat_detection_vitis/threat_app3/ps7_cortexa9_0/standalone_domain/bsp/system.mss|system||

TRACE::2026-05-04.15:59:29::SCWMssOS::No sw design opened at  C:/Xilinx/ECE_520/Sandbox/threat_detection_vitis/threat_app3/zynq_fsbl/zynq_fsbl_bsp/system.mss
TRACE::2026-05-04.15:59:29::SCWMssOS::mss exists loading the mss file  C:/Xilinx/ECE_520/Sandbox/threat_detection_vitis/threat_app3/zynq_fsbl/zynq_fsbl_bsp/system.mss
TRACE::2026-05-04.15:59:29::SCWMssOS::Opened the sw design from mss  C:/Xilinx/ECE_520/Sandbox/threat_detection_vitis/threat_app3/zynq_fsbl/zynq_fsbl_bsp/system.mss
TRACE::2026-05-04.15:59:29::SCWMssOS::Adding the swdes entry C:/Xilinx/ECE_520/Sandbox/threat_detection_vitis/threat_app3/zynq_fsbl/zynq_fsbl_bsp/system.mss with des name system_0
TRACE::2026-05-04.15:59:29::SCWMssOS::updating the scw layer about changes
TRACE::2026-05-04.15:59:29::SCWMssOS::Opened the sw design.  C:/Xilinx/ECE_520/Sandbox/threat_detection_vitis/threat_app3/zynq_fsbl/zynq_fsbl_bsp/system.mss
TRACE::2026-05-04.15:59:29::SCWPlatform::Trying to open the hw design at C:/Xilinx/ECE_520/Sandbox/threat_detection_vitis/threat_app3/hw/threat_detector_bd_wrapper2.xsa
TRACE::2026-05-04.15:59:29::SCWPlatform::DSA given C:/Xilinx/ECE_520/Sandbox/threat_detection_vitis/threat_app3/hw/threat_detector_bd_wrapper2.xsa
TRACE::2026-05-04.15:59:29::SCWPlatform::DSA absoulate path C:/Xilinx/ECE_520/Sandbox/threat_detection_vitis/threat_app3/hw/threat_detector_bd_wrapper2.xsa
TRACE::2026-05-04.15:59:29::SCWPlatform::DSA directory C:/Xilinx/ECE_520/Sandbox/threat_detection_vitis/threat_app3/hw
TRACE::2026-05-04.15:59:29::SCWPlatform:: Platform Path C:/Xilinx/ECE_520/Sandbox/threat_detection_vitis/threat_app3/hw/threat_detector_bd_wrapper2.xsa
TRACE::2026-05-04.15:59:29::SCWPlatform:: Unique name xilinx:zybo-z7-10::0.0
TRACE::2026-05-04.15:59:29::SCWPlatform::Trying to set the existing hwdb with name threat_detector_bd_wrapper_1
TRACE::2026-05-04.15:59:29::SCWPlatform::Opened existing hwdb threat_detector_bd_wrapper_1
TRACE::2026-05-04.15:59:29::SCWPlatform::Found the Hw Db part of the input DSA
TRACE::2026-05-04.15:59:29::SCWMssOS::Checking the sw design at  C:/Xilinx/ECE_520/Sandbox/threat_detection_vitis/threat_app3/zynq_fsbl/zynq_fsbl_bsp/system.mss
TRACE::2026-05-04.15:59:29::SCWMssOS::DEBUG:  swdes dump  C:/Xilinx/ECE_520/Sandbox/threat_detection_vitis/threat_app3/ps7_cortexa9_0/standalone_domain/bsp/system.mss|system||
C:/Xilinx/ECE_520/Sandbox/threat_detection_vitis/threat_app3/zynq_fsbl/zynq_fsbl_bsp/system.mss|system_0||

TRACE::2026-05-04.15:59:29::SCWMssOS::Sw design exists and opened at  C:/Xilinx/ECE_520/Sandbox/threat_detection_vitis/threat_app3/zynq_fsbl/zynq_fsbl_bsp/system.mss
TRACE::2026-05-04.15:59:29::SCWMssOS:: library already available in sw design:  xilffs:5.0
TRACE::2026-05-04.15:59:29::SCWPlatform::Trying to open the hw design at C:/Xilinx/ECE_520/Sandbox/threat_detection_vitis/threat_app3/hw/threat_detector_bd_wrapper2.xsa
TRACE::2026-05-04.15:59:29::SCWPlatform::DSA given C:/Xilinx/ECE_520/Sandbox/threat_detection_vitis/threat_app3/hw/threat_detector_bd_wrapper2.xsa
TRACE::2026-05-04.15:59:29::SCWPlatform::DSA absoulate path C:/Xilinx/ECE_520/Sandbox/threat_detection_vitis/threat_app3/hw/threat_detector_bd_wrapper2.xsa
TRACE::2026-05-04.15:59:29::SCWPlatform::DSA directory C:/Xilinx/ECE_520/Sandbox/threat_detection_vitis/threat_app3/hw
TRACE::2026-05-04.15:59:29::SCWPlatform:: Platform Path C:/Xilinx/ECE_520/Sandbox/threat_detection_vitis/threat_app3/hw/threat_detector_bd_wrapper2.xsa
TRACE::2026-05-04.15:59:29::SCWPlatform:: Unique name xilinx:zybo-z7-10::0.0
TRACE::2026-05-04.15:59:29::SCWPlatform::Trying to set the existing hwdb with name threat_detector_bd_wrapper_1
TRACE::2026-05-04.15:59:29::SCWPlatform::Opened existing hwdb threat_detector_bd_wrapper_1
TRACE::2026-05-04.15:59:29::SCWPlatform::Found the Hw Db part of the input DSA
TRACE::2026-05-04.15:59:29::SCWMssOS::Checking the sw design at  C:/Xilinx/ECE_520/Sandbox/threat_detection_vitis/threat_app3/zynq_fsbl/zynq_fsbl_bsp/system.mss
TRACE::2026-05-04.15:59:29::SCWMssOS::DEBUG:  swdes dump  C:/Xilinx/ECE_520/Sandbox/threat_detection_vitis/threat_app3/ps7_cortexa9_0/standalone_domain/bsp/system.mss|system||
C:/Xilinx/ECE_520/Sandbox/threat_detection_vitis/threat_app3/zynq_fsbl/zynq_fsbl_bsp/system.mss|system_0||

TRACE::2026-05-04.15:59:29::SCWMssOS::Sw design exists and opened at  C:/Xilinx/ECE_520/Sandbox/threat_detection_vitis/threat_app3/zynq_fsbl/zynq_fsbl_bsp/system.mss
TRACE::2026-05-04.15:59:29::SCWMssOS:: library already available in sw design:  xilrsa:1.6
TRACE::2026-05-04.15:59:29::SCWPlatform::Trying to open the hw design at C:/Xilinx/ECE_520/Sandbox/threat_detection_vitis/threat_app3/hw/threat_detector_bd_wrapper2.xsa
TRACE::2026-05-04.15:59:29::SCWPlatform::DSA given C:/Xilinx/ECE_520/Sandbox/threat_detection_vitis/threat_app3/hw/threat_detector_bd_wrapper2.xsa
TRACE::2026-05-04.15:59:29::SCWPlatform::DSA absoulate path C:/Xilinx/ECE_520/Sandbox/threat_detection_vitis/threat_app3/hw/threat_detector_bd_wrapper2.xsa
TRACE::2026-05-04.15:59:29::SCWPlatform::DSA directory C:/Xilinx/ECE_520/Sandbox/threat_detection_vitis/threat_app3/hw
TRACE::2026-05-04.15:59:29::SCWPlatform:: Platform Path C:/Xilinx/ECE_520/Sandbox/threat_detection_vitis/threat_app3/hw/threat_detector_bd_wrapper2.xsa
TRACE::2026-05-04.15:59:29::SCWPlatform:: Unique name xilinx:zybo-z7-10::0.0
TRACE::2026-05-04.15:59:29::SCWPlatform::Trying to set the existing hwdb with name threat_detector_bd_wrapper_1
TRACE::2026-05-04.15:59:29::SCWPlatform::Opened existing hwdb threat_detector_bd_wrapper_1
TRACE::2026-05-04.15:59:29::SCWPlatform::Found the Hw Db part of the input DSA
TRACE::2026-05-04.15:59:29::SCWMssOS::Checking the sw design at  C:/Xilinx/ECE_520/Sandbox/threat_detection_vitis/threat_app3/zynq_fsbl/zynq_fsbl_bsp/system.mss
TRACE::2026-05-04.15:59:29::SCWMssOS::DEBUG:  swdes dump  C:/Xilinx/ECE_520/Sandbox/threat_detection_vitis/threat_app3/ps7_cortexa9_0/standalone_domain/bsp/system.mss|system||
C:/Xilinx/ECE_520/Sandbox/threat_detection_vitis/threat_app3/zynq_fsbl/zynq_fsbl_bsp/system.mss|system_0||

TRACE::2026-05-04.15:59:29::SCWMssOS::Sw design exists and opened at  C:/Xilinx/ECE_520/Sandbox/threat_detection_vitis/threat_app3/zynq_fsbl/zynq_fsbl_bsp/system.mss
TRACE::2026-05-04.15:59:29::SCWPlatform::Trying to open the hw design at C:/Xilinx/ECE_520/Sandbox/threat_detection_vitis/threat_app3/hw/threat_detector_bd_wrapper2.xsa
TRACE::2026-05-04.15:59:29::SCWPlatform::DSA given C:/Xilinx/ECE_520/Sandbox/threat_detection_vitis/threat_app3/hw/threat_detector_bd_wrapper2.xsa
TRACE::2026-05-04.15:59:29::SCWPlatform::DSA absoulate path C:/Xilinx/ECE_520/Sandbox/threat_detection_vitis/threat_app3/hw/threat_detector_bd_wrapper2.xsa
TRACE::2026-05-04.15:59:29::SCWPlatform::DSA directory C:/Xilinx/ECE_520/Sandbox/threat_detection_vitis/threat_app3/hw
TRACE::2026-05-04.15:59:29::SCWPlatform:: Platform Path C:/Xilinx/ECE_520/Sandbox/threat_detection_vitis/threat_app3/hw/threat_detector_bd_wrapper2.xsa
TRACE::2026-05-04.15:59:29::SCWPlatform:: Unique name xilinx:zybo-z7-10::0.0
TRACE::2026-05-04.15:59:29::SCWPlatform::Trying to set the existing hwdb with name threat_detector_bd_wrapper_1
TRACE::2026-05-04.15:59:29::SCWPlatform::Opened existing hwdb threat_detector_bd_wrapper_1
TRACE::2026-05-04.15:59:29::SCWPlatform::Found the Hw Db part of the input DSA
TRACE::2026-05-04.15:59:29::SCWMssOS::Checking the sw design at  C:/Xilinx/ECE_520/Sandbox/threat_detection_vitis/threat_app3/zynq_fsbl/zynq_fsbl_bsp/system.mss
TRACE::2026-05-04.15:59:29::SCWMssOS::DEBUG:  swdes dump  C:/Xilinx/ECE_520/Sandbox/threat_detection_vitis/threat_app3/ps7_cortexa9_0/standalone_domain/bsp/system.mss|system||
C:/Xilinx/ECE_520/Sandbox/threat_detection_vitis/threat_app3/zynq_fsbl/zynq_fsbl_bsp/system.mss|system_0||

TRACE::2026-05-04.15:59:29::SCWMssOS::Sw design exists and opened at  C:/Xilinx/ECE_520/Sandbox/threat_detection_vitis/threat_app3/zynq_fsbl/zynq_fsbl_bsp/system.mss
TRACE::2026-05-04.15:59:29::SCWMssOS::Saving the mss changes C:/Xilinx/ECE_520/Sandbox/threat_detection_vitis/threat_app3/zynq_fsbl/zynq_fsbl_bsp/system.mss
TRACE::2026-05-04.15:59:29::SCWMssOS::Found a swdesign opened with the mssfile.
TRACE::2026-05-04.15:59:29::SCWMssOS::Completed writemss as part of save.
TRACE::2026-05-04.15:59:29::SCWMssOS::Commit changes completed.
TRACE::2026-05-04.15:59:29::SCWPlatform::Trying to open the hw design at C:/Xilinx/ECE_520/Sandbox/threat_detection_vitis/threat_app3/hw/threat_detector_bd_wrapper2.xsa
TRACE::2026-05-04.15:59:29::SCWPlatform::DSA given C:/Xilinx/ECE_520/Sandbox/threat_detection_vitis/threat_app3/hw/threat_detector_bd_wrapper2.xsa
TRACE::2026-05-04.15:59:29::SCWPlatform::DSA absoulate path C:/Xilinx/ECE_520/Sandbox/threat_detection_vitis/threat_app3/hw/threat_detector_bd_wrapper2.xsa
TRACE::2026-05-04.15:59:29::SCWPlatform::DSA directory C:/Xilinx/ECE_520/Sandbox/threat_detection_vitis/threat_app3/hw
TRACE::2026-05-04.15:59:29::SCWPlatform:: Platform Path C:/Xilinx/ECE_520/Sandbox/threat_detection_vitis/threat_app3/hw/threat_detector_bd_wrapper2.xsa
TRACE::2026-05-04.15:59:29::SCWPlatform:: Unique name xilinx:zybo-z7-10::0.0
TRACE::2026-05-04.15:59:29::SCWPlatform::Trying to set the existing hwdb with name threat_detector_bd_wrapper_1
TRACE::2026-05-04.15:59:29::SCWPlatform::Opened existing hwdb threat_detector_bd_wrapper_1
TRACE::2026-05-04.15:59:29::SCWPlatform::Found the Hw Db part of the input DSA
TRACE::2026-05-04.15:59:29::SCWMssOS::Checking the sw design at  C:/Xilinx/ECE_520/Sandbox/threat_detection_vitis/threat_app3/zynq_fsbl/zynq_fsbl_bsp/system.mss
TRACE::2026-05-04.15:59:29::SCWMssOS::DEBUG:  swdes dump  C:/Xilinx/ECE_520/Sandbox/threat_detection_vitis/threat_app3/ps7_cortexa9_0/standalone_domain/bsp/system.mss|system||
C:/Xilinx/ECE_520/Sandbox/threat_detection_vitis/threat_app3/zynq_fsbl/zynq_fsbl_bsp/system.mss|system_0||

TRACE::2026-05-04.15:59:29::SCWMssOS::Sw design exists and opened at  C:/Xilinx/ECE_520/Sandbox/threat_detection_vitis/threat_app3/zynq_fsbl/zynq_fsbl_bsp/system.mss
TRACE::2026-05-04.15:59:29::SCWMssOS::Removing the swdes entry for  C:/Xilinx/ECE_520/Sandbox/threat_detection_vitis/threat_app3/zynq_fsbl/zynq_fsbl_bsp/system.mss
TRACE::2026-05-04.15:59:29::SCWPlatform::Trying to open the hw design at C:/Xilinx/ECE_520/Sandbox/threat_detection_vitis/threat_app3/hw/threat_detector_bd_wrapper2.xsa
TRACE::2026-05-04.15:59:29::SCWPlatform::DSA given C:/Xilinx/ECE_520/Sandbox/threat_detection_vitis/threat_app3/hw/threat_detector_bd_wrapper2.xsa
TRACE::2026-05-04.15:59:29::SCWPlatform::DSA absoulate path C:/Xilinx/ECE_520/Sandbox/threat_detection_vitis/threat_app3/hw/threat_detector_bd_wrapper2.xsa
TRACE::2026-05-04.15:59:29::SCWPlatform::DSA directory C:/Xilinx/ECE_520/Sandbox/threat_detection_vitis/threat_app3/hw
TRACE::2026-05-04.15:59:29::SCWPlatform:: Platform Path C:/Xilinx/ECE_520/Sandbox/threat_detection_vitis/threat_app3/hw/threat_detector_bd_wrapper2.xsa
TRACE::2026-05-04.15:59:29::SCWPlatform:: Unique name xilinx:zybo-z7-10::0.0
TRACE::2026-05-04.15:59:29::SCWPlatform::Trying to set the existing hwdb with name threat_detector_bd_wrapper_1
TRACE::2026-05-04.15:59:29::SCWPlatform::Opened existing hwdb threat_detector_bd_wrapper_1
TRACE::2026-05-04.15:59:29::SCWPlatform::Found the Hw Db part of the input DSA
TRACE::2026-05-04.15:59:29::SCWMssOS::Checking the sw design at  C:/Xilinx/ECE_520/Sandbox/threat_detection_vitis/threat_app3/zynq_fsbl/zynq_fsbl_bsp/system.mss
TRACE::2026-05-04.15:59:29::SCWMssOS::DEBUG:  swdes dump  C:/Xilinx/ECE_520/Sandbox/threat_detection_vitis/threat_app3/ps7_cortexa9_0/standalone_domain/bsp/system.mss|system||

TRACE::2026-05-04.15:59:29::SCWMssOS::No sw design opened at  C:/Xilinx/ECE_520/Sandbox/threat_detection_vitis/threat_app3/zynq_fsbl/zynq_fsbl_bsp/system.mss
TRACE::2026-05-04.15:59:29::SCWMssOS::mss exists loading the mss file  C:/Xilinx/ECE_520/Sandbox/threat_detection_vitis/threat_app3/zynq_fsbl/zynq_fsbl_bsp/system.mss
TRACE::2026-05-04.15:59:29::SCWMssOS::Opened the sw design from mss  C:/Xilinx/ECE_520/Sandbox/threat_detection_vitis/threat_app3/zynq_fsbl/zynq_fsbl_bsp/system.mss
TRACE::2026-05-04.15:59:29::SCWMssOS::Adding the swdes entry C:/Xilinx/ECE_520/Sandbox/threat_detection_vitis/threat_app3/zynq_fsbl/zynq_fsbl_bsp/system.mss with des name system_0
TRACE::2026-05-04.15:59:29::SCWMssOS::updating the scw layer about changes
TRACE::2026-05-04.15:59:29::SCWMssOS::Opened the sw design.  C:/Xilinx/ECE_520/Sandbox/threat_detection_vitis/threat_app3/zynq_fsbl/zynq_fsbl_bsp/system.mss
TRACE::2026-05-04.15:59:29::SCWBDomain::Completed writing the mss file at C:/Xilinx/ECE_520/Sandbox/threat_detection_vitis/threat_app3/zynq_fsbl/zynq_fsbl_bsp
TRACE::2026-05-04.15:59:29::SCWBDomain::Forcing BSP Sources regeneration.
KEYINFO::2026-05-04.15:59:30::SCWMssOS::Removing file C:/Xilinx/ECE_520/Sandbox/threat_detection_vitis/threat_app3/zynq_fsbl/zynq_fsbl_bsp\system_0.mss
TRACE::2026-05-04.15:59:30::SCWBDomain::Updating the makefile used for building the Application zynq_fsbl
TRACE::2026-05-04.15:59:30::SCWPlatform::Trying to open the hw design at C:/Xilinx/ECE_520/Sandbox/threat_detection_vitis/threat_app3/hw/threat_detector_bd_wrapper2.xsa
TRACE::2026-05-04.15:59:30::SCWPlatform::DSA given C:/Xilinx/ECE_520/Sandbox/threat_detection_vitis/threat_app3/hw/threat_detector_bd_wrapper2.xsa
TRACE::2026-05-04.15:59:30::SCWPlatform::DSA absoulate path C:/Xilinx/ECE_520/Sandbox/threat_detection_vitis/threat_app3/hw/threat_detector_bd_wrapper2.xsa
TRACE::2026-05-04.15:59:30::SCWPlatform::DSA directory C:/Xilinx/ECE_520/Sandbox/threat_detection_vitis/threat_app3/hw
TRACE::2026-05-04.15:59:30::SCWPlatform:: Platform Path C:/Xilinx/ECE_520/Sandbox/threat_detection_vitis/threat_app3/hw/threat_detector_bd_wrapper2.xsa
TRACE::2026-05-04.15:59:30::SCWPlatform:: Unique name xilinx:zybo-z7-10::0.0
TRACE::2026-05-04.15:59:30::SCWPlatform::Trying to set the existing hwdb with name threat_detector_bd_wrapper_1
TRACE::2026-05-04.15:59:30::SCWPlatform::Opened existing hwdb threat_detector_bd_wrapper_1
TRACE::2026-05-04.15:59:30::SCWPlatform::Found the Hw Db part of the input DSA
TRACE::2026-05-04.15:59:30::SCWMssOS::Checking the sw design at  C:/Xilinx/ECE_520/Sandbox/threat_detection_vitis/threat_app3/zynq_fsbl/zynq_fsbl_bsp/system.mss
TRACE::2026-05-04.15:59:30::SCWMssOS::DEBUG:  swdes dump  C:/Xilinx/ECE_520/Sandbox/threat_detection_vitis/threat_app3/ps7_cortexa9_0/standalone_domain/bsp/system.mss|system||

TRACE::2026-05-04.15:59:30::SCWMssOS::No sw design opened at  C:/Xilinx/ECE_520/Sandbox/threat_detection_vitis/threat_app3/zynq_fsbl/zynq_fsbl_bsp/system.mss
TRACE::2026-05-04.15:59:30::SCWMssOS::mss exists loading the mss file  C:/Xilinx/ECE_520/Sandbox/threat_detection_vitis/threat_app3/zynq_fsbl/zynq_fsbl_bsp/system.mss
TRACE::2026-05-04.15:59:30::SCWMssOS::Opened the sw design from mss  C:/Xilinx/ECE_520/Sandbox/threat_detection_vitis/threat_app3/zynq_fsbl/zynq_fsbl_bsp/system.mss
TRACE::2026-05-04.15:59:30::SCWMssOS::Adding the swdes entry C:/Xilinx/ECE_520/Sandbox/threat_detection_vitis/threat_app3/zynq_fsbl/zynq_fsbl_bsp/system.mss with des name system_0
TRACE::2026-05-04.15:59:30::SCWMssOS::updating the scw layer about changes
TRACE::2026-05-04.15:59:30::SCWMssOS::Opened the sw design.  C:/Xilinx/ECE_520/Sandbox/threat_detection_vitis/threat_app3/zynq_fsbl/zynq_fsbl_bsp/system.mss
TRACE::2026-05-04.15:59:36::SCWBDomain::removing the temporary location in _platform.
TRACE::2026-05-04.15:59:36::SCWBDomain::Makefile is Updated.
TRACE::2026-05-04.15:59:36::SCWBDomain::doing clean.
TRACE::2026-05-04.15:59:36::SCWBDomain::System Command Ran  C:&  cd  C:/Xilinx/ECE_520/Sandbox/threat_detection_vitis/threat_app3/zynq_fsbl & make clean
TRACE::2026-05-04.15:59:36::SCWBDomain::rm -rf  sd.o  nand.o  nor.o  image_mover.o  md5.o  fsbl_hooks.o  main.o  rsa.o  qspi.o  ps7_init.o  pcap.o  fsbl_handoff.o zynq
TRACE::2026-05-04.15:59:36::SCWBDomain::_fsbl_bsp/ps7_cortexa9_0/lib/libxil.a fsbl.elf *.o

LOG::2026-05-04.15:59:41::SCWPlatform::Started generating the artifacts platform threat_app3
TRACE::2026-05-04.15:59:41::SCWPlatform::Sanity checking of platform is completed
LOG::2026-05-04.15:59:42::SCWPlatform::Started generating the artifacts for system configuration threat_app3
LOG::2026-05-04.15:59:42::SCWSystem::Checking the domain zynq_fsbl
LOG::2026-05-04.15:59:42::SCWSystem::Doing application build for :  zynq_fsbl
TRACE::2026-05-04.15:59:42::SCWBDomain::Not a forced makefile updation, No changes are present. 
TRACE::2026-05-04.15:59:42::SCWDomain::Building the domain as part of full build :  zynq_fsbl
TRACE::2026-05-04.15:59:42::SCWPlatform::Trying to open the hw design at C:/Xilinx/ECE_520/Sandbox/threat_detection_vitis/threat_app3/hw/threat_detector_bd_wrapper2.xsa
TRACE::2026-05-04.15:59:42::SCWPlatform::DSA given C:/Xilinx/ECE_520/Sandbox/threat_detection_vitis/threat_app3/hw/threat_detector_bd_wrapper2.xsa
TRACE::2026-05-04.15:59:42::SCWPlatform::DSA absoulate path C:/Xilinx/ECE_520/Sandbox/threat_detection_vitis/threat_app3/hw/threat_detector_bd_wrapper2.xsa
TRACE::2026-05-04.15:59:42::SCWPlatform::DSA directory C:/Xilinx/ECE_520/Sandbox/threat_detection_vitis/threat_app3/hw
TRACE::2026-05-04.15:59:42::SCWPlatform:: Platform Path C:/Xilinx/ECE_520/Sandbox/threat_detection_vitis/threat_app3/hw/threat_detector_bd_wrapper2.xsa
TRACE::2026-05-04.15:59:42::SCWPlatform:: Unique name xilinx:zybo-z7-10::0.0
TRACE::2026-05-04.15:59:42::SCWPlatform::Trying to set the existing hwdb with name threat_detector_bd_wrapper_1
TRACE::2026-05-04.15:59:42::SCWPlatform::Opened existing hwdb threat_detector_bd_wrapper_1
TRACE::2026-05-04.15:59:42::SCWPlatform::Found the Hw Db part of the input DSA
TRACE::2026-05-04.15:59:42::SCWMssOS::Checking the sw design at  C:/Xilinx/ECE_520/Sandbox/threat_detection_vitis/threat_app3/zynq_fsbl/zynq_fsbl_bsp/system.mss
TRACE::2026-05-04.15:59:42::SCWMssOS::DEBUG:  swdes dump  C:/Xilinx/ECE_520/Sandbox/threat_detection_vitis/threat_app3/ps7_cortexa9_0/standalone_domain/bsp/system.mss|system||
C:/Xilinx/ECE_520/Sandbox/threat_detection_vitis/threat_app3/zynq_fsbl/zynq_fsbl_bsp/system.mss|system_0||

KEYINFO::2026-05-04.15:59:42::SCWMssOS::Could not open the swdb for system_0
KEYINFO::2026-05-04.15:59:42::SCWMssOS::Could not open the sw design at  system_0
ERROR: [Hsi 55-1558] Software Design system_0 is not found

TRACE::2026-05-04.15:59:42::SCWMssOS::Cleared the swdb table entry
TRACE::2026-05-04.15:59:42::SCWMssOS::No sw design opened at  C:/Xilinx/ECE_520/Sandbox/threat_detection_vitis/threat_app3/zynq_fsbl/zynq_fsbl_bsp/system.mss
TRACE::2026-05-04.15:59:42::SCWMssOS::mss exists loading the mss file  C:/Xilinx/ECE_520/Sandbox/threat_detection_vitis/threat_app3/zynq_fsbl/zynq_fsbl_bsp/system.mss
TRACE::2026-05-04.15:59:42::SCWMssOS::Opened the sw design from mss  C:/Xilinx/ECE_520/Sandbox/threat_detection_vitis/threat_app3/zynq_fsbl/zynq_fsbl_bsp/system.mss
TRACE::2026-05-04.15:59:42::SCWMssOS::Adding the swdes entry C:/Xilinx/ECE_520/Sandbox/threat_detection_vitis/threat_app3/zynq_fsbl/zynq_fsbl_bsp/system.mss with des name system_0
TRACE::2026-05-04.15:59:42::SCWMssOS::updating the scw layer about changes
TRACE::2026-05-04.15:59:42::SCWMssOS::Opened the sw design.  C:/Xilinx/ECE_520/Sandbox/threat_detection_vitis/threat_app3/zynq_fsbl/zynq_fsbl_bsp/system.mss
TRACE::2026-05-04.15:59:42::SCWBDomain::Completed writing the mss file at C:/Xilinx/ECE_520/Sandbox/threat_detection_vitis/threat_app3/zynq_fsbl/zynq_fsbl_bsp
TRACE::2026-05-04.15:59:42::SCWBDomain::bsp generated is upto date with the mss file. Skipping bsp generation.
TRACE::2026-05-04.15:59:42::SCWBDomain::Not a forced makefile updation, No changes are present. 
TRACE::2026-05-04.15:59:42::SCWBDomain::System Command Ran  C:&  cd  C:/Xilinx/ECE_520/Sandbox/threat_detection_vitis/threat_app3/zynq_fsbl& make -C  zynq_fsbl_bsp & make 
TRACE::2026-05-04.15:59:42::SCWBDomain::make: Entering directory 'C:/Xilinx/ECE_520/Sandbox/threat_detection_vitis/threat_app3/zynq_fsbl/zynq_fsbl_bsp'

TRACE::2026-05-04.15:59:42::SCWBDomain::make --no-print-directory seq_libs

TRACE::2026-05-04.15:59:42::SCWBDomain::"Running Make include in ps7_cortexa9_0/libsrc/coresightps_dcc_v1_8/src"

TRACE::2026-05-04.15:59:42::SCWBDomain::make -C ps7_cortexa9_0/libsrc/coresightps_dcc_v1_8/src -s include  "SHELL=CMD" "COMPILER=arm-none-eabi-gcc" "ASSEMBLER=arm-none
TRACE::2026-05-04.15:59:42::SCWBDomain::-eabi-as" "ARCHIVER=arm-none-eabi-ar" "COMPILER_FLAGS=  -O2 -c" "EXTRA_COMPILER_FLAGS=-mcpu=cortex-a9 -mfpu=vfpv3 -mfloat-abi=h
TRACE::2026-05-04.15:59:42::SCWBDomain::ard -nostartfiles -g -Wall -Wextra -fno-tree-loop-distribute-patterns"

TRACE::2026-05-04.15:59:42::SCWBDomain::"Running Make include in ps7_cortexa9_0/libsrc/cpu_cortexa9_v2_11/src"

TRACE::2026-05-04.15:59:42::SCWBDomain::make -C ps7_cortexa9_0/libsrc/cpu_cortexa9_v2_11/src -s include  "SHELL=CMD" "COMPILER=arm-none-eabi-gcc" "ASSEMBLER=arm-none-e
TRACE::2026-05-04.15:59:42::SCWBDomain::abi-as" "ARCHIVER=arm-none-eabi-ar" "COMPILER_FLAGS=  -O2 -c" "EXTRA_COMPILER_FLAGS=-mcpu=cortex-a9 -mfpu=vfpv3 -mfloat-abi=har
TRACE::2026-05-04.15:59:42::SCWBDomain::d -nostartfiles -g -Wall -Wextra -fno-tree-loop-distribute-patterns"

TRACE::2026-05-04.15:59:42::SCWBDomain::"Running Make include in ps7_cortexa9_0/libsrc/ddrps_v1_2/src"

TRACE::2026-05-04.15:59:42::SCWBDomain::make -C ps7_cortexa9_0/libsrc/ddrps_v1_2/src -s include  "SHELL=CMD" "COMPILER=arm-none-eabi-gcc" "ASSEMBLER=arm-none-eabi-as" 
TRACE::2026-05-04.15:59:42::SCWBDomain::"ARCHIVER=arm-none-eabi-ar" "COMPILER_FLAGS=  -O2 -c" "EXTRA_COMPILER_FLAGS=-mcpu=cortex-a9 -mfpu=vfpv3 -mfloat-abi=hard -nosta
TRACE::2026-05-04.15:59:42::SCWBDomain::rtfiles -g -Wall -Wextra -fno-tree-loop-distribute-patterns"

TRACE::2026-05-04.15:59:42::SCWBDomain::"Running Make include in ps7_cortexa9_0/libsrc/devcfg_v3_7/src"

TRACE::2026-05-04.15:59:42::SCWBDomain::make -C ps7_cortexa9_0/libsrc/devcfg_v3_7/src -s include  "SHELL=CMD" "COMPILER=arm-none-eabi-gcc" "ASSEMBLER=arm-none-eabi-as"
TRACE::2026-05-04.15:59:42::SCWBDomain:: "ARCHIVER=arm-none-eabi-ar" "COMPILER_FLAGS=  -O2 -c" "EXTRA_COMPILER_FLAGS=-mcpu=cortex-a9 -mfpu=vfpv3 -mfloat-abi=hard -nost
TRACE::2026-05-04.15:59:42::SCWBDomain::artfiles -g -Wall -Wextra -fno-tree-loop-distribute-patterns"

TRACE::2026-05-04.15:59:42::SCWBDomain::"Running Make include in ps7_cortexa9_0/libsrc/dmaps_v2_8/src"

TRACE::2026-05-04.15:59:42::SCWBDomain::make -C ps7_cortexa9_0/libsrc/dmaps_v2_8/src -s include  "SHELL=CMD" "COMPILER=arm-none-eabi-gcc" "ASSEMBLER=arm-none-eabi-as" 
TRACE::2026-05-04.15:59:42::SCWBDomain::"ARCHIVER=arm-none-eabi-ar" "COMPILER_FLAGS=  -O2 -c" "EXTRA_COMPILER_FLAGS=-mcpu=cortex-a9 -mfpu=vfpv3 -mfloat-abi=hard -nosta
TRACE::2026-05-04.15:59:42::SCWBDomain::rtfiles -g -Wall -Wextra -fno-tree-loop-distribute-patterns"

TRACE::2026-05-04.15:59:42::SCWBDomain::"Running Make include in ps7_cortexa9_0/libsrc/emacps_v3_18/src"

TRACE::2026-05-04.15:59:42::SCWBDomain::make -C ps7_cortexa9_0/libsrc/emacps_v3_18/src -s include  "SHELL=CMD" "COMPILER=arm-none-eabi-gcc" "ASSEMBLER=arm-none-eabi-as
TRACE::2026-05-04.15:59:42::SCWBDomain::" "ARCHIVER=arm-none-eabi-ar" "COMPILER_FLAGS=  -O2 -c" "EXTRA_COMPILER_FLAGS=-mcpu=cortex-a9 -mfpu=vfpv3 -mfloat-abi=hard -nos
TRACE::2026-05-04.15:59:42::SCWBDomain::tartfiles -g -Wall -Wextra -fno-tree-loop-distribute-patterns"

TRACE::2026-05-04.15:59:42::SCWBDomain::"Running Make include in ps7_cortexa9_0/libsrc/gpiops_v3_11/src"

TRACE::2026-05-04.15:59:42::SCWBDomain::make -C ps7_cortexa9_0/libsrc/gpiops_v3_11/src -s include  "SHELL=CMD" "COMPILER=arm-none-eabi-gcc" "ASSEMBLER=arm-none-eabi-as
TRACE::2026-05-04.15:59:42::SCWBDomain::" "ARCHIVER=arm-none-eabi-ar" "COMPILER_FLAGS=  -O2 -c" "EXTRA_COMPILER_FLAGS=-mcpu=cortex-a9 -mfpu=vfpv3 -mfloat-abi=hard -nos
TRACE::2026-05-04.15:59:42::SCWBDomain::tartfiles -g -Wall -Wextra -fno-tree-loop-distribute-patterns"

TRACE::2026-05-04.15:59:42::SCWBDomain::"Running Make include in ps7_cortexa9_0/libsrc/qspips_v3_10/src"

TRACE::2026-05-04.15:59:42::SCWBDomain::make -C ps7_cortexa9_0/libsrc/qspips_v3_10/src -s include  "SHELL=CMD" "COMPILER=arm-none-eabi-gcc" "ASSEMBLER=arm-none-eabi-as
TRACE::2026-05-04.15:59:42::SCWBDomain::" "ARCHIVER=arm-none-eabi-ar" "COMPILER_FLAGS=  -O2 -c" "EXTRA_COMPILER_FLAGS=-mcpu=cortex-a9 -mfpu=vfpv3 -mfloat-abi=hard -nos
TRACE::2026-05-04.15:59:42::SCWBDomain::tartfiles -g -Wall -Wextra -fno-tree-loop-distribute-patterns"

TRACE::2026-05-04.15:59:42::SCWBDomain::"Running Make include in ps7_cortexa9_0/libsrc/scugic_v5_1/src"

TRACE::2026-05-04.15:59:42::SCWBDomain::make -C ps7_cortexa9_0/libsrc/scugic_v5_1/src -s include  "SHELL=CMD" "COMPILER=arm-none-eabi-gcc" "ASSEMBLER=arm-none-eabi-as"
TRACE::2026-05-04.15:59:42::SCWBDomain:: "ARCHIVER=arm-none-eabi-ar" "COMPILER_FLAGS=  -O2 -c" "EXTRA_COMPILER_FLAGS=-mcpu=cortex-a9 -mfpu=vfpv3 -mfloat-abi=hard -nost
TRACE::2026-05-04.15:59:42::SCWBDomain::artfiles -g -Wall -Wextra -fno-tree-loop-distribute-patterns"

TRACE::2026-05-04.15:59:43::SCWBDomain::"Running Make include in ps7_cortexa9_0/libsrc/scutimer_v2_4/src"

TRACE::2026-05-04.15:59:43::SCWBDomain::make -C ps7_cortexa9_0/libsrc/scutimer_v2_4/src -s include  "SHELL=CMD" "COMPILER=arm-none-eabi-gcc" "ASSEMBLER=arm-none-eabi-a
TRACE::2026-05-04.15:59:43::SCWBDomain::s" "ARCHIVER=arm-none-eabi-ar" "COMPILER_FLAGS=  -O2 -c" "EXTRA_COMPILER_FLAGS=-mcpu=cortex-a9 -mfpu=vfpv3 -mfloat-abi=hard -no
TRACE::2026-05-04.15:59:43::SCWBDomain::startfiles -g -Wall -Wextra -fno-tree-loop-distribute-patterns"

TRACE::2026-05-04.15:59:43::SCWBDomain::"Running Make include in ps7_cortexa9_0/libsrc/scuwdt_v2_4/src"

TRACE::2026-05-04.15:59:43::SCWBDomain::make -C ps7_cortexa9_0/libsrc/scuwdt_v2_4/src -s include  "SHELL=CMD" "COMPILER=arm-none-eabi-gcc" "ASSEMBLER=arm-none-eabi-as"
TRACE::2026-05-04.15:59:43::SCWBDomain:: "ARCHIVER=arm-none-eabi-ar" "COMPILER_FLAGS=  -O2 -c" "EXTRA_COMPILER_FLAGS=-mcpu=cortex-a9 -mfpu=vfpv3 -mfloat-abi=hard -nost
TRACE::2026-05-04.15:59:43::SCWBDomain::artfiles -g -Wall -Wextra -fno-tree-loop-distribute-patterns"

TRACE::2026-05-04.15:59:43::SCWBDomain::"Running Make include in ps7_cortexa9_0/libsrc/sdps_v4_1/src"

TRACE::2026-05-04.15:59:43::SCWBDomain::make -C ps7_cortexa9_0/libsrc/sdps_v4_1/src -s include  "SHELL=CMD" "COMPILER=arm-none-eabi-gcc" "ASSEMBLER=arm-none-eabi-as" "
TRACE::2026-05-04.15:59:43::SCWBDomain::ARCHIVER=arm-none-eabi-ar" "COMPILER_FLAGS=  -O2 -c" "EXTRA_COMPILER_FLAGS=-mcpu=cortex-a9 -mfpu=vfpv3 -mfloat-abi=hard -nostar
TRACE::2026-05-04.15:59:43::SCWBDomain::tfiles -g -Wall -Wextra -fno-tree-loop-distribute-patterns"

TRACE::2026-05-04.15:59:43::SCWBDomain::"Running Make include in ps7_cortexa9_0/libsrc/standalone_v8_1/src"

TRACE::2026-05-04.15:59:43::SCWBDomain::make -C ps7_cortexa9_0/libsrc/standalone_v8_1/src -s include  "SHELL=CMD" "COMPILER=arm-none-eabi-gcc" "ASSEMBLER=arm-none-eabi
TRACE::2026-05-04.15:59:43::SCWBDomain::-as" "ARCHIVER=arm-none-eabi-ar" "COMPILER_FLAGS=  -O2 -c" "EXTRA_COMPILER_FLAGS=-mcpu=cortex-a9 -mfpu=vfpv3 -mfloat-abi=hard -
TRACE::2026-05-04.15:59:43::SCWBDomain::nostartfiles -g -Wall -Wextra -fno-tree-loop-distribute-patterns"

TRACE::2026-05-04.15:59:44::SCWBDomain::"Running Make include in ps7_cortexa9_0/libsrc/uartps_v3_12/src"

TRACE::2026-05-04.15:59:44::SCWBDomain::make -C ps7_cortexa9_0/libsrc/uartps_v3_12/src -s include  "SHELL=CMD" "COMPILER=arm-none-eabi-gcc" "ASSEMBLER=arm-none-eabi-as
TRACE::2026-05-04.15:59:44::SCWBDomain::" "ARCHIVER=arm-none-eabi-ar" "COMPILER_FLAGS=  -O2 -c" "EXTRA_COMPILER_FLAGS=-mcpu=cortex-a9 -mfpu=vfpv3 -mfloat-abi=hard -nos
TRACE::2026-05-04.15:59:44::SCWBDomain::tartfiles -g -Wall -Wextra -fno-tree-loop-distribute-patterns"

TRACE::2026-05-04.15:59:44::SCWBDomain::"Running Make include in ps7_cortexa9_0/libsrc/usbps_v2_7/src"

TRACE::2026-05-04.15:59:44::SCWBDomain::make -C ps7_cortexa9_0/libsrc/usbps_v2_7/src -s include  "SHELL=CMD" "COMPILER=arm-none-eabi-gcc" "ASSEMBLER=arm-none-eabi-as" 
TRACE::2026-05-04.15:59:44::SCWBDomain::"ARCHIVER=arm-none-eabi-ar" "COMPILER_FLAGS=  -O2 -c" "EXTRA_COMPILER_FLAGS=-mcpu=cortex-a9 -mfpu=vfpv3 -mfloat-abi=hard -nosta
TRACE::2026-05-04.15:59:44::SCWBDomain::rtfiles -g -Wall -Wextra -fno-tree-loop-distribute-patterns"

TRACE::2026-05-04.15:59:44::SCWBDomain::"Running Make include in ps7_cortexa9_0/libsrc/xadcps_v2_6/src"

TRACE::2026-05-04.15:59:44::SCWBDomain::make -C ps7_cortexa9_0/libsrc/xadcps_v2_6/src -s include  "SHELL=CMD" "COMPILER=arm-none-eabi-gcc" "ASSEMBLER=arm-none-eabi-as"
TRACE::2026-05-04.15:59:44::SCWBDomain:: "ARCHIVER=arm-none-eabi-ar" "COMPILER_FLAGS=  -O2 -c" "EXTRA_COMPILER_FLAGS=-mcpu=cortex-a9 -mfpu=vfpv3 -mfloat-abi=hard -nost
TRACE::2026-05-04.15:59:44::SCWBDomain::artfiles -g -Wall -Wextra -fno-tree-loop-distribute-patterns"

TRACE::2026-05-04.15:59:44::SCWBDomain::"Running Make include in ps7_cortexa9_0/libsrc/xilffs_v5_0/src"

TRACE::2026-05-04.15:59:44::SCWBDomain::make -C ps7_cortexa9_0/libsrc/xilffs_v5_0/src -s include  "SHELL=CMD" "COMPILER=arm-none-eabi-gcc" "ASSEMBLER=arm-none-eabi-as"
TRACE::2026-05-04.15:59:44::SCWBDomain:: "ARCHIVER=arm-none-eabi-ar" "COMPILER_FLAGS=  -O2 -c" "EXTRA_COMPILER_FLAGS=-mcpu=cortex-a9 -mfpu=vfpv3 -mfloat-abi=hard -nost
TRACE::2026-05-04.15:59:44::SCWBDomain::artfiles -g -Wall -Wextra -fno-tree-loop-distribute-patterns"

TRACE::2026-05-04.15:59:44::SCWBDomain::"Running Make include in ps7_cortexa9_0/libsrc/xilrsa_v1_6/src"

TRACE::2026-05-04.15:59:44::SCWBDomain::make -C ps7_cortexa9_0/libsrc/xilrsa_v1_6/src -s include  "SHELL=CMD" "COMPILER=arm-none-eabi-gcc" "ASSEMBLER=arm-none-eabi-as"
TRACE::2026-05-04.15:59:44::SCWBDomain:: "ARCHIVER=arm-none-eabi-ar" "COMPILER_FLAGS=  -O2 -c" "EXTRA_COMPILER_FLAGS=-mcpu=cortex-a9 -mfpu=vfpv3 -mfloat-abi=hard -nost
TRACE::2026-05-04.15:59:44::SCWBDomain::artfiles -g -Wall -Wextra -fno-tree-loop-distribute-patterns"

TRACE::2026-05-04.15:59:44::SCWBDomain::"Running Make libs in ps7_cortexa9_0/libsrc/xilrsa_v1_6/src"

TRACE::2026-05-04.15:59:44::SCWBDomain::make -C ps7_cortexa9_0/libsrc/xilrsa_v1_6/src -s libs  "SHELL=CMD" "COMPILER=arm-none-eabi-gcc" "ASSEMBLER=arm-none-eabi-as" "A
TRACE::2026-05-04.15:59:44::SCWBDomain::RCHIVER=arm-none-eabi-ar" "COMPILER_FLAGS=  -O2 -c" "EXTRA_COMPILER_FLAGS=-mcpu=cortex-a9 -mfpu=vfpv3 -mfloat-abi=hard -nostart
TRACE::2026-05-04.15:59:44::SCWBDomain::files -g -Wall -Wextra -fno-tree-loop-distribute-patterns"

TRACE::2026-05-04.15:59:44::SCWBDomain::'Finished building libraries sequentially.'

TRACE::2026-05-04.15:59:44::SCWBDomain::make -j 12 --no-print-directory par_libs

TRACE::2026-05-04.15:59:44::SCWBDomain::"Running Make include in ps7_cortexa9_0/libsrc/coresightps_dcc_v1_8/src"

TRACE::2026-05-04.15:59:44::SCWBDomain::make -C ps7_cortexa9_0/libsrc/coresightps_dcc_v1_8/src -s include  "SHELL=CMD" "COMPILER=arm-none-eabi-gcc" "ASSEMBLER=arm-none
TRACE::2026-05-04.15:59:45::SCWBDomain::-eabi-as" "ARCHIVER=arm-none-eabi-ar" "COMPILER_FLAGS=  -O2 -c" "EXTRA_COMPILER_FLAGS=-mcpu=cortex-a9 -mfpu=vfpv3 -mfloat-abi=h
TRACE::2026-05-04.15:59:45::SCWBDomain::ard -nostartfiles -g -Wall -Wextra -fno-tree-loop-distribute-patterns"

TRACE::2026-05-04.15:59:45::SCWBDomain::"Running Make include in ps7_cortexa9_0/libsrc/cpu_cortexa9_v2_11/src"

TRACE::2026-05-04.15:59:45::SCWBDomain::make -C ps7_cortexa9_0/libsrc/cpu_cortexa9_v2_11/src -s include  "SHELL=CMD" "COMPILER=arm-none-eabi-gcc" "ASSEMBLER=arm-none-e
TRACE::2026-05-04.15:59:45::SCWBDomain::abi-as" "ARCHIVER=arm-none-eabi-ar" "COMPILER_FLAGS=  -O2 -c" "EXTRA_COMPILER_FLAGS=-mcpu=cortex-a9 -mfpu=vfpv3 -mfloat-abi=har
TRACE::2026-05-04.15:59:45::SCWBDomain::d -nostartfiles -g -Wall -Wextra -fno-tree-loop-distribute-patterns"

TRACE::2026-05-04.15:59:45::SCWBDomain::"Running Make include in ps7_cortexa9_0/libsrc/ddrps_v1_2/src"

TRACE::2026-05-04.15:59:45::SCWBDomain::make -C ps7_cortexa9_0/libsrc/ddrps_v1_2/src -s include  "SHELL=CMD" "COMPILER=arm-none-eabi-gcc" "ASSEMBLER=arm-none-eabi-as" 
TRACE::2026-05-04.15:59:45::SCWBDomain::"ARCHIVER=arm-none-eabi-ar" "COMPILER_FLAGS=  -O2 -c" "EXTRA_COMPILER_FLAGS=-mcpu=cortex-a9 -mfpu=vfpv3 -mfloat-abi=hard -nosta
TRACE::2026-05-04.15:59:45::SCWBDomain::rtfiles -g -Wall -Wextra -fno-tree-loop-distribute-patterns"

TRACE::2026-05-04.15:59:45::SCWBDomain::"Running Make include in ps7_cortexa9_0/libsrc/devcfg_v3_7/src"

TRACE::2026-05-04.15:59:45::SCWBDomain::make -C ps7_cortexa9_0/libsrc/devcfg_v3_7/src -s include  "SHELL=CMD" "COMPILER=arm-none-eabi-gcc" "ASSEMBLER=arm-none-eabi-as"
TRACE::2026-05-04.15:59:45::SCWBDomain:: "ARCHIVER=arm-none-eabi-ar" "COMPILER_FLAGS=  -O2 -c" "EXTRA_COMPILER_FLAGS=-mcpu=cortex-a9 -mfpu=vfpv3 -mfloat-abi=hard -nost
TRACE::2026-05-04.15:59:45::SCWBDomain::artfiles -g -Wall -Wextra -fno-tree-loop-distribute-patterns"

TRACE::2026-05-04.15:59:45::SCWBDomain::"Running Make include in ps7_cortexa9_0/libsrc/dmaps_v2_8/src"

TRACE::2026-05-04.15:59:45::SCWBDomain::make -C ps7_cortexa9_0/libsrc/dmaps_v2_8/src -s include  "SHELL=CMD" "COMPILER=arm-none-eabi-gcc" "ASSEMBLER=arm-none-eabi-as" 
TRACE::2026-05-04.15:59:45::SCWBDomain::"ARCHIVER=arm-none-eabi-ar" "COMPILER_FLAGS=  -O2 -c" "EXTRA_COMPILER_FLAGS=-mcpu=cortex-a9 -mfpu=vfpv3 -mfloat-abi=hard -nosta
TRACE::2026-05-04.15:59:45::SCWBDomain::rtfiles -g -Wall -Wextra -fno-tree-loop-distribute-patterns"

TRACE::2026-05-04.15:59:45::SCWBDomain::"Running Make include in ps7_cortexa9_0/libsrc/emacps_v3_18/src"

TRACE::2026-05-04.15:59:45::SCWBDomain::make -C ps7_cortexa9_0/libsrc/emacps_v3_18/src -s include  "SHELL=CMD" "COMPILER=arm-none-eabi-gcc" "ASSEMBLER=arm-none-eabi-as
TRACE::2026-05-04.15:59:45::SCWBDomain::" "ARCHIVER=arm-none-eabi-ar" "COMPILER_FLAGS=  -O2 -c" "EXTRA_COMPILER_FLAGS=-mcpu=cortex-a9 -mfpu=vfpv3 -mfloat-abi=hard -nos
TRACE::2026-05-04.15:59:45::SCWBDomain::tartfiles -g -Wall -Wextra -fno-tree-loop-distribute-patterns"

TRACE::2026-05-04.15:59:45::SCWBDomain::"Running Make include in ps7_cortexa9_0/libsrc/gpiops_v3_11/src"

TRACE::2026-05-04.15:59:45::SCWBDomain::make -C ps7_cortexa9_0/libsrc/gpiops_v3_11/src -s include  "SHELL=CMD" "COMPILER=arm-none-eabi-gcc" "ASSEMBLER=arm-none-eabi-as
TRACE::2026-05-04.15:59:45::SCWBDomain::" "ARCHIVER=arm-none-eabi-ar" "COMPILER_FLAGS=  -O2 -c" "EXTRA_COMPILER_FLAGS=-mcpu=cortex-a9 -mfpu=vfpv3 -mfloat-abi=hard -nos
TRACE::2026-05-04.15:59:45::SCWBDomain::tartfiles -g -Wall -Wextra -fno-tree-loop-distribute-patterns"

TRACE::2026-05-04.15:59:45::SCWBDomain::"Running Make include in ps7_cortexa9_0/libsrc/qspips_v3_10/src"

TRACE::2026-05-04.15:59:45::SCWBDomain::make -C ps7_cortexa9_0/libsrc/qspips_v3_10/src -s include  "SHELL=CMD" "COMPILER=arm-none-eabi-gcc" "ASSEMBLER=arm-none-eabi-as
TRACE::2026-05-04.15:59:45::SCWBDomain::" "ARCHIVER=arm-none-eabi-ar" "COMPILER_FLAGS=  -O2 -c" "EXTRA_COMPILER_FLAGS=-mcpu=cortex-a9 -mfpu=vfpv3 -mfloat-abi=hard -nos
TRACE::2026-05-04.15:59:45::SCWBDomain::tartfiles -g -Wall -Wextra -fno-tree-loop-distribute-patterns"

TRACE::2026-05-04.15:59:45::SCWBDomain::"Running Make include in ps7_cortexa9_0/libsrc/scugic_v5_1/src"

TRACE::2026-05-04.15:59:45::SCWBDomain::make -C ps7_cortexa9_0/libsrc/scugic_v5_1/src -s include  "SHELL=CMD" "COMPILER=arm-none-eabi-gcc" "ASSEMBLER=arm-none-eabi-as"
TRACE::2026-05-04.15:59:45::SCWBDomain:: "ARCHIVER=arm-none-eabi-ar" "COMPILER_FLAGS=  -O2 -c" "EXTRA_COMPILER_FLAGS=-mcpu=cortex-a9 -mfpu=vfpv3 -mfloat-abi=hard -nost
TRACE::2026-05-04.15:59:45::SCWBDomain::artfiles -g -Wall -Wextra -fno-tree-loop-distribute-patterns"

TRACE::2026-05-04.15:59:45::SCWBDomain::"Running Make include in ps7_cortexa9_0/libsrc/scutimer_v2_4/src"

TRACE::2026-05-04.15:59:45::SCWBDomain::make -C ps7_cortexa9_0/libsrc/scutimer_v2_4/src -s include  "SHELL=CMD" "COMPILER=arm-none-eabi-gcc" "ASSEMBLER=arm-none-eabi-a
TRACE::2026-05-04.15:59:45::SCWBDomain::s" "ARCHIVER=arm-none-eabi-ar" "COMPILER_FLAGS=  -O2 -c" "EXTRA_COMPILER_FLAGS=-mcpu=cortex-a9 -mfpu=vfpv3 -mfloat-abi=hard -no
TRACE::2026-05-04.15:59:45::SCWBDomain::startfiles -g -Wall -Wextra -fno-tree-loop-distribute-patterns"

TRACE::2026-05-04.15:59:45::SCWBDomain::"Running Make include in ps7_cortexa9_0/libsrc/scuwdt_v2_4/src"

TRACE::2026-05-04.15:59:45::SCWBDomain::make -C ps7_cortexa9_0/libsrc/scuwdt_v2_4/src -s include  "SHELL=CMD" "COMPILER=arm-none-eabi-gcc" "ASSEMBLER=arm-none-eabi-as"
TRACE::2026-05-04.15:59:45::SCWBDomain:: "ARCHIVER=arm-none-eabi-ar" "COMPILER_FLAGS=  -O2 -c" "EXTRA_COMPILER_FLAGS=-mcpu=cortex-a9 -mfpu=vfpv3 -mfloat-abi=hard -nost
TRACE::2026-05-04.15:59:45::SCWBDomain::artfiles -g -Wall -Wextra -fno-tree-loop-distribute-patterns"

TRACE::2026-05-04.15:59:45::SCWBDomain::"Running Make include in ps7_cortexa9_0/libsrc/sdps_v4_1/src"

TRACE::2026-05-04.15:59:45::SCWBDomain::make -C ps7_cortexa9_0/libsrc/sdps_v4_1/src -s include  "SHELL=CMD" "COMPILER=arm-none-eabi-gcc" "ASSEMBLER=arm-none-eabi-as" "
TRACE::2026-05-04.15:59:45::SCWBDomain::ARCHIVER=arm-none-eabi-ar" "COMPILER_FLAGS=  -O2 -c" "EXTRA_COMPILER_FLAGS=-mcpu=cortex-a9 -mfpu=vfpv3 -mfloat-abi=hard -nostar
TRACE::2026-05-04.15:59:45::SCWBDomain::tfiles -g -Wall -Wextra -fno-tree-loop-distribute-patterns"

TRACE::2026-05-04.15:59:45::SCWBDomain::"Running Make include in ps7_cortexa9_0/libsrc/standalone_v8_1/src"

TRACE::2026-05-04.15:59:45::SCWBDomain::make -C ps7_cortexa9_0/libsrc/standalone_v8_1/src -s include  "SHELL=CMD" "COMPILER=arm-none-eabi-gcc" "ASSEMBLER=arm-none-eabi
TRACE::2026-05-04.15:59:45::SCWBDomain::-as" "ARCHIVER=arm-none-eabi-ar" "COMPILER_FLAGS=  -O2 -c" "EXTRA_COMPILER_FLAGS=-mcpu=cortex-a9 -mfpu=vfpv3 -mfloat-abi=hard -
TRACE::2026-05-04.15:59:45::SCWBDomain::nostartfiles -g -Wall -Wextra -fno-tree-loop-distribute-patterns"

TRACE::2026-05-04.15:59:45::SCWBDomain::"Running Make include in ps7_cortexa9_0/libsrc/uartps_v3_12/src"

TRACE::2026-05-04.15:59:45::SCWBDomain::make -C ps7_cortexa9_0/libsrc/uartps_v3_12/src -s include  "SHELL=CMD" "COMPILER=arm-none-eabi-gcc" "ASSEMBLER=arm-none-eabi-as
TRACE::2026-05-04.15:59:45::SCWBDomain::" "ARCHIVER=arm-none-eabi-ar" "COMPILER_FLAGS=  -O2 -c" "EXTRA_COMPILER_FLAGS=-mcpu=cortex-a9 -mfpu=vfpv3 -mfloat-abi=hard -nos
TRACE::2026-05-04.15:59:45::SCWBDomain::tartfiles -g -Wall -Wextra -fno-tree-loop-distribute-patterns"

TRACE::2026-05-04.15:59:45::SCWBDomain::"Running Make include in ps7_cortexa9_0/libsrc/usbps_v2_7/src"

TRACE::2026-05-04.15:59:45::SCWBDomain::make -C ps7_cortexa9_0/libsrc/usbps_v2_7/src -s include  "SHELL=CMD" "COMPILER=arm-none-eabi-gcc" "ASSEMBLER=arm-none-eabi-as" 
TRACE::2026-05-04.15:59:45::SCWBDomain::"ARCHIVER=arm-none-eabi-ar" "COMPILER_FLAGS=  -O2 -c" "EXTRA_COMPILER_FLAGS=-mcpu=cortex-a9 -mfpu=vfpv3 -mfloat-abi=hard -nosta
TRACE::2026-05-04.15:59:45::SCWBDomain::rtfiles -g -Wall -Wextra -fno-tree-loop-distribute-patterns"

TRACE::2026-05-04.15:59:45::SCWBDomain::"Running Make include in ps7_cortexa9_0/libsrc/xadcps_v2_6/src"

TRACE::2026-05-04.15:59:45::SCWBDomain::make -C ps7_cortexa9_0/libsrc/xadcps_v2_6/src -s include  "SHELL=CMD" "COMPILER=arm-none-eabi-gcc" "ASSEMBLER=arm-none-eabi-as"
TRACE::2026-05-04.15:59:45::SCWBDomain:: "ARCHIVER=arm-none-eabi-ar" "COMPILER_FLAGS=  -O2 -c" "EXTRA_COMPILER_FLAGS=-mcpu=cortex-a9 -mfpu=vfpv3 -mfloat-abi=hard -nost
TRACE::2026-05-04.15:59:45::SCWBDomain::artfiles -g -Wall -Wextra -fno-tree-loop-distribute-patterns"

TRACE::2026-05-04.15:59:45::SCWBDomain::"Running Make include in ps7_cortexa9_0/libsrc/xilffs_v5_0/src"

TRACE::2026-05-04.15:59:45::SCWBDomain::make -C ps7_cortexa9_0/libsrc/xilffs_v5_0/src -s include  "SHELL=CMD" "COMPILER=arm-none-eabi-gcc" "ASSEMBLER=arm-none-eabi-as"
TRACE::2026-05-04.15:59:45::SCWBDomain:: "ARCHIVER=arm-none-eabi-ar" "COMPILER_FLAGS=  -O2 -c" "EXTRA_COMPILER_FLAGS=-mcpu=cortex-a9 -mfpu=vfpv3 -mfloat-abi=hard -nost
TRACE::2026-05-04.15:59:45::SCWBDomain::artfiles -g -Wall -Wextra -fno-tree-loop-distribute-patterns"

TRACE::2026-05-04.15:59:45::SCWBDomain::"Running Make include in ps7_cortexa9_0/libsrc/xilrsa_v1_6/src"

TRACE::2026-05-04.15:59:45::SCWBDomain::make -C ps7_cortexa9_0/libsrc/xilrsa_v1_6/src -s include  "SHELL=CMD" "COMPILER=arm-none-eabi-gcc" "ASSEMBLER=arm-none-eabi-as"
TRACE::2026-05-04.15:59:45::SCWBDomain:: "ARCHIVER=arm-none-eabi-ar" "COMPILER_FLAGS=  -O2 -c" "EXTRA_COMPILER_FLAGS=-mcpu=cortex-a9 -mfpu=vfpv3 -mfloat-abi=hard -nost
TRACE::2026-05-04.15:59:45::SCWBDomain::artfiles -g -Wall -Wextra -fno-tree-loop-distribute-patterns"

TRACE::2026-05-04.15:59:45::SCWBDomain::"Running Make libs in ps7_cortexa9_0/libsrc/coresightps_dcc_v1_8/src"

TRACE::2026-05-04.15:59:45::SCWBDomain::make -C ps7_cortexa9_0/libsrc/coresightps_dcc_v1_8/src -s libs  "SHELL=CMD" "COMPILER=arm-none-eabi-gcc" "ASSEMBLER=arm-none-ea
TRACE::2026-05-04.15:59:45::SCWBDomain::bi-as" "ARCHIVER=arm-none-eabi-ar" "COMPILER_FLAGS=  -O2 -c" "EXTRA_COMPILER_FLAGS=-mcpu=cortex-a9 -mfpu=vfpv3 -mfloat-abi=hard
TRACE::2026-05-04.15:59:45::SCWBDomain:: -nostartfiles -g -Wall -Wextra -fno-tree-loop-distribute-patterns"

TRACE::2026-05-04.15:59:45::SCWBDomain::"Running Make libs in ps7_cortexa9_0/libsrc/cpu_cortexa9_v2_11/src"

TRACE::2026-05-04.15:59:45::SCWBDomain::make -C ps7_cortexa9_0/libsrc/cpu_cortexa9_v2_11/src -s libs  "SHELL=CMD" "COMPILER=arm-none-eabi-gcc" "ASSEMBLER=arm-none-eabi
TRACE::2026-05-04.15:59:45::SCWBDomain::-as" "ARCHIVER=arm-none-eabi-ar" "COMPILER_FLAGS=  -O2 -c" "EXTRA_COMPILER_FLAGS=-mcpu=cortex-a9 -mfpu=vfpv3 -mfloat-abi=hard -
TRACE::2026-05-04.15:59:45::SCWBDomain::nostartfiles -g -Wall -Wextra -fno-tree-loop-distribute-patterns"

TRACE::2026-05-04.15:59:45::SCWBDomain::"Running Make libs in ps7_cortexa9_0/libsrc/ddrps_v1_2/src"

TRACE::2026-05-04.15:59:45::SCWBDomain::make -C ps7_cortexa9_0/libsrc/ddrps_v1_2/src -s libs  "SHELL=CMD" "COMPILER=arm-none-eabi-gcc" "ASSEMBLER=arm-none-eabi-as" "AR
TRACE::2026-05-04.15:59:45::SCWBDomain::CHIVER=arm-none-eabi-ar" "COMPILER_FLAGS=  -O2 -c" "EXTRA_COMPILER_FLAGS=-mcpu=cortex-a9 -mfpu=vfpv3 -mfloat-abi=hard -nostartf
TRACE::2026-05-04.15:59:45::SCWBDomain::iles -g -Wall -Wextra -fno-tree-loop-distribute-patterns"

TRACE::2026-05-04.15:59:45::SCWBDomain::"Running Make libs in ps7_cortexa9_0/libsrc/devcfg_v3_7/src"

TRACE::2026-05-04.15:59:45::SCWBDomain::make -C ps7_cortexa9_0/libsrc/devcfg_v3_7/src -s libs  "SHELL=CMD" "COMPILER=arm-none-eabi-gcc" "ASSEMBLER=arm-none-eabi-as" "A
TRACE::2026-05-04.15:59:45::SCWBDomain::RCHIVER=arm-none-eabi-ar" "COMPILER_FLAGS=  -O2 -c" "EXTRA_COMPILER_FLAGS=-mcpu=cortex-a9 -mfpu=vfpv3 -mfloat-abi=hard -nostart
TRACE::2026-05-04.15:59:45::SCWBDomain::files -g -Wall -Wextra -fno-tree-loop-distribute-patterns"

TRACE::2026-05-04.15:59:45::SCWBDomain::"Running Make libs in ps7_cortexa9_0/libsrc/dmaps_v2_8/src"

TRACE::2026-05-04.15:59:45::SCWBDomain::make -C ps7_cortexa9_0/libsrc/dmaps_v2_8/src -s libs  "SHELL=CMD" "COMPILER=arm-none-eabi-gcc" "ASSEMBLER=arm-none-eabi-as" "AR
TRACE::2026-05-04.15:59:45::SCWBDomain::CHIVER=arm-none-eabi-ar" "COMPILER_FLAGS=  -O2 -c" "EXTRA_COMPILER_FLAGS=-mcpu=cortex-a9 -mfpu=vfpv3 -mfloat-abi=hard -nostartf
TRACE::2026-05-04.15:59:45::SCWBDomain::iles -g -Wall -Wextra -fno-tree-loop-distribute-patterns"

TRACE::2026-05-04.15:59:45::SCWBDomain::"Running Make libs in ps7_cortexa9_0/libsrc/emacps_v3_18/src"

TRACE::2026-05-04.15:59:45::SCWBDomain::make -C ps7_cortexa9_0/libsrc/emacps_v3_18/src -s libs  "SHELL=CMD" "COMPILER=arm-none-eabi-gcc" "ASSEMBLER=arm-none-eabi-as" "
TRACE::2026-05-04.15:59:45::SCWBDomain::ARCHIVER=arm-none-eabi-ar" "COMPILER_FLAGS=  -O2 -c" "EXTRA_COMPILER_FLAGS=-mcpu=cortex-a9 -mfpu=vfpv3 -mfloat-abi=hard -nostar
TRACE::2026-05-04.15:59:45::SCWBDomain::tfiles -g -Wall -Wextra -fno-tree-loop-distribute-patterns"

TRACE::2026-05-04.15:59:45::SCWBDomain::"Running Make libs in ps7_cortexa9_0/libsrc/gpiops_v3_11/src"

TRACE::2026-05-04.15:59:45::SCWBDomain::make -C ps7_cortexa9_0/libsrc/gpiops_v3_11/src -s libs  "SHELL=CMD" "COMPILER=arm-none-eabi-gcc" "ASSEMBLER=arm-none-eabi-as" "
TRACE::2026-05-04.15:59:45::SCWBDomain::ARCHIVER=arm-none-eabi-ar" "COMPILER_FLAGS=  -O2 -c" "EXTRA_COMPILER_FLAGS=-mcpu=cortex-a9 -mfpu=vfpv3 -mfloat-abi=hard -nostar
TRACE::2026-05-04.15:59:45::SCWBDomain::tfiles -g -Wall -Wextra -fno-tree-loop-distribute-patterns"

TRACE::2026-05-04.15:59:45::SCWBDomain::"Running Make libs in ps7_cortexa9_0/libsrc/qspips_v3_10/src"

TRACE::2026-05-04.15:59:45::SCWBDomain::make -C ps7_cortexa9_0/libsrc/qspips_v3_10/src -s libs  "SHELL=CMD" "COMPILER=arm-none-eabi-gcc" "ASSEMBLER=arm-none-eabi-as" "
TRACE::2026-05-04.15:59:45::SCWBDomain::ARCHIVER=arm-none-eabi-ar" "COMPILER_FLAGS=  -O2 -c" "EXTRA_COMPILER_FLAGS=-mcpu=cortex-a9 -mfpu=vfpv3 -mfloat-abi=hard -nostar
TRACE::2026-05-04.15:59:45::SCWBDomain::tfiles -g -Wall -Wextra -fno-tree-loop-distribute-patterns"

TRACE::2026-05-04.15:59:46::SCWBDomain::"Running Make libs in ps7_cortexa9_0/libsrc/scugic_v5_1/src"

TRACE::2026-05-04.15:59:46::SCWBDomain::make -C ps7_cortexa9_0/libsrc/scugic_v5_1/src -s libs  "SHELL=CMD" "COMPILER=arm-none-eabi-gcc" "ASSEMBLER=arm-none-eabi-as" "A
TRACE::2026-05-04.15:59:46::SCWBDomain::RCHIVER=arm-none-eabi-ar" "COMPILER_FLAGS=  -O2 -c" "EXTRA_COMPILER_FLAGS=-mcpu=cortex-a9 -mfpu=vfpv3 -mfloat-abi=hard -nostart
TRACE::2026-05-04.15:59:46::SCWBDomain::files -g -Wall -Wextra -fno-tree-loop-distribute-patterns"

TRACE::2026-05-04.15:59:46::SCWBDomain::"Running Make libs in ps7_cortexa9_0/libsrc/scutimer_v2_4/src"

TRACE::2026-05-04.15:59:46::SCWBDomain::make -C ps7_cortexa9_0/libsrc/scutimer_v2_4/src -s libs  "SHELL=CMD" "COMPILER=arm-none-eabi-gcc" "ASSEMBLER=arm-none-eabi-as" 
TRACE::2026-05-04.15:59:46::SCWBDomain::"ARCHIVER=arm-none-eabi-ar" "COMPILER_FLAGS=  -O2 -c" "EXTRA_COMPILER_FLAGS=-mcpu=cortex-a9 -mfpu=vfpv3 -mfloat-abi=hard -nosta
TRACE::2026-05-04.15:59:46::SCWBDomain::rtfiles -g -Wall -Wextra -fno-tree-loop-distribute-patterns"

TRACE::2026-05-04.15:59:46::SCWBDomain::"Running Make libs in ps7_cortexa9_0/libsrc/scuwdt_v2_4/src"

TRACE::2026-05-04.15:59:46::SCWBDomain::make -C ps7_cortexa9_0/libsrc/scuwdt_v2_4/src -s libs  "SHELL=CMD" "COMPILER=arm-none-eabi-gcc" "ASSEMBLER=arm-none-eabi-as" "A
TRACE::2026-05-04.15:59:46::SCWBDomain::RCHIVER=arm-none-eabi-ar" "COMPILER_FLAGS=  -O2 -c" "EXTRA_COMPILER_FLAGS=-mcpu=cortex-a9 -mfpu=vfpv3 -mfloat-abi=hard -nostart
TRACE::2026-05-04.15:59:46::SCWBDomain::files -g -Wall -Wextra -fno-tree-loop-distribute-patterns"

TRACE::2026-05-04.15:59:46::SCWBDomain::"Running Make libs in ps7_cortexa9_0/libsrc/sdps_v4_1/src"

TRACE::2026-05-04.15:59:46::SCWBDomain::make -C ps7_cortexa9_0/libsrc/sdps_v4_1/src -s libs  "SHELL=CMD" "COMPILER=arm-none-eabi-gcc" "ASSEMBLER=arm-none-eabi-as" "ARC
TRACE::2026-05-04.15:59:46::SCWBDomain::HIVER=arm-none-eabi-ar" "COMPILER_FLAGS=  -O2 -c" "EXTRA_COMPILER_FLAGS=-mcpu=cortex-a9 -mfpu=vfpv3 -mfloat-abi=hard -nostartfi
TRACE::2026-05-04.15:59:46::SCWBDomain::les -g -Wall -Wextra -fno-tree-loop-distribute-patterns"

TRACE::2026-05-04.15:59:46::SCWBDomain::"Running Make libs in ps7_cortexa9_0/libsrc/standalone_v8_1/src"

TRACE::2026-05-04.15:59:46::SCWBDomain::make -C ps7_cortexa9_0/libsrc/standalone_v8_1/src -s libs  "SHELL=CMD" "COMPILER=arm-none-eabi-gcc" "ASSEMBLER=arm-none-eabi-as
TRACE::2026-05-04.15:59:46::SCWBDomain::" "ARCHIVER=arm-none-eabi-ar" "COMPILER_FLAGS=  -O2 -c" "EXTRA_COMPILER_FLAGS=-mcpu=cortex-a9 -mfpu=vfpv3 -mfloat-abi=hard -nos
TRACE::2026-05-04.15:59:46::SCWBDomain::tartfiles -g -Wall -Wextra -fno-tree-loop-distribute-patterns"

TRACE::2026-05-04.15:59:46::SCWBDomain::"Running Make libs in ps7_cortexa9_0/libsrc/uartps_v3_12/src"

TRACE::2026-05-04.15:59:46::SCWBDomain::make -C ps7_cortexa9_0/libsrc/uartps_v3_12/src -s libs  "SHELL=CMD" "COMPILER=arm-none-eabi-gcc" "ASSEMBLER=arm-none-eabi-as" "
TRACE::2026-05-04.15:59:46::SCWBDomain::ARCHIVER=arm-none-eabi-ar" "COMPILER_FLAGS=  -O2 -c" "EXTRA_COMPILER_FLAGS=-mcpu=cortex-a9 -mfpu=vfpv3 -mfloat-abi=hard -nostar
TRACE::2026-05-04.15:59:46::SCWBDomain::tfiles -g -Wall -Wextra -fno-tree-loop-distribute-patterns"

TRACE::2026-05-04.15:59:46::SCWBDomain::"Running Make libs in ps7_cortexa9_0/libsrc/usbps_v2_7/src"

TRACE::2026-05-04.15:59:46::SCWBDomain::make -C ps7_cortexa9_0/libsrc/usbps_v2_7/src -s libs  "SHELL=CMD" "COMPILER=arm-none-eabi-gcc" "ASSEMBLER=arm-none-eabi-as" "AR
TRACE::2026-05-04.15:59:46::SCWBDomain::CHIVER=arm-none-eabi-ar" "COMPILER_FLAGS=  -O2 -c" "EXTRA_COMPILER_FLAGS=-mcpu=cortex-a9 -mfpu=vfpv3 -mfloat-abi=hard -nostartf
TRACE::2026-05-04.15:59:46::SCWBDomain::iles -g -Wall -Wextra -fno-tree-loop-distribute-patterns"

TRACE::2026-05-04.15:59:46::SCWBDomain::"Running Make libs in ps7_cortexa9_0/libsrc/xadcps_v2_6/src"

TRACE::2026-05-04.15:59:47::SCWBDomain::make -C ps7_cortexa9_0/libsrc/xadcps_v2_6/src -s libs  "SHELL=CMD" "COMPILER=arm-none-eabi-gcc" "ASSEMBLER=arm-none-eabi-as" "A
TRACE::2026-05-04.15:59:47::SCWBDomain::RCHIVER=arm-none-eabi-ar" "COMPILER_FLAGS=  -O2 -c" "EXTRA_COMPILER_FLAGS=-mcpu=cortex-a9 -mfpu=vfpv3 -mfloat-abi=hard -nostart
TRACE::2026-05-04.15:59:47::SCWBDomain::files -g -Wall -Wextra -fno-tree-loop-distribute-patterns"

TRACE::2026-05-04.15:59:47::SCWBDomain::"Running Make libs in ps7_cortexa9_0/libsrc/xilffs_v5_0/src"

TRACE::2026-05-04.15:59:47::SCWBDomain::make -C ps7_cortexa9_0/libsrc/xilffs_v5_0/src -s libs  "SHELL=CMD" "COMPILER=arm-none-eabi-gcc" "ASSEMBLER=arm-none-eabi-as" "A
TRACE::2026-05-04.15:59:47::SCWBDomain::RCHIVER=arm-none-eabi-ar" "COMPILER_FLAGS=  -O2 -c" "EXTRA_COMPILER_FLAGS=-mcpu=cortex-a9 -mfpu=vfpv3 -mfloat-abi=hard -nostart
TRACE::2026-05-04.15:59:47::SCWBDomain::files -g -Wall -Wextra -fno-tree-loop-distribute-patterns"

TRACE::2026-05-04.15:59:49::SCWBDomain::'Finished building libraries parallelly.'

TRACE::2026-05-04.15:59:49::SCWBDomain::make --no-print-directory archive

TRACE::2026-05-04.15:59:49::SCWBDomain::arm-none-eabi-ar -r  ps7_cortexa9_0/lib/libxil.a ps7_cortexa9_0/lib/_exit.o ps7_cortexa9_0/lib/_open.o ps7_cortexa9_0/lib/_sbrk
TRACE::2026-05-04.15:59:49::SCWBDomain::.o ps7_cortexa9_0/lib/abort.o ps7_cortexa9_0/lib/asm_vectors.o ps7_cortexa9_0/lib/boot.o ps7_cortexa9_0/lib/close.o ps7_cortexa
TRACE::2026-05-04.15:59:49::SCWBDomain::9_0/lib/cpputest_time.o ps7_cortexa9_0/lib/cpu_init.o ps7_cortexa9_0/lib/errno.o ps7_cortexa9_0/lib/fcntl.o ps7_cortexa9_0/lib/
TRACE::2026-05-04.15:59:49::SCWBDomain::fstat.o ps7_cortexa9_0/lib/getentropy.o ps7_cortexa9_0/lib/getpid.o ps7_cortexa9_0/lib/inbyte.o ps7_cortexa9_0/lib/isatty.o ps7
TRACE::2026-05-04.15:59:49::SCWBDomain::_cortexa9_0/lib/kill.o ps7_cortexa9_0/lib/lseek.o ps7_cortexa9_0/lib/open.o ps7_cortexa9_0/lib/outbyte.o ps7_cortexa9_0/lib/pri
TRACE::2026-05-04.15:59:49::SCWBDomain::nt.o ps7_cortexa9_0/lib/putnum.o ps7_cortexa9_0/lib/read.o ps7_cortexa9_0/lib/sbrk.o ps7_cortexa9_0/lib/sleep.o ps7_cortexa9_0/
TRACE::2026-05-04.15:59:49::SCWBDomain::lib/time.o ps7_cortexa9_0/lib/translation_table.o ps7_cortexa9_0/lib/unlink.o ps7_cortexa9_0/lib/usleep.o ps7_cortexa9_0/lib/ve
TRACE::2026-05-04.15:59:49::SCWBDomain::ctors.o ps7_cortexa9_0/lib/write.o ps7_cortexa9_0/lib/xadcps.o ps7_cortexa9_0/lib/xadcps_g.o ps7_cortexa9_0/lib/xadcps_intr.o p
TRACE::2026-05-04.15:59:49::SCWBDomain::s7_cortexa9_0/lib/xadcps_selftest.o ps7_cortexa9_0/lib/xadcps_sinit.o ps7_cortexa9_0/lib/xcoresightpsdcc.o ps7_cortexa9_0/lib/x
TRACE::2026-05-04.15:59:49::SCWBDomain::devcfg.o ps7_cortexa9_0/lib/xdevcfg_g.o ps7_cortexa9_0/lib/xdevcfg_hw.o ps7_cortexa9_0/lib/xdevcfg_intr.o ps7_cortexa9_0/lib/xd
TRACE::2026-05-04.15:59:49::SCWBDomain::evcfg_selftest.o ps7_cortexa9_0/lib/xdevcfg_sinit.o ps7_cortexa9_0/lib/xdmaps.o ps7_cortexa9_0/lib/xdmaps_g.o ps7_cortexa9_0/li
TRACE::2026-05-04.15:59:49::SCWBDomain::b/xdmaps_hw.o ps7_cortexa9_0/lib/xdmaps_selftest.o ps7_cortexa9_0/lib/xdmaps_sinit.o ps7_cortexa9_0/lib/xemacps.o ps7_cortexa9_
TRACE::2026-05-04.15:59:49::SCWBDomain::0/lib/xemacps_bdring.o ps7_cortexa9_0/lib/xemacps_control.o ps7_cortexa9_0/lib/xemacps_g.o ps7_cortexa9_0/lib/xemacps_hw.o ps7_
TRACE::2026-05-04.15:59:49::SCWBDomain::cortexa9_0/lib/xemacps_intr.o ps7_cortexa9_0/lib/xemacps_sinit.o ps7_cortexa9_0/lib/xgpiops.o ps7_cortexa9_0/lib/xgpiops_g.o ps
TRACE::2026-05-04.15:59:49::SCWBDomain::7_cortexa9_0/lib/xgpiops_hw.o ps7_cortexa9_0/lib/xgpiops_intr.o ps7_cortexa9_0/lib/xgpiops_selftest.o ps7_cortexa9_0/lib/xgpiop
TRACE::2026-05-04.15:59:49::SCWBDomain::s_sinit.o ps7_cortexa9_0/lib/xil-crt0.o ps7_cortexa9_0/lib/xil_assert.o ps7_cortexa9_0/lib/xil_cache.o ps7_cortexa9_0/lib/xil_c
TRACE::2026-05-04.15:59:49::SCWBDomain::locking.o ps7_cortexa9_0/lib/xil_exception.o ps7_cortexa9_0/lib/xil_mem.o ps7_cortexa9_0/lib/xil_misc_psreset_api.o ps7_cortexa
TRACE::2026-05-04.15:59:49::SCWBDomain::9_0/lib/xil_mmu.o ps7_cortexa9_0/lib/xil_printf.o ps7_cortexa9_0/lib/xil_sleepcommon.o ps7_cortexa9_0/lib/xil_sleeptimer.o ps7_
TRACE::2026-05-04.15:59:49::SCWBDomain::cortexa9_0/lib/xil_spinlock.o ps7_cortexa9_0/lib/xil_testcache.o ps7_cortexa9_0/lib/xil_testio.o ps7_cortexa9_0/lib/xil_testmem
TRACE::2026-05-04.15:59:49::SCWBDomain::.o ps7_cortexa9_0/lib/xil_util.o ps7_cortexa9_0/lib/xinterrupt_wrap.o ps7_cortexa9_0/lib/xl2cc_counter.o ps7_cortexa9_0/lib/xpl
TRACE::2026-05-04.15:59:49::SCWBDomain::atform_info.o ps7_cortexa9_0/lib/xpm_counter.o ps7_cortexa9_0/lib/xqspips.o ps7_cortexa9_0/lib/xqspips_g.o ps7_cortexa9_0/lib/x
TRACE::2026-05-04.15:59:49::SCWBDomain::qspips_hw.o ps7_cortexa9_0/lib/xqspips_options.o ps7_cortexa9_0/lib/xqspips_selftest.o ps7_cortexa9_0/lib/xqspips_sinit.o ps7_c
TRACE::2026-05-04.15:59:49::SCWBDomain::ortexa9_0/lib/xscugic.o ps7_cortexa9_0/lib/xscugic_g.o ps7_cortexa9_0/lib/xscugic_hw.o ps7_cortexa9_0/lib/xscugic_intr.o ps7_co
TRACE::2026-05-04.15:59:49::SCWBDomain::rtexa9_0/lib/xscugic_selftest.o ps7_cortexa9_0/lib/xscugic_sinit.o ps7_cortexa9_0/lib/xscutimer.o ps7_cortexa9_0/lib/xscutimer_
TRACE::2026-05-04.15:59:49::SCWBDomain::g.o ps7_cortexa9_0/lib/xscutimer_selftest.o ps7_cortexa9_0/lib/xscutimer_sinit.o ps7_cortexa9_0/lib/xscuwdt.o ps7_cortexa9_0/li
TRACE::2026-05-04.15:59:49::SCWBDomain::b/xscuwdt_g.o ps7_cortexa9_0/lib/xscuwdt_selftest.o ps7_cortexa9_0/lib/xscuwdt_sinit.o ps7_cortexa9_0/lib/xsdps.o ps7_cortexa9_
TRACE::2026-05-04.15:59:49::SCWBDomain::0/lib/xsdps_card.o ps7_cortexa9_0/lib/xsdps_g.o ps7_cortexa9_0/lib/xsdps_host.o ps7_cortexa9_0/lib/xsdps_options.o ps7_cortexa9
TRACE::2026-05-04.15:59:49::SCWBDomain::_0/lib/xsdps_sinit.o ps7_cortexa9_0/lib/xtime_l.o ps7_cortexa9_0/lib/xuartps.o ps7_cortexa9_0/lib/xuartps_g.o ps7_cortexa9_0/li
TRACE::2026-05-04.15:59:49::SCWBDomain::b/xuartps_hw.o ps7_cortexa9_0/lib/xuartps_intr.o ps7_cortexa9_0/lib/xuartps_options.o ps7_cortexa9_0/lib/xuartps_selftest.o ps7
TRACE::2026-05-04.15:59:49::SCWBDomain::_cortexa9_0/lib/xuartps_sinit.o ps7_cortexa9_0/lib/xusbps.o ps7_cortexa9_0/lib/xusbps_endpoint.o ps7_cortexa9_0/lib/xusbps_g.o 
TRACE::2026-05-04.15:59:49::SCWBDomain::ps7_cortexa9_0/lib/xusbps_hw.o ps7_cortexa9_0/lib/xusbps_intr.o ps7_cortexa9_0/lib/xusbps_sinit.o

TRACE::2026-05-04.15:59:49::SCWBDomain::'Finished building libraries'

TRACE::2026-05-04.15:59:49::SCWBDomain::make: Leaving directory 'C:/Xilinx/ECE_520/Sandbox/threat_detection_vitis/threat_app3/zynq_fsbl/zynq_fsbl_bsp'

TRACE::2026-05-04.15:59:49::SCWBDomain::arm-none-eabi-gcc  -O2 -c -MMD -MP       -mcpu=cortex-a9 -mfpu=vfpv3 -mfloat-abi=hard  -c sd.c -o sd.o -Izynq_fsbl_bsp/ps7_cort
TRACE::2026-05-04.15:59:49::SCWBDomain::exa9_0/include -I.

TRACE::2026-05-04.15:59:49::SCWBDomain::arm-none-eabi-gcc  -O2 -c -MMD -MP       -mcpu=cortex-a9 -mfpu=vfpv3 -mfloat-abi=hard  -c nand.c -o nand.o -Izynq_fsbl_bsp/ps7_
TRACE::2026-05-04.15:59:49::SCWBDomain::cortexa9_0/include -I.

TRACE::2026-05-04.15:59:49::SCWBDomain::arm-none-eabi-gcc  -O2 -c -MMD -MP       -mcpu=cortex-a9 -mfpu=vfpv3 -mfloat-abi=hard  -c nor.c -o nor.o -Izynq_fsbl_bsp/ps7_co
TRACE::2026-05-04.15:59:49::SCWBDomain::rtexa9_0/include -I.

TRACE::2026-05-04.15:59:49::SCWBDomain::arm-none-eabi-gcc  -O2 -c -MMD -MP       -mcpu=cortex-a9 -mfpu=vfpv3 -mfloat-abi=hard  -c image_mover.c -o image_mover.o -Izynq
TRACE::2026-05-04.15:59:49::SCWBDomain::_fsbl_bsp/ps7_cortexa9_0/include -I.

TRACE::2026-05-04.15:59:49::SCWBDomain::arm-none-eabi-gcc  -O2 -c -MMD -MP       -mcpu=cortex-a9 -mfpu=vfpv3 -mfloat-abi=hard  -c md5.c -o md5.o -Izynq_fsbl_bsp/ps7_co
TRACE::2026-05-04.15:59:49::SCWBDomain::rtexa9_0/include -I.

TRACE::2026-05-04.15:59:49::SCWBDomain::arm-none-eabi-gcc  -O2 -c -MMD -MP       -mcpu=cortex-a9 -mfpu=vfpv3 -mfloat-abi=hard  -c fsbl_hooks.c -o fsbl_hooks.o -Izynq_f
TRACE::2026-05-04.15:59:49::SCWBDomain::sbl_bsp/ps7_cortexa9_0/include -I.

TRACE::2026-05-04.15:59:49::SCWBDomain::arm-none-eabi-gcc  -O2 -c -MMD -MP       -mcpu=cortex-a9 -mfpu=vfpv3 -mfloat-abi=hard  -c main.c -o main.o -Izynq_fsbl_bsp/ps7_
TRACE::2026-05-04.15:59:49::SCWBDomain::cortexa9_0/include -I.

TRACE::2026-05-04.15:59:49::SCWBDomain::arm-none-eabi-gcc  -O2 -c -MMD -MP       -mcpu=cortex-a9 -mfpu=vfpv3 -mfloat-abi=hard  -c rsa.c -o rsa.o -Izynq_fsbl_bsp/ps7_co
TRACE::2026-05-04.15:59:49::SCWBDomain::rtexa9_0/include -I.

TRACE::2026-05-04.15:59:50::SCWBDomain::arm-none-eabi-gcc  -O2 -c -MMD -MP       -mcpu=cortex-a9 -mfpu=vfpv3 -mfloat-abi=hard  -c qspi.c -o qspi.o -Izynq_fsbl_bsp/ps7_
TRACE::2026-05-04.15:59:50::SCWBDomain::cortexa9_0/include -I.

TRACE::2026-05-04.15:59:50::SCWBDomain::arm-none-eabi-gcc  -O2 -c -MMD -MP       -mcpu=cortex-a9 -mfpu=vfpv3 -mfloat-abi=hard  -c ps7_init.c -o ps7_init.o -Izynq_fsbl_
TRACE::2026-05-04.15:59:50::SCWBDomain::bsp/ps7_cortexa9_0/include -I.

TRACE::2026-05-04.15:59:50::SCWBDomain::arm-none-eabi-gcc  -O2 -c -MMD -MP       -mcpu=cortex-a9 -mfpu=vfpv3 -mfloat-abi=hard  -c pcap.c -o pcap.o -Izynq_fsbl_bsp/ps7_
TRACE::2026-05-04.15:59:50::SCWBDomain::cortexa9_0/include -I.

TRACE::2026-05-04.15:59:50::SCWBDomain::arm-none-eabi-gcc  -O2 -c -MMD -MP       -mcpu=cortex-a9 -mfpu=vfpv3 -mfloat-abi=hard  -c fsbl_handoff.S -o fsbl_handoff.o -Izy
TRACE::2026-05-04.15:59:50::SCWBDomain::nq_fsbl_bsp/ps7_cortexa9_0/include -I.

TRACE::2026-05-04.15:59:50::SCWBDomain::arm-none-eabi-gcc -o fsbl.elf fsbl_handoff.o fsbl_hooks.o image_mover.o main.o md5.o nand.o nor.o pcap.o ps7_init.o qspi.o rsa.
TRACE::2026-05-04.15:59:50::SCWBDomain::o sd.o -MMD -MP       -mcpu=cortex-a9 -mfpu=vfpv3 -mfloat-abi=hard   -mcpu=cortex-a9 -mfpu=vfpv3 -mfloat-abi=hard -Wl,-build-id
TRACE::2026-05-04.15:59:50::SCWBDomain::=none -specs=Xilinx.spec  -lrsa -Wl,--start-group,-lxil,-lgcc,-lc,--end-group -Wl,--start-group,-lxilffs,-lxil,-lgcc,-lc,--end-
TRACE::2026-05-04.15:59:50::SCWBDomain::group -Wl,--start-group,-lrsa,-lxil,-lgcc,-lc,--end-group                                   -Wl,--gc-sections -Lzynq_fsbl_bsp/p
TRACE::2026-05-04.15:59:50::SCWBDomain::s7_cortexa9_0/lib -L./ -Tlscript.ld

LOG::2026-05-04.15:59:51::SCWSystem::Checking the domain standalone_domain
LOG::2026-05-04.15:59:51::SCWSystem::Not a boot domain 
LOG::2026-05-04.15:59:51::SCWSystem::Started Processing the domain standalone_domain
TRACE::2026-05-04.15:59:51::SCWDomain::Generating domain artifcats
TRACE::2026-05-04.15:59:51::SCWMssOS::Generating standalone artifcats
TRACE::2026-05-04.15:59:51::SCWMssOS::Copying the qemu file from  C:/Xilinx/ECE_520/Sandbox/threat_detection_vitis/threat_app3/resources/threat_app3/standalone_domain/qemu_args.txt To C:/Xilinx/ECE_520/Sandbox/threat_detection_vitis/threat_app3/export/threat_app3/sw/threat_app3/standalone_domain/qemu/
TRACE::2026-05-04.15:59:51::SCWMssOS:: Copying the user libraries. 
TRACE::2026-05-04.15:59:51::SCWPlatform::Trying to open the hw design at C:/Xilinx/ECE_520/Sandbox/threat_detection_vitis/threat_app3/hw/threat_detector_bd_wrapper2.xsa
TRACE::2026-05-04.15:59:51::SCWPlatform::DSA given C:/Xilinx/ECE_520/Sandbox/threat_detection_vitis/threat_app3/hw/threat_detector_bd_wrapper2.xsa
TRACE::2026-05-04.15:59:51::SCWPlatform::DSA absoulate path C:/Xilinx/ECE_520/Sandbox/threat_detection_vitis/threat_app3/hw/threat_detector_bd_wrapper2.xsa
TRACE::2026-05-04.15:59:51::SCWPlatform::DSA directory C:/Xilinx/ECE_520/Sandbox/threat_detection_vitis/threat_app3/hw
TRACE::2026-05-04.15:59:51::SCWPlatform:: Platform Path C:/Xilinx/ECE_520/Sandbox/threat_detection_vitis/threat_app3/hw/threat_detector_bd_wrapper2.xsa
TRACE::2026-05-04.15:59:51::SCWPlatform:: Unique name xilinx:zybo-z7-10::0.0
TRACE::2026-05-04.15:59:51::SCWPlatform::Trying to set the existing hwdb with name threat_detector_bd_wrapper_1
TRACE::2026-05-04.15:59:51::SCWPlatform::Opened existing hwdb threat_detector_bd_wrapper_1
TRACE::2026-05-04.15:59:51::SCWPlatform::Found the Hw Db part of the input DSA
TRACE::2026-05-04.15:59:51::SCWMssOS::Checking the sw design at  C:/Xilinx/ECE_520/Sandbox/threat_detection_vitis/threat_app3/ps7_cortexa9_0/standalone_domain/bsp/system.mss
TRACE::2026-05-04.15:59:51::SCWMssOS::DEBUG:  swdes dump  C:/Xilinx/ECE_520/Sandbox/threat_detection_vitis/threat_app3/ps7_cortexa9_0/standalone_domain/bsp/system.mss|system||
C:/Xilinx/ECE_520/Sandbox/threat_detection_vitis/threat_app3/zynq_fsbl/zynq_fsbl_bsp/system.mss|system_0||

TRACE::2026-05-04.15:59:51::SCWMssOS::Sw design exists and opened at  C:/Xilinx/ECE_520/Sandbox/threat_detection_vitis/threat_app3/ps7_cortexa9_0/standalone_domain/bsp/system.mss
TRACE::2026-05-04.15:59:51::SCWMssOS::Completed writing the mss file at C:/Xilinx/ECE_520/Sandbox/threat_detection_vitis/threat_app3/ps7_cortexa9_0/standalone_domain/bsp
TRACE::2026-05-04.15:59:51::SCWMssOS::Mss edits present, copying mssfile into export location C:/Xilinx/ECE_520/Sandbox/threat_detection_vitis/threat_app3/ps7_cortexa9_0/standalone_domain/bsp/system.mss
TRACE::2026-05-04.15:59:51::SCWMssOS::bsp generated is upto date with the mss file. Skipping bsp generation.
TRACE::2026-05-04.15:59:51::SCWMssOS::BSP is already built. skipping the bsp build ... 
TRACE::2026-05-04.15:59:51::SCWDomain::Building the domain as part of full build :  standalone_domain
TRACE::2026-05-04.15:59:51::SCWMssOS::doing bsp build ... 
TRACE::2026-05-04.15:59:51::SCWMssOS::System Command Ran  C: & cd  C:/Xilinx/ECE_520/Sandbox/threat_detection_vitis/threat_app3/ps7_cortexa9_0/standalone_domain/bsp & make 
TRACE::2026-05-04.15:59:51::SCWMssOS::make --no-print-directory seq_libs

TRACE::2026-05-04.15:59:51::SCWMssOS::'Finished building libraries sequentially.'

TRACE::2026-05-04.15:59:51::SCWMssOS::make -j 12 --no-print-directory par_libs

TRACE::2026-05-04.15:59:51::SCWMssOS::"Running Make include in ps7_cortexa9_0/libsrc/coresightps_dcc_v1_8/src"

TRACE::2026-05-04.15:59:51::SCWMssOS::make -C ps7_cortexa9_0/libsrc/coresightps_dcc_v1_8/src -s include  "SHELL=CMD" "COMPILER=arm-none-eabi-gcc" "ASSEMBLER=arm-none
TRACE::2026-05-04.15:59:51::SCWMssOS::-eabi-as" "ARCHIVER=arm-none-eabi-ar" "COMPILER_FLAGS=  -O2 -c" "EXTRA_COMPILER_FLAGS=-mcpu=cortex-a9 -mfpu=vfpv3 -mfloat-abi=h
TRACE::2026-05-04.15:59:51::SCWMssOS::ard -nostartfiles -g -Wall -Wextra -fno-tree-loop-distribute-patterns"

TRACE::2026-05-04.15:59:51::SCWMssOS::"Running Make include in ps7_cortexa9_0/libsrc/cpu_cortexa9_v2_11/src"

TRACE::2026-05-04.15:59:51::SCWMssOS::make -C ps7_cortexa9_0/libsrc/cpu_cortexa9_v2_11/src -s include  "SHELL=CMD" "COMPILER=arm-none-eabi-gcc" "ASSEMBLER=arm-none-e
TRACE::2026-05-04.15:59:51::SCWMssOS::abi-as" "ARCHIVER=arm-none-eabi-ar" "COMPILER_FLAGS=  -O2 -c" "EXTRA_COMPILER_FLAGS=-mcpu=cortex-a9 -mfpu=vfpv3 -mfloat-abi=har
TRACE::2026-05-04.15:59:51::SCWMssOS::d -nostartfiles -g -Wall -Wextra -fno-tree-loop-distribute-patterns"

TRACE::2026-05-04.15:59:51::SCWMssOS::"Running Make include in ps7_cortexa9_0/libsrc/ddrps_v1_2/src"

TRACE::2026-05-04.15:59:51::SCWMssOS::make -C ps7_cortexa9_0/libsrc/ddrps_v1_2/src -s include  "SHELL=CMD" "COMPILER=arm-none-eabi-gcc" "ASSEMBLER=arm-none-eabi-as" 
TRACE::2026-05-04.15:59:51::SCWMssOS::"ARCHIVER=arm-none-eabi-ar" "COMPILER_FLAGS=  -O2 -c" "EXTRA_COMPILER_FLAGS=-mcpu=cortex-a9 -mfpu=vfpv3 -mfloat-abi=hard -nosta
TRACE::2026-05-04.15:59:51::SCWMssOS::rtfiles -g -Wall -Wextra -fno-tree-loop-distribute-patterns"

TRACE::2026-05-04.15:59:51::SCWMssOS::"Running Make include in ps7_cortexa9_0/libsrc/devcfg_v3_7/src"

TRACE::2026-05-04.15:59:51::SCWMssOS::make -C ps7_cortexa9_0/libsrc/devcfg_v3_7/src -s include  "SHELL=CMD" "COMPILER=arm-none-eabi-gcc" "ASSEMBLER=arm-none-eabi-as"
TRACE::2026-05-04.15:59:51::SCWMssOS:: "ARCHIVER=arm-none-eabi-ar" "COMPILER_FLAGS=  -O2 -c" "EXTRA_COMPILER_FLAGS=-mcpu=cortex-a9 -mfpu=vfpv3 -mfloat-abi=hard -nost
TRACE::2026-05-04.15:59:51::SCWMssOS::artfiles -g -Wall -Wextra -fno-tree-loop-distribute-patterns"

TRACE::2026-05-04.15:59:51::SCWMssOS::"Running Make include in ps7_cortexa9_0/libsrc/dmaps_v2_8/src"

TRACE::2026-05-04.15:59:51::SCWMssOS::make -C ps7_cortexa9_0/libsrc/dmaps_v2_8/src -s include  "SHELL=CMD" "COMPILER=arm-none-eabi-gcc" "ASSEMBLER=arm-none-eabi-as" 
TRACE::2026-05-04.15:59:51::SCWMssOS::"ARCHIVER=arm-none-eabi-ar" "COMPILER_FLAGS=  -O2 -c" "EXTRA_COMPILER_FLAGS=-mcpu=cortex-a9 -mfpu=vfpv3 -mfloat-abi=hard -nosta
TRACE::2026-05-04.15:59:51::SCWMssOS::rtfiles -g -Wall -Wextra -fno-tree-loop-distribute-patterns"

TRACE::2026-05-04.15:59:51::SCWMssOS::"Running Make include in ps7_cortexa9_0/libsrc/emacps_v3_18/src"

TRACE::2026-05-04.15:59:51::SCWMssOS::make -C ps7_cortexa9_0/libsrc/emacps_v3_18/src -s include  "SHELL=CMD" "COMPILER=arm-none-eabi-gcc" "ASSEMBLER=arm-none-eabi-as
TRACE::2026-05-04.15:59:51::SCWMssOS::" "ARCHIVER=arm-none-eabi-ar" "COMPILER_FLAGS=  -O2 -c" "EXTRA_COMPILER_FLAGS=-mcpu=cortex-a9 -mfpu=vfpv3 -mfloat-abi=hard -nos
TRACE::2026-05-04.15:59:51::SCWMssOS::tartfiles -g -Wall -Wextra -fno-tree-loop-distribute-patterns"

TRACE::2026-05-04.15:59:51::SCWMssOS::"Running Make include in ps7_cortexa9_0/libsrc/gpiops_v3_11/src"

TRACE::2026-05-04.15:59:51::SCWMssOS::make -C ps7_cortexa9_0/libsrc/gpiops_v3_11/src -s include  "SHELL=CMD" "COMPILER=arm-none-eabi-gcc" "ASSEMBLER=arm-none-eabi-as
TRACE::2026-05-04.15:59:51::SCWMssOS::" "ARCHIVER=arm-none-eabi-ar" "COMPILER_FLAGS=  -O2 -c" "EXTRA_COMPILER_FLAGS=-mcpu=cortex-a9 -mfpu=vfpv3 -mfloat-abi=hard -nos
TRACE::2026-05-04.15:59:51::SCWMssOS::tartfiles -g -Wall -Wextra -fno-tree-loop-distribute-patterns"

TRACE::2026-05-04.15:59:51::SCWMssOS::"Running Make include in ps7_cortexa9_0/libsrc/qspips_v3_10/src"

TRACE::2026-05-04.15:59:51::SCWMssOS::make -C ps7_cortexa9_0/libsrc/qspips_v3_10/src -s include  "SHELL=CMD" "COMPILER=arm-none-eabi-gcc" "ASSEMBLER=arm-none-eabi-as
TRACE::2026-05-04.15:59:51::SCWMssOS::" "ARCHIVER=arm-none-eabi-ar" "COMPILER_FLAGS=  -O2 -c" "EXTRA_COMPILER_FLAGS=-mcpu=cortex-a9 -mfpu=vfpv3 -mfloat-abi=hard -nos
TRACE::2026-05-04.15:59:51::SCWMssOS::tartfiles -g -Wall -Wextra -fno-tree-loop-distribute-patterns"

TRACE::2026-05-04.15:59:51::SCWMssOS::"Running Make include in ps7_cortexa9_0/libsrc/scugic_v5_1/src"

TRACE::2026-05-04.15:59:51::SCWMssOS::make -C ps7_cortexa9_0/libsrc/scugic_v5_1/src -s include  "SHELL=CMD" "COMPILER=arm-none-eabi-gcc" "ASSEMBLER=arm-none-eabi-as"
TRACE::2026-05-04.15:59:51::SCWMssOS:: "ARCHIVER=arm-none-eabi-ar" "COMPILER_FLAGS=  -O2 -c" "EXTRA_COMPILER_FLAGS=-mcpu=cortex-a9 -mfpu=vfpv3 -mfloat-abi=hard -nost
TRACE::2026-05-04.15:59:51::SCWMssOS::artfiles -g -Wall -Wextra -fno-tree-loop-distribute-patterns"

TRACE::2026-05-04.15:59:51::SCWMssOS::"Running Make include in ps7_cortexa9_0/libsrc/scutimer_v2_4/src"

TRACE::2026-05-04.15:59:51::SCWMssOS::make -C ps7_cortexa9_0/libsrc/scutimer_v2_4/src -s include  "SHELL=CMD" "COMPILER=arm-none-eabi-gcc" "ASSEMBLER=arm-none-eabi-a
TRACE::2026-05-04.15:59:51::SCWMssOS::s" "ARCHIVER=arm-none-eabi-ar" "COMPILER_FLAGS=  -O2 -c" "EXTRA_COMPILER_FLAGS=-mcpu=cortex-a9 -mfpu=vfpv3 -mfloat-abi=hard -no
TRACE::2026-05-04.15:59:51::SCWMssOS::startfiles -g -Wall -Wextra -fno-tree-loop-distribute-patterns"

TRACE::2026-05-04.15:59:51::SCWMssOS::"Running Make include in ps7_cortexa9_0/libsrc/scuwdt_v2_4/src"

TRACE::2026-05-04.15:59:51::SCWMssOS::make -C ps7_cortexa9_0/libsrc/scuwdt_v2_4/src -s include  "SHELL=CMD" "COMPILER=arm-none-eabi-gcc" "ASSEMBLER=arm-none-eabi-as"
TRACE::2026-05-04.15:59:51::SCWMssOS:: "ARCHIVER=arm-none-eabi-ar" "COMPILER_FLAGS=  -O2 -c" "EXTRA_COMPILER_FLAGS=-mcpu=cortex-a9 -mfpu=vfpv3 -mfloat-abi=hard -nost
TRACE::2026-05-04.15:59:51::SCWMssOS::artfiles -g -Wall -Wextra -fno-tree-loop-distribute-patterns"

TRACE::2026-05-04.15:59:51::SCWMssOS::"Running Make include in ps7_cortexa9_0/libsrc/sdps_v4_1/src"

TRACE::2026-05-04.15:59:51::SCWMssOS::make -C ps7_cortexa9_0/libsrc/sdps_v4_1/src -s include  "SHELL=CMD" "COMPILER=arm-none-eabi-gcc" "ASSEMBLER=arm-none-eabi-as" "
TRACE::2026-05-04.15:59:51::SCWMssOS::ARCHIVER=arm-none-eabi-ar" "COMPILER_FLAGS=  -O2 -c" "EXTRA_COMPILER_FLAGS=-mcpu=cortex-a9 -mfpu=vfpv3 -mfloat-abi=hard -nostar
TRACE::2026-05-04.15:59:51::SCWMssOS::tfiles -g -Wall -Wextra -fno-tree-loop-distribute-patterns"

TRACE::2026-05-04.15:59:51::SCWMssOS::"Running Make include in ps7_cortexa9_0/libsrc/standalone_v8_1/src"

TRACE::2026-05-04.15:59:51::SCWMssOS::make -C ps7_cortexa9_0/libsrc/standalone_v8_1/src -s include  "SHELL=CMD" "COMPILER=arm-none-eabi-gcc" "ASSEMBLER=arm-none-eabi
TRACE::2026-05-04.15:59:51::SCWMssOS::-as" "ARCHIVER=arm-none-eabi-ar" "COMPILER_FLAGS=  -O2 -c" "EXTRA_COMPILER_FLAGS=-mcpu=cortex-a9 -mfpu=vfpv3 -mfloat-abi=hard -
TRACE::2026-05-04.15:59:51::SCWMssOS::nostartfiles -g -Wall -Wextra -fno-tree-loop-distribute-patterns"

TRACE::2026-05-04.15:59:51::SCWMssOS::"Running Make include in ps7_cortexa9_0/libsrc/uartps_v3_12/src"

TRACE::2026-05-04.15:59:51::SCWMssOS::make -C ps7_cortexa9_0/libsrc/uartps_v3_12/src -s include  "SHELL=CMD" "COMPILER=arm-none-eabi-gcc" "ASSEMBLER=arm-none-eabi-as
TRACE::2026-05-04.15:59:51::SCWMssOS::" "ARCHIVER=arm-none-eabi-ar" "COMPILER_FLAGS=  -O2 -c" "EXTRA_COMPILER_FLAGS=-mcpu=cortex-a9 -mfpu=vfpv3 -mfloat-abi=hard -nos
TRACE::2026-05-04.15:59:51::SCWMssOS::tartfiles -g -Wall -Wextra -fno-tree-loop-distribute-patterns"

TRACE::2026-05-04.15:59:51::SCWMssOS::"Running Make include in ps7_cortexa9_0/libsrc/usbps_v2_7/src"

TRACE::2026-05-04.15:59:51::SCWMssOS::make -C ps7_cortexa9_0/libsrc/usbps_v2_7/src -s include  "SHELL=CMD" "COMPILER=arm-none-eabi-gcc" "ASSEMBLER=arm-none-eabi-as" 
TRACE::2026-05-04.15:59:51::SCWMssOS::"ARCHIVER=arm-none-eabi-ar" "COMPILER_FLAGS=  -O2 -c" "EXTRA_COMPILER_FLAGS=-mcpu=cortex-a9 -mfpu=vfpv3 -mfloat-abi=hard -nosta
TRACE::2026-05-04.15:59:51::SCWMssOS::rtfiles -g -Wall -Wextra -fno-tree-loop-distribute-patterns"

TRACE::2026-05-04.15:59:51::SCWMssOS::"Running Make include in ps7_cortexa9_0/libsrc/xadcps_v2_6/src"

TRACE::2026-05-04.15:59:51::SCWMssOS::make -C ps7_cortexa9_0/libsrc/xadcps_v2_6/src -s include  "SHELL=CMD" "COMPILER=arm-none-eabi-gcc" "ASSEMBLER=arm-none-eabi-as"
TRACE::2026-05-04.15:59:51::SCWMssOS:: "ARCHIVER=arm-none-eabi-ar" "COMPILER_FLAGS=  -O2 -c" "EXTRA_COMPILER_FLAGS=-mcpu=cortex-a9 -mfpu=vfpv3 -mfloat-abi=hard -nost
TRACE::2026-05-04.15:59:51::SCWMssOS::artfiles -g -Wall -Wextra -fno-tree-loop-distribute-patterns"

TRACE::2026-05-04.15:59:52::SCWMssOS::"Running Make libs in ps7_cortexa9_0/libsrc/coresightps_dcc_v1_8/src"

TRACE::2026-05-04.15:59:52::SCWMssOS::make -C ps7_cortexa9_0/libsrc/coresightps_dcc_v1_8/src -s libs  "SHELL=CMD" "COMPILER=arm-none-eabi-gcc" "ASSEMBLER=arm-none-ea
TRACE::2026-05-04.15:59:52::SCWMssOS::bi-as" "ARCHIVER=arm-none-eabi-ar" "COMPILER_FLAGS=  -O2 -c" "EXTRA_COMPILER_FLAGS=-mcpu=cortex-a9 -mfpu=vfpv3 -mfloat-abi=hard
TRACE::2026-05-04.15:59:52::SCWMssOS:: -nostartfiles -g -Wall -Wextra -fno-tree-loop-distribute-patterns"

TRACE::2026-05-04.15:59:52::SCWMssOS::"Running Make libs in ps7_cortexa9_0/libsrc/cpu_cortexa9_v2_11/src"

TRACE::2026-05-04.15:59:52::SCWMssOS::make -C ps7_cortexa9_0/libsrc/cpu_cortexa9_v2_11/src -s libs  "SHELL=CMD" "COMPILER=arm-none-eabi-gcc" "ASSEMBLER=arm-none-eabi
TRACE::2026-05-04.15:59:52::SCWMssOS::-as" "ARCHIVER=arm-none-eabi-ar" "COMPILER_FLAGS=  -O2 -c" "EXTRA_COMPILER_FLAGS=-mcpu=cortex-a9 -mfpu=vfpv3 -mfloat-abi=hard -
TRACE::2026-05-04.15:59:52::SCWMssOS::nostartfiles -g -Wall -Wextra -fno-tree-loop-distribute-patterns"

TRACE::2026-05-04.15:59:52::SCWMssOS::"Running Make libs in ps7_cortexa9_0/libsrc/ddrps_v1_2/src"

TRACE::2026-05-04.15:59:52::SCWMssOS::make -C ps7_cortexa9_0/libsrc/ddrps_v1_2/src -s libs  "SHELL=CMD" "COMPILER=arm-none-eabi-gcc" "ASSEMBLER=arm-none-eabi-as" "AR
TRACE::2026-05-04.15:59:52::SCWMssOS::CHIVER=arm-none-eabi-ar" "COMPILER_FLAGS=  -O2 -c" "EXTRA_COMPILER_FLAGS=-mcpu=cortex-a9 -mfpu=vfpv3 -mfloat-abi=hard -nostartf
TRACE::2026-05-04.15:59:52::SCWMssOS::iles -g -Wall -Wextra -fno-tree-loop-distribute-patterns"

TRACE::2026-05-04.15:59:52::SCWMssOS::"Running Make libs in ps7_cortexa9_0/libsrc/devcfg_v3_7/src"

TRACE::2026-05-04.15:59:52::SCWMssOS::make -C ps7_cortexa9_0/libsrc/devcfg_v3_7/src -s libs  "SHELL=CMD" "COMPILER=arm-none-eabi-gcc" "ASSEMBLER=arm-none-eabi-as" "A
TRACE::2026-05-04.15:59:52::SCWMssOS::RCHIVER=arm-none-eabi-ar" "COMPILER_FLAGS=  -O2 -c" "EXTRA_COMPILER_FLAGS=-mcpu=cortex-a9 -mfpu=vfpv3 -mfloat-abi=hard -nostart
TRACE::2026-05-04.15:59:52::SCWMssOS::files -g -Wall -Wextra -fno-tree-loop-distribute-patterns"

TRACE::2026-05-04.15:59:52::SCWMssOS::"Running Make libs in ps7_cortexa9_0/libsrc/dmaps_v2_8/src"

TRACE::2026-05-04.15:59:52::SCWMssOS::make -C ps7_cortexa9_0/libsrc/dmaps_v2_8/src -s libs  "SHELL=CMD" "COMPILER=arm-none-eabi-gcc" "ASSEMBLER=arm-none-eabi-as" "AR
TRACE::2026-05-04.15:59:52::SCWMssOS::CHIVER=arm-none-eabi-ar" "COMPILER_FLAGS=  -O2 -c" "EXTRA_COMPILER_FLAGS=-mcpu=cortex-a9 -mfpu=vfpv3 -mfloat-abi=hard -nostartf
TRACE::2026-05-04.15:59:52::SCWMssOS::iles -g -Wall -Wextra -fno-tree-loop-distribute-patterns"

TRACE::2026-05-04.15:59:52::SCWMssOS::"Running Make libs in ps7_cortexa9_0/libsrc/emacps_v3_18/src"

TRACE::2026-05-04.15:59:52::SCWMssOS::make -C ps7_cortexa9_0/libsrc/emacps_v3_18/src -s libs  "SHELL=CMD" "COMPILER=arm-none-eabi-gcc" "ASSEMBLER=arm-none-eabi-as" "
TRACE::2026-05-04.15:59:52::SCWMssOS::ARCHIVER=arm-none-eabi-ar" "COMPILER_FLAGS=  -O2 -c" "EXTRA_COMPILER_FLAGS=-mcpu=cortex-a9 -mfpu=vfpv3 -mfloat-abi=hard -nostar
TRACE::2026-05-04.15:59:52::SCWMssOS::tfiles -g -Wall -Wextra -fno-tree-loop-distribute-patterns"

TRACE::2026-05-04.15:59:52::SCWMssOS::"Running Make libs in ps7_cortexa9_0/libsrc/gpiops_v3_11/src"

TRACE::2026-05-04.15:59:52::SCWMssOS::make -C ps7_cortexa9_0/libsrc/gpiops_v3_11/src -s libs  "SHELL=CMD" "COMPILER=arm-none-eabi-gcc" "ASSEMBLER=arm-none-eabi-as" "
TRACE::2026-05-04.15:59:52::SCWMssOS::ARCHIVER=arm-none-eabi-ar" "COMPILER_FLAGS=  -O2 -c" "EXTRA_COMPILER_FLAGS=-mcpu=cortex-a9 -mfpu=vfpv3 -mfloat-abi=hard -nostar
TRACE::2026-05-04.15:59:52::SCWMssOS::tfiles -g -Wall -Wextra -fno-tree-loop-distribute-patterns"

TRACE::2026-05-04.15:59:52::SCWMssOS::"Running Make libs in ps7_cortexa9_0/libsrc/qspips_v3_10/src"

TRACE::2026-05-04.15:59:52::SCWMssOS::make -C ps7_cortexa9_0/libsrc/qspips_v3_10/src -s libs  "SHELL=CMD" "COMPILER=arm-none-eabi-gcc" "ASSEMBLER=arm-none-eabi-as" "
TRACE::2026-05-04.15:59:52::SCWMssOS::ARCHIVER=arm-none-eabi-ar" "COMPILER_FLAGS=  -O2 -c" "EXTRA_COMPILER_FLAGS=-mcpu=cortex-a9 -mfpu=vfpv3 -mfloat-abi=hard -nostar
TRACE::2026-05-04.15:59:52::SCWMssOS::tfiles -g -Wall -Wextra -fno-tree-loop-distribute-patterns"

TRACE::2026-05-04.15:59:52::SCWMssOS::"Running Make libs in ps7_cortexa9_0/libsrc/scugic_v5_1/src"

TRACE::2026-05-04.15:59:52::SCWMssOS::make -C ps7_cortexa9_0/libsrc/scugic_v5_1/src -s libs  "SHELL=CMD" "COMPILER=arm-none-eabi-gcc" "ASSEMBLER=arm-none-eabi-as" "A
TRACE::2026-05-04.15:59:52::SCWMssOS::RCHIVER=arm-none-eabi-ar" "COMPILER_FLAGS=  -O2 -c" "EXTRA_COMPILER_FLAGS=-mcpu=cortex-a9 -mfpu=vfpv3 -mfloat-abi=hard -nostart
TRACE::2026-05-04.15:59:52::SCWMssOS::files -g -Wall -Wextra -fno-tree-loop-distribute-patterns"

TRACE::2026-05-04.15:59:52::SCWMssOS::"Running Make libs in ps7_cortexa9_0/libsrc/scutimer_v2_4/src"

TRACE::2026-05-04.15:59:52::SCWMssOS::make -C ps7_cortexa9_0/libsrc/scutimer_v2_4/src -s libs  "SHELL=CMD" "COMPILER=arm-none-eabi-gcc" "ASSEMBLER=arm-none-eabi-as" 
TRACE::2026-05-04.15:59:52::SCWMssOS::"ARCHIVER=arm-none-eabi-ar" "COMPILER_FLAGS=  -O2 -c" "EXTRA_COMPILER_FLAGS=-mcpu=cortex-a9 -mfpu=vfpv3 -mfloat-abi=hard -nosta
TRACE::2026-05-04.15:59:52::SCWMssOS::rtfiles -g -Wall -Wextra -fno-tree-loop-distribute-patterns"

TRACE::2026-05-04.15:59:52::SCWMssOS::"Running Make libs in ps7_cortexa9_0/libsrc/scuwdt_v2_4/src"

TRACE::2026-05-04.15:59:52::SCWMssOS::make -C ps7_cortexa9_0/libsrc/scuwdt_v2_4/src -s libs  "SHELL=CMD" "COMPILER=arm-none-eabi-gcc" "ASSEMBLER=arm-none-eabi-as" "A
TRACE::2026-05-04.15:59:52::SCWMssOS::RCHIVER=arm-none-eabi-ar" "COMPILER_FLAGS=  -O2 -c" "EXTRA_COMPILER_FLAGS=-mcpu=cortex-a9 -mfpu=vfpv3 -mfloat-abi=hard -nostart
TRACE::2026-05-04.15:59:52::SCWMssOS::files -g -Wall -Wextra -fno-tree-loop-distribute-patterns"

TRACE::2026-05-04.15:59:53::SCWMssOS::"Running Make libs in ps7_cortexa9_0/libsrc/sdps_v4_1/src"

TRACE::2026-05-04.15:59:53::SCWMssOS::make -C ps7_cortexa9_0/libsrc/sdps_v4_1/src -s libs  "SHELL=CMD" "COMPILER=arm-none-eabi-gcc" "ASSEMBLER=arm-none-eabi-as" "ARC
TRACE::2026-05-04.15:59:53::SCWMssOS::HIVER=arm-none-eabi-ar" "COMPILER_FLAGS=  -O2 -c" "EXTRA_COMPILER_FLAGS=-mcpu=cortex-a9 -mfpu=vfpv3 -mfloat-abi=hard -nostartfi
TRACE::2026-05-04.15:59:53::SCWMssOS::les -g -Wall -Wextra -fno-tree-loop-distribute-patterns"

TRACE::2026-05-04.15:59:53::SCWMssOS::"Running Make libs in ps7_cortexa9_0/libsrc/standalone_v8_1/src"

TRACE::2026-05-04.15:59:53::SCWMssOS::make -C ps7_cortexa9_0/libsrc/standalone_v8_1/src -s libs  "SHELL=CMD" "COMPILER=arm-none-eabi-gcc" "ASSEMBLER=arm-none-eabi-as
TRACE::2026-05-04.15:59:53::SCWMssOS::" "ARCHIVER=arm-none-eabi-ar" "COMPILER_FLAGS=  -O2 -c" "EXTRA_COMPILER_FLAGS=-mcpu=cortex-a9 -mfpu=vfpv3 -mfloat-abi=hard -nos
TRACE::2026-05-04.15:59:53::SCWMssOS::tartfiles -g -Wall -Wextra -fno-tree-loop-distribute-patterns"

TRACE::2026-05-04.15:59:53::SCWMssOS::"Running Make libs in ps7_cortexa9_0/libsrc/uartps_v3_12/src"

TRACE::2026-05-04.15:59:53::SCWMssOS::make -C ps7_cortexa9_0/libsrc/uartps_v3_12/src -s libs  "SHELL=CMD" "COMPILER=arm-none-eabi-gcc" "ASSEMBLER=arm-none-eabi-as" "
TRACE::2026-05-04.15:59:53::SCWMssOS::ARCHIVER=arm-none-eabi-ar" "COMPILER_FLAGS=  -O2 -c" "EXTRA_COMPILER_FLAGS=-mcpu=cortex-a9 -mfpu=vfpv3 -mfloat-abi=hard -nostar
TRACE::2026-05-04.15:59:53::SCWMssOS::tfiles -g -Wall -Wextra -fno-tree-loop-distribute-patterns"

TRACE::2026-05-04.15:59:53::SCWMssOS::"Running Make libs in ps7_cortexa9_0/libsrc/usbps_v2_7/src"

TRACE::2026-05-04.15:59:53::SCWMssOS::make -C ps7_cortexa9_0/libsrc/usbps_v2_7/src -s libs  "SHELL=CMD" "COMPILER=arm-none-eabi-gcc" "ASSEMBLER=arm-none-eabi-as" "AR
TRACE::2026-05-04.15:59:53::SCWMssOS::CHIVER=arm-none-eabi-ar" "COMPILER_FLAGS=  -O2 -c" "EXTRA_COMPILER_FLAGS=-mcpu=cortex-a9 -mfpu=vfpv3 -mfloat-abi=hard -nostartf
TRACE::2026-05-04.15:59:53::SCWMssOS::iles -g -Wall -Wextra -fno-tree-loop-distribute-patterns"

TRACE::2026-05-04.15:59:53::SCWMssOS::"Running Make libs in ps7_cortexa9_0/libsrc/xadcps_v2_6/src"

TRACE::2026-05-04.15:59:53::SCWMssOS::make -C ps7_cortexa9_0/libsrc/xadcps_v2_6/src -s libs  "SHELL=CMD" "COMPILER=arm-none-eabi-gcc" "ASSEMBLER=arm-none-eabi-as" "A
TRACE::2026-05-04.15:59:53::SCWMssOS::RCHIVER=arm-none-eabi-ar" "COMPILER_FLAGS=  -O2 -c" "EXTRA_COMPILER_FLAGS=-mcpu=cortex-a9 -mfpu=vfpv3 -mfloat-abi=hard -nostart
TRACE::2026-05-04.15:59:53::SCWMssOS::files -g -Wall -Wextra -fno-tree-loop-distribute-patterns"

TRACE::2026-05-04.15:59:55::SCWMssOS::'Finished building libraries parallelly.'

TRACE::2026-05-04.15:59:55::SCWMssOS::make --no-print-directory archive

TRACE::2026-05-04.15:59:55::SCWMssOS::arm-none-eabi-ar -r  ps7_cortexa9_0/lib/libxil.a ps7_cortexa9_0/lib/_exit.o ps7_cortexa9_0/lib/_open.o ps7_cortexa9_0/lib/_sbrk
TRACE::2026-05-04.15:59:55::SCWMssOS::.o ps7_cortexa9_0/lib/abort.o ps7_cortexa9_0/lib/asm_vectors.o ps7_cortexa9_0/lib/boot.o ps7_cortexa9_0/lib/close.o ps7_cortexa
TRACE::2026-05-04.15:59:55::SCWMssOS::9_0/lib/cpputest_time.o ps7_cortexa9_0/lib/cpu_init.o ps7_cortexa9_0/lib/errno.o ps7_cortexa9_0/lib/fcntl.o ps7_cortexa9_0/lib/
TRACE::2026-05-04.15:59:55::SCWMssOS::fstat.o ps7_cortexa9_0/lib/getentropy.o ps7_cortexa9_0/lib/getpid.o ps7_cortexa9_0/lib/inbyte.o ps7_cortexa9_0/lib/isatty.o ps7
TRACE::2026-05-04.15:59:55::SCWMssOS::_cortexa9_0/lib/kill.o ps7_cortexa9_0/lib/lseek.o ps7_cortexa9_0/lib/open.o ps7_cortexa9_0/lib/outbyte.o ps7_cortexa9_0/lib/pri
TRACE::2026-05-04.15:59:55::SCWMssOS::nt.o ps7_cortexa9_0/lib/putnum.o ps7_cortexa9_0/lib/read.o ps7_cortexa9_0/lib/sbrk.o ps7_cortexa9_0/lib/sleep.o ps7_cortexa9_0/
TRACE::2026-05-04.15:59:55::SCWMssOS::lib/time.o ps7_cortexa9_0/lib/translation_table.o ps7_cortexa9_0/lib/unlink.o ps7_cortexa9_0/lib/usleep.o ps7_cortexa9_0/lib/ve
TRACE::2026-05-04.15:59:55::SCWMssOS::ctors.o ps7_cortexa9_0/lib/write.o ps7_cortexa9_0/lib/xadcps.o ps7_cortexa9_0/lib/xadcps_g.o ps7_cortexa9_0/lib/xadcps_intr.o p
TRACE::2026-05-04.15:59:55::SCWMssOS::s7_cortexa9_0/lib/xadcps_selftest.o ps7_cortexa9_0/lib/xadcps_sinit.o ps7_cortexa9_0/lib/xcoresightpsdcc.o ps7_cortexa9_0/lib/x
TRACE::2026-05-04.15:59:55::SCWMssOS::devcfg.o ps7_cortexa9_0/lib/xdevcfg_g.o ps7_cortexa9_0/lib/xdevcfg_hw.o ps7_cortexa9_0/lib/xdevcfg_intr.o ps7_cortexa9_0/lib/xd
TRACE::2026-05-04.15:59:55::SCWMssOS::evcfg_selftest.o ps7_cortexa9_0/lib/xdevcfg_sinit.o ps7_cortexa9_0/lib/xdmaps.o ps7_cortexa9_0/lib/xdmaps_g.o ps7_cortexa9_0/li
TRACE::2026-05-04.15:59:55::SCWMssOS::b/xdmaps_hw.o ps7_cortexa9_0/lib/xdmaps_selftest.o ps7_cortexa9_0/lib/xdmaps_sinit.o ps7_cortexa9_0/lib/xemacps.o ps7_cortexa9_
TRACE::2026-05-04.15:59:55::SCWMssOS::0/lib/xemacps_bdring.o ps7_cortexa9_0/lib/xemacps_control.o ps7_cortexa9_0/lib/xemacps_g.o ps7_cortexa9_0/lib/xemacps_hw.o ps7_
TRACE::2026-05-04.15:59:55::SCWMssOS::cortexa9_0/lib/xemacps_intr.o ps7_cortexa9_0/lib/xemacps_sinit.o ps7_cortexa9_0/lib/xgpiops.o ps7_cortexa9_0/lib/xgpiops_g.o ps
TRACE::2026-05-04.15:59:55::SCWMssOS::7_cortexa9_0/lib/xgpiops_hw.o ps7_cortexa9_0/lib/xgpiops_intr.o ps7_cortexa9_0/lib/xgpiops_selftest.o ps7_cortexa9_0/lib/xgpiop
TRACE::2026-05-04.15:59:55::SCWMssOS::s_sinit.o ps7_cortexa9_0/lib/xil-crt0.o ps7_cortexa9_0/lib/xil_assert.o ps7_cortexa9_0/lib/xil_cache.o ps7_cortexa9_0/lib/xil_c
TRACE::2026-05-04.15:59:55::SCWMssOS::locking.o ps7_cortexa9_0/lib/xil_exception.o ps7_cortexa9_0/lib/xil_mem.o ps7_cortexa9_0/lib/xil_misc_psreset_api.o ps7_cortexa
TRACE::2026-05-04.15:59:55::SCWMssOS::9_0/lib/xil_mmu.o ps7_cortexa9_0/lib/xil_printf.o ps7_cortexa9_0/lib/xil_sleepcommon.o ps7_cortexa9_0/lib/xil_sleeptimer.o ps7_
TRACE::2026-05-04.15:59:55::SCWMssOS::cortexa9_0/lib/xil_spinlock.o ps7_cortexa9_0/lib/xil_testcache.o ps7_cortexa9_0/lib/xil_testio.o ps7_cortexa9_0/lib/xil_testmem
TRACE::2026-05-04.15:59:55::SCWMssOS::.o ps7_cortexa9_0/lib/xil_util.o ps7_cortexa9_0/lib/xinterrupt_wrap.o ps7_cortexa9_0/lib/xl2cc_counter.o ps7_cortexa9_0/lib/xpl
TRACE::2026-05-04.15:59:55::SCWMssOS::atform_info.o ps7_cortexa9_0/lib/xpm_counter.o ps7_cortexa9_0/lib/xqspips.o ps7_cortexa9_0/lib/xqspips_g.o ps7_cortexa9_0/lib/x
TRACE::2026-05-04.15:59:55::SCWMssOS::qspips_hw.o ps7_cortexa9_0/lib/xqspips_options.o ps7_cortexa9_0/lib/xqspips_selftest.o ps7_cortexa9_0/lib/xqspips_sinit.o ps7_c
TRACE::2026-05-04.15:59:55::SCWMssOS::ortexa9_0/lib/xscugic.o ps7_cortexa9_0/lib/xscugic_g.o ps7_cortexa9_0/lib/xscugic_hw.o ps7_cortexa9_0/lib/xscugic_intr.o ps7_co
TRACE::2026-05-04.15:59:55::SCWMssOS::rtexa9_0/lib/xscugic_selftest.o ps7_cortexa9_0/lib/xscugic_sinit.o ps7_cortexa9_0/lib/xscutimer.o ps7_cortexa9_0/lib/xscutimer_
TRACE::2026-05-04.15:59:55::SCWMssOS::g.o ps7_cortexa9_0/lib/xscutimer_selftest.o ps7_cortexa9_0/lib/xscutimer_sinit.o ps7_cortexa9_0/lib/xscuwdt.o ps7_cortexa9_0/li
TRACE::2026-05-04.15:59:55::SCWMssOS::b/xscuwdt_g.o ps7_cortexa9_0/lib/xscuwdt_selftest.o ps7_cortexa9_0/lib/xscuwdt_sinit.o ps7_cortexa9_0/lib/xsdps.o ps7_cortexa9_
TRACE::2026-05-04.15:59:55::SCWMssOS::0/lib/xsdps_card.o ps7_cortexa9_0/lib/xsdps_g.o ps7_cortexa9_0/lib/xsdps_host.o ps7_cortexa9_0/lib/xsdps_options.o ps7_cortexa9
TRACE::2026-05-04.15:59:55::SCWMssOS::_0/lib/xsdps_sinit.o ps7_cortexa9_0/lib/xtime_l.o ps7_cortexa9_0/lib/xuartps.o ps7_cortexa9_0/lib/xuartps_g.o ps7_cortexa9_0/li
TRACE::2026-05-04.15:59:55::SCWMssOS::b/xuartps_hw.o ps7_cortexa9_0/lib/xuartps_intr.o ps7_cortexa9_0/lib/xuartps_options.o ps7_cortexa9_0/lib/xuartps_selftest.o ps7
TRACE::2026-05-04.15:59:55::SCWMssOS::_cortexa9_0/lib/xuartps_sinit.o ps7_cortexa9_0/lib/xusbps.o ps7_cortexa9_0/lib/xusbps_endpoint.o ps7_cortexa9_0/lib/xusbps_g.o 
TRACE::2026-05-04.15:59:55::SCWMssOS::ps7_cortexa9_0/lib/xusbps_hw.o ps7_cortexa9_0/lib/xusbps_intr.o ps7_cortexa9_0/lib/xusbps_sinit.o

TRACE::2026-05-04.15:59:55::SCWMssOS::'Finished building libraries'

TRACE::2026-05-04.15:59:55::SCWMssOS::Copying to export directory.
TRACE::2026-05-04.15:59:55::SCWMssOS:: Checking if to create the Supporting Applications
TRACE::2026-05-04.15:59:55::SCWMssOS:: No Linux domain exists, trying to generate FSBL 
LOG::2026-05-04.15:59:55::SCWSystem::Completed Processing the domain standalone_domain
LOG::2026-05-04.15:59:55::SCWSystem::Completed Processing the sysconfig threat_app3
LOG::2026-05-04.15:59:55::SCWPlatform::Completed generating the artifacts for system configuration threat_app3
TRACE::2026-05-04.15:59:55::SCWPlatform::Started preparing the platform 
TRACE::2026-05-04.15:59:55::SCWSystem::Writing the bif file for system config threat_app3
TRACE::2026-05-04.15:59:55::SCWSystem::dir created 
TRACE::2026-05-04.15:59:55::SCWSystem::Writing the bif 
TRACE::2026-05-04.15:59:55::SCWPlatform::Started writing the spfm file 
TRACE::2026-05-04.15:59:55::SCWPlatform::Started writing the xpfm file 
TRACE::2026-05-04.15:59:55::SCWPlatform::Completed generating the platform
TRACE::2026-05-04.15:59:55::SCWMssOS::Saving the mss changes C:/Xilinx/ECE_520/Sandbox/threat_detection_vitis/threat_app3/zynq_fsbl/zynq_fsbl_bsp/system.mss
TRACE::2026-05-04.15:59:55::SCWMssOS::Found a swdesign opened with the mssfile.
TRACE::2026-05-04.15:59:55::SCWMssOS::Completed writemss as part of save.
TRACE::2026-05-04.15:59:55::SCWMssOS::Commit changes completed.
TRACE::2026-05-04.15:59:55::SCWMssOS::Saving the mss changes C:/Xilinx/ECE_520/Sandbox/threat_detection_vitis/threat_app3/ps7_cortexa9_0/standalone_domain/bsp/system.mss
TRACE::2026-05-04.15:59:55::SCWMssOS::Found a swdesign opened with the mssfile.
TRACE::2026-05-04.15:59:55::SCWMssOS::Completed writemss as part of save.
TRACE::2026-05-04.15:59:55::SCWMssOS::Commit changes completed.
TRACE::2026-05-04.15:59:55::SCWPlatform::Trying to open the hw design at C:/Xilinx/ECE_520/Sandbox/threat_detection_vitis/threat_app3/hw/threat_detector_bd_wrapper2.xsa
TRACE::2026-05-04.15:59:55::SCWPlatform::DSA given C:/Xilinx/ECE_520/Sandbox/threat_detection_vitis/threat_app3/hw/threat_detector_bd_wrapper2.xsa
TRACE::2026-05-04.15:59:55::SCWPlatform::DSA absoulate path C:/Xilinx/ECE_520/Sandbox/threat_detection_vitis/threat_app3/hw/threat_detector_bd_wrapper2.xsa
TRACE::2026-05-04.15:59:55::SCWPlatform::DSA directory C:/Xilinx/ECE_520/Sandbox/threat_detection_vitis/threat_app3/hw
TRACE::2026-05-04.15:59:55::SCWPlatform:: Platform Path C:/Xilinx/ECE_520/Sandbox/threat_detection_vitis/threat_app3/hw/threat_detector_bd_wrapper2.xsa
TRACE::2026-05-04.15:59:55::SCWPlatform:: Unique name xilinx:zybo-z7-10::0.0
TRACE::2026-05-04.15:59:55::SCWPlatform::Trying to set the existing hwdb with name threat_detector_bd_wrapper_1
TRACE::2026-05-04.15:59:55::SCWPlatform::Opened existing hwdb threat_detector_bd_wrapper_1
TRACE::2026-05-04.15:59:55::SCWPlatform::Found the Hw Db part of the input DSA
TRACE::2026-05-04.15:59:55::SCWMssOS::Checking the sw design at  C:/Xilinx/ECE_520/Sandbox/threat_detection_vitis/threat_app3/zynq_fsbl/zynq_fsbl_bsp/system.mss
TRACE::2026-05-04.15:59:55::SCWMssOS::DEBUG:  swdes dump  C:/Xilinx/ECE_520/Sandbox/threat_detection_vitis/threat_app3/ps7_cortexa9_0/standalone_domain/bsp/system.mss|system||
C:/Xilinx/ECE_520/Sandbox/threat_detection_vitis/threat_app3/zynq_fsbl/zynq_fsbl_bsp/system.mss|system_0||

TRACE::2026-05-04.15:59:55::SCWMssOS::Sw design exists and opened at  C:/Xilinx/ECE_520/Sandbox/threat_detection_vitis/threat_app3/zynq_fsbl/zynq_fsbl_bsp/system.mss
TRACE::2026-05-04.15:59:55::SCWPlatform::Trying to open the hw design at C:/Xilinx/ECE_520/Sandbox/threat_detection_vitis/threat_app3/hw/threat_detector_bd_wrapper2.xsa
TRACE::2026-05-04.15:59:55::SCWPlatform::DSA given C:/Xilinx/ECE_520/Sandbox/threat_detection_vitis/threat_app3/hw/threat_detector_bd_wrapper2.xsa
TRACE::2026-05-04.15:59:55::SCWPlatform::DSA absoulate path C:/Xilinx/ECE_520/Sandbox/threat_detection_vitis/threat_app3/hw/threat_detector_bd_wrapper2.xsa
TRACE::2026-05-04.15:59:55::SCWPlatform::DSA directory C:/Xilinx/ECE_520/Sandbox/threat_detection_vitis/threat_app3/hw
TRACE::2026-05-04.15:59:55::SCWPlatform:: Platform Path C:/Xilinx/ECE_520/Sandbox/threat_detection_vitis/threat_app3/hw/threat_detector_bd_wrapper2.xsa
TRACE::2026-05-04.15:59:55::SCWPlatform:: Unique name xilinx:zybo-z7-10::0.0
TRACE::2026-05-04.15:59:55::SCWPlatform::Trying to set the existing hwdb with name threat_detector_bd_wrapper_1
TRACE::2026-05-04.15:59:55::SCWPlatform::Opened existing hwdb threat_detector_bd_wrapper_1
TRACE::2026-05-04.15:59:55::SCWPlatform::Found the Hw Db part of the input DSA
TRACE::2026-05-04.15:59:55::SCWMssOS::Checking the sw design at  C:/Xilinx/ECE_520/Sandbox/threat_detection_vitis/threat_app3/ps7_cortexa9_0/standalone_domain/bsp/system.mss
TRACE::2026-05-04.15:59:55::SCWMssOS::DEBUG:  swdes dump  C:/Xilinx/ECE_520/Sandbox/threat_detection_vitis/threat_app3/ps7_cortexa9_0/standalone_domain/bsp/system.mss|system||
C:/Xilinx/ECE_520/Sandbox/threat_detection_vitis/threat_app3/zynq_fsbl/zynq_fsbl_bsp/system.mss|system_0||

TRACE::2026-05-04.15:59:55::SCWMssOS::Sw design exists and opened at  C:/Xilinx/ECE_520/Sandbox/threat_detection_vitis/threat_app3/ps7_cortexa9_0/standalone_domain/bsp/system.mss
TRACE::2026-05-04.15:59:55::SCWWriter::formatted JSON is {
	"platformName":	"threat_app3",
	"sprVersion":	"2.0",
	"mode":	"gui",
	"dsaType":	"Fixed",
	"platformDesc":	"threat_app3",
	"platHandOff":	"C:/Xilinx/ECE_520/Sandbox/threat_detector_final_soc/threat_detector_bd_wrapper2.xsa",
	"platIntHandOff":	"<platformDir>/hw/threat_detector_bd_wrapper2.xsa",
	"deviceType":	"zynq",
	"platIsPrebuiltAutogen":	"false",
	"platIsNoBootBsp":	"false",
	"hasFsblMakeHasChanges":	"false",
	"hasPmufwMakeHasChanges":	"false",
	"fsblExtraCompilerFlags":	"-MMD -MP       -mcpu=cortex-a9 -mfpu=vfpv3 -mfloat-abi=hard ",
	"platPreBuiltFlag":	false,
	"platformSamplesDir":	"",
	"platActiveSys":	"threat_app3",
	"systems":	[{
			"systemName":	"threat_app3",
			"systemDesc":	"threat_app3",
			"sysIsBootAutoGen":	"true",
			"systemDispName":	"threat_app3",
			"sysActiveDom":	"zynq_fsbl",
			"sysDefaultDom":	"standalone_domain",
			"domains":	[{
					"domainName":	"zynq_fsbl",
					"domainDispName":	"zynq_fsbl",
					"domainDesc":	"FSBL Application BSP - Auto Generated.",
					"processors":	"ps7_cortexa9_0",
					"os":	"standalone",
					"sdxOs":	"standalone",
					"debugEnable":	"",
					"domRuntimes":	["cpp"],
					"swRepo":	"",
					"mssOsVer":	"8.1",
					"mssFile":	"",
					"md5Digest":	"2d480a6ac3a68567e554fb8c0140dea0",
					"compatibleApp":	"zynq_fsbl",
					"domType":	"bootDomain",
					"arch":	"32-bit",
					"appSettings":	{
						"appCompilerFlags":	"",
						"appLinkerFlags":	""
					},
					"addedLibs":	["xilffs:5.0", "xilrsa:1.6"],
					"libOptions":	{
						"libsContainingOptions":	[]
					},
					"changedDrivers":	{
						"ps7_cortexa9_0":	"cpu_cortexa9:2.11",
						"threat_detector_0":	"none:",
						"changedCells":	["ps7_cortexa9_0", "threat_detector_0"]
					},
					"prebuiltLibs":	{
						"prebuiltIncPath":	[],
						"prebuiltLibPath":	[]
					},
					"isolation":	{
					}
				}, {
					"domainName":	"standalone_domain",
					"domainDispName":	"standalone on ps7_cortexa9_0",
					"domainDesc":	"standalone_domain",
					"processors":	"ps7_cortexa9_0",
					"os":	"standalone",
					"sdxOs":	"standalone",
					"qemuArgs":	"<platformDir>/resources/threat_app3/standalone_domain/qemu_args.txt",
					"qemuData":	"<platformDir>/resources/threat_app3/standalone_domain/qemu",
					"debugEnable":	"False",
					"domRuntimes":	["cpp"],
					"swRepo":	"",
					"mssOsVer":	"8.1",
					"mssFile":	"",
					"md5Digest":	"56368e7a65f121d5a992aab310446bf2",
					"compatibleApp":	"",
					"domType":	"mssDomain",
					"appSettings":	{
						"appCompilerFlags":	"",
						"appLinkerFlags":	""
					},
					"addedLibs":	[],
					"libOptions":	{
						"libsContainingOptions":	[]
					},
					"changedDrivers":	{
						"threat_detector_0":	"none:",
						"changedCells":	["threat_detector_0"]
					},
					"prebuiltLibs":	{
						"prebuiltIncPath":	[],
						"prebuiltLibPath":	[]
					},
					"isolation":	{
					}
				}]
		}]
}
KEYINFO::2026-05-04.15:59:55::SCWPlatform::updated the xpfm file.
TRACE::2026-05-04.15:59:56::SCWPlatform::Trying to open the hw design at C:/Xilinx/ECE_520/Sandbox/threat_detection_vitis/threat_app3/hw/threat_detector_bd_wrapper2.xsa
TRACE::2026-05-04.15:59:56::SCWPlatform::DSA given C:/Xilinx/ECE_520/Sandbox/threat_detection_vitis/threat_app3/hw/threat_detector_bd_wrapper2.xsa
TRACE::2026-05-04.15:59:56::SCWPlatform::DSA absoulate path C:/Xilinx/ECE_520/Sandbox/threat_detection_vitis/threat_app3/hw/threat_detector_bd_wrapper2.xsa
TRACE::2026-05-04.15:59:56::SCWPlatform::DSA directory C:/Xilinx/ECE_520/Sandbox/threat_detection_vitis/threat_app3/hw
TRACE::2026-05-04.15:59:56::SCWPlatform:: Platform Path C:/Xilinx/ECE_520/Sandbox/threat_detection_vitis/threat_app3/hw/threat_detector_bd_wrapper2.xsa
TRACE::2026-05-04.15:59:56::SCWPlatform:: Unique name xilinx:zybo-z7-10::0.0
TRACE::2026-05-04.15:59:56::SCWPlatform::Trying to set the existing hwdb with name threat_detector_bd_wrapper_1
TRACE::2026-05-04.15:59:56::SCWPlatform::Opened existing hwdb threat_detector_bd_wrapper_1
TRACE::2026-05-04.15:59:56::SCWPlatform::Found the Hw Db part of the input DSA
TRACE::2026-05-04.15:59:56::SCWMssOS::Checking the sw design at  C:/Xilinx/ECE_520/Sandbox/threat_detection_vitis/threat_app3/ps7_cortexa9_0/standalone_domain/bsp/system.mss
TRACE::2026-05-04.15:59:56::SCWMssOS::DEBUG:  swdes dump  C:/Xilinx/ECE_520/Sandbox/threat_detection_vitis/threat_app3/ps7_cortexa9_0/standalone_domain/bsp/system.mss|system||
C:/Xilinx/ECE_520/Sandbox/threat_detection_vitis/threat_app3/zynq_fsbl/zynq_fsbl_bsp/system.mss|system_0||

TRACE::2026-05-04.15:59:56::SCWMssOS::Sw design exists and opened at  C:/Xilinx/ECE_520/Sandbox/threat_detection_vitis/threat_app3/ps7_cortexa9_0/standalone_domain/bsp/system.mss
TRACE::2026-05-04.17:05:46::SCWPlatform::DSA given C:/Xilinx/ECE_520/Sandbox/threat_detection_vitis/threat_app3/tempdsa/threat_detector_bd_wrapper2.xsa
TRACE::2026-05-04.17:05:46::SCWPlatform::DSA absoulate path C:/Xilinx/ECE_520/Sandbox/threat_detection_vitis/threat_app3/tempdsa/threat_detector_bd_wrapper2.xsa
TRACE::2026-05-04.17:05:46::SCWPlatform:: Platform location is C:/Xilinx/ECE_520/Sandbox/threat_detection_vitis/threat_app3/tempdsa
TRACE::2026-05-04.17:05:46::SCWPlatform:: Platform Path C:/Xilinx/ECE_520/Sandbox/threat_detection_vitis/threat_app3/tempdsa/threat_detector_bd_wrapper2.xsa
TRACE::2026-05-04.17:05:46::SCWPlatform:: Unique name xilinx:zybo-z7-10::0.0
TRACE::2026-05-04.17:05:48::SCWPlatform::Found the Hw Db part of the input DSA
TRACE::2026-05-04.17:05:48::SCWMssOS::Doing hw sync for the mss in domain: zynq_fsbl
TRACE::2026-05-04.17:05:48::SCWPlatform::Trying to open the hw design at C:/Xilinx/ECE_520/Sandbox/threat_detection_vitis/threat_app3/hw/threat_detector_bd_wrapper2.xsa
TRACE::2026-05-04.17:05:48::SCWPlatform::DSA given C:/Xilinx/ECE_520/Sandbox/threat_detection_vitis/threat_app3/hw/threat_detector_bd_wrapper2.xsa
TRACE::2026-05-04.17:05:48::SCWPlatform::DSA absoulate path C:/Xilinx/ECE_520/Sandbox/threat_detection_vitis/threat_app3/hw/threat_detector_bd_wrapper2.xsa
TRACE::2026-05-04.17:05:48::SCWPlatform::DSA directory C:/Xilinx/ECE_520/Sandbox/threat_detection_vitis/threat_app3/hw
TRACE::2026-05-04.17:05:48::SCWPlatform:: Platform Path C:/Xilinx/ECE_520/Sandbox/threat_detection_vitis/threat_app3/hw/threat_detector_bd_wrapper2.xsa
TRACE::2026-05-04.17:05:48::SCWPlatform:: Unique name xilinx:zybo-z7-10::0.0
TRACE::2026-05-04.17:05:48::SCWPlatform::Trying to set the existing hwdb with name threat_detector_bd_wrapper_1
TRACE::2026-05-04.17:05:48::SCWPlatform::Opened existing hwdb threat_detector_bd_wrapper_1
TRACE::2026-05-04.17:05:48::SCWPlatform::Found the Hw Db part of the input DSA
TRACE::2026-05-04.17:05:48::SCWPlatform::Trying to open the hw design at C:/Xilinx/ECE_520/Sandbox/threat_detection_vitis/threat_app3/hw/threat_detector_bd_wrapper2.xsa
TRACE::2026-05-04.17:05:48::SCWPlatform::DSA given C:/Xilinx/ECE_520/Sandbox/threat_detection_vitis/threat_app3/hw/threat_detector_bd_wrapper2.xsa
TRACE::2026-05-04.17:05:48::SCWPlatform::DSA absoulate path C:/Xilinx/ECE_520/Sandbox/threat_detection_vitis/threat_app3/hw/threat_detector_bd_wrapper2.xsa
TRACE::2026-05-04.17:05:48::SCWPlatform::DSA directory C:/Xilinx/ECE_520/Sandbox/threat_detection_vitis/threat_app3/hw
TRACE::2026-05-04.17:05:48::SCWPlatform:: Platform Path C:/Xilinx/ECE_520/Sandbox/threat_detection_vitis/threat_app3/hw/threat_detector_bd_wrapper2.xsa
TRACE::2026-05-04.17:05:48::SCWPlatform:: Unique name xilinx:zybo-z7-10::0.0
TRACE::2026-05-04.17:05:48::SCWPlatform::Trying to set the existing hwdb with name threat_detector_bd_wrapper_1
TRACE::2026-05-04.17:05:48::SCWPlatform::Opened existing hwdb threat_detector_bd_wrapper_1
TRACE::2026-05-04.17:05:48::SCWPlatform::Found the Hw Db part of the input DSA
TRACE::2026-05-04.17:05:48::SCWMssOS::Checking the sw design at  C:/Xilinx/ECE_520/Sandbox/threat_detection_vitis/threat_app3/zynq_fsbl/zynq_fsbl_bsp/system.mss
TRACE::2026-05-04.17:05:48::SCWMssOS::DEBUG:  swdes dump  C:/Xilinx/ECE_520/Sandbox/threat_detection_vitis/threat_app3/ps7_cortexa9_0/standalone_domain/bsp/system.mss|system||
C:/Xilinx/ECE_520/Sandbox/threat_detection_vitis/threat_app3/zynq_fsbl/zynq_fsbl_bsp/system.mss|system_0||

TRACE::2026-05-04.17:05:48::SCWMssOS::Sw design exists and opened at  C:/Xilinx/ECE_520/Sandbox/threat_detection_vitis/threat_app3/zynq_fsbl/zynq_fsbl_bsp/system.mss
TRACE::2026-05-04.17:05:48::SCWPlatform::Trying to open the hw design at C:/Xilinx/ECE_520/Sandbox/threat_detection_vitis/threat_app3/tempdsa/threat_detector_bd_wrapper2.xsa
TRACE::2026-05-04.17:05:48::SCWPlatform::DSA given C:/Xilinx/ECE_520/Sandbox/threat_detection_vitis/threat_app3/tempdsa/threat_detector_bd_wrapper2.xsa
TRACE::2026-05-04.17:05:48::SCWPlatform::DSA absoulate path C:/Xilinx/ECE_520/Sandbox/threat_detection_vitis/threat_app3/tempdsa/threat_detector_bd_wrapper2.xsa
TRACE::2026-05-04.17:05:48::SCWPlatform::DSA directory C:/Xilinx/ECE_520/Sandbox/threat_detection_vitis/threat_app3/tempdsa
TRACE::2026-05-04.17:05:48::SCWPlatform:: Platform Path C:/Xilinx/ECE_520/Sandbox/threat_detection_vitis/threat_app3/tempdsa/threat_detector_bd_wrapper2.xsa
TRACE::2026-05-04.17:05:48::SCWPlatform:: Unique name xilinx:zybo-z7-10::0.0
TRACE::2026-05-04.17:05:48::SCWPlatform::update - Opened existing hwdb threat_detector_bd_wrapper_4
TRACE::2026-05-04.17:05:48::SCWPlatform::Found the Hw Db part of the input DSA
TRACE::2026-05-04.17:05:48::SCWMssOS::Doing hw sync for the mss in domain: standalone_domain
TRACE::2026-05-04.17:05:48::SCWPlatform::Trying to open the hw design at C:/Xilinx/ECE_520/Sandbox/threat_detection_vitis/threat_app3/hw/threat_detector_bd_wrapper2.xsa
TRACE::2026-05-04.17:05:48::SCWPlatform::DSA given C:/Xilinx/ECE_520/Sandbox/threat_detection_vitis/threat_app3/hw/threat_detector_bd_wrapper2.xsa
TRACE::2026-05-04.17:05:48::SCWPlatform::DSA absoulate path C:/Xilinx/ECE_520/Sandbox/threat_detection_vitis/threat_app3/hw/threat_detector_bd_wrapper2.xsa
TRACE::2026-05-04.17:05:48::SCWPlatform::DSA directory C:/Xilinx/ECE_520/Sandbox/threat_detection_vitis/threat_app3/hw
TRACE::2026-05-04.17:05:48::SCWPlatform:: Platform Path C:/Xilinx/ECE_520/Sandbox/threat_detection_vitis/threat_app3/hw/threat_detector_bd_wrapper2.xsa
TRACE::2026-05-04.17:05:48::SCWPlatform:: Unique name xilinx:zybo-z7-10::0.0
TRACE::2026-05-04.17:05:48::SCWPlatform::Trying to set the existing hwdb with name threat_detector_bd_wrapper_1
TRACE::2026-05-04.17:05:48::SCWPlatform::Opened existing hwdb threat_detector_bd_wrapper_1
TRACE::2026-05-04.17:05:48::SCWPlatform::Found the Hw Db part of the input DSA
TRACE::2026-05-04.17:05:48::SCWPlatform::Trying to open the hw design at C:/Xilinx/ECE_520/Sandbox/threat_detection_vitis/threat_app3/hw/threat_detector_bd_wrapper2.xsa
TRACE::2026-05-04.17:05:48::SCWPlatform::DSA given C:/Xilinx/ECE_520/Sandbox/threat_detection_vitis/threat_app3/hw/threat_detector_bd_wrapper2.xsa
TRACE::2026-05-04.17:05:48::SCWPlatform::DSA absoulate path C:/Xilinx/ECE_520/Sandbox/threat_detection_vitis/threat_app3/hw/threat_detector_bd_wrapper2.xsa
TRACE::2026-05-04.17:05:48::SCWPlatform::DSA directory C:/Xilinx/ECE_520/Sandbox/threat_detection_vitis/threat_app3/hw
TRACE::2026-05-04.17:05:48::SCWPlatform:: Platform Path C:/Xilinx/ECE_520/Sandbox/threat_detection_vitis/threat_app3/hw/threat_detector_bd_wrapper2.xsa
TRACE::2026-05-04.17:05:48::SCWPlatform:: Unique name xilinx:zybo-z7-10::0.0
TRACE::2026-05-04.17:05:48::SCWPlatform::Trying to set the existing hwdb with name threat_detector_bd_wrapper_1
TRACE::2026-05-04.17:05:48::SCWPlatform::Opened existing hwdb threat_detector_bd_wrapper_1
TRACE::2026-05-04.17:05:48::SCWPlatform::Found the Hw Db part of the input DSA
TRACE::2026-05-04.17:05:48::SCWMssOS::Checking the sw design at  C:/Xilinx/ECE_520/Sandbox/threat_detection_vitis/threat_app3/ps7_cortexa9_0/standalone_domain/bsp/system.mss
TRACE::2026-05-04.17:05:48::SCWMssOS::DEBUG:  swdes dump  C:/Xilinx/ECE_520/Sandbox/threat_detection_vitis/threat_app3/ps7_cortexa9_0/standalone_domain/bsp/system.mss|system||
C:/Xilinx/ECE_520/Sandbox/threat_detection_vitis/threat_app3/zynq_fsbl/zynq_fsbl_bsp/system.mss|system_0||

TRACE::2026-05-04.17:05:48::SCWMssOS::Sw design exists and opened at  C:/Xilinx/ECE_520/Sandbox/threat_detection_vitis/threat_app3/ps7_cortexa9_0/standalone_domain/bsp/system.mss
TRACE::2026-05-04.17:05:48::SCWPlatform::Trying to open the hw design at C:/Xilinx/ECE_520/Sandbox/threat_detection_vitis/threat_app3/tempdsa/threat_detector_bd_wrapper2.xsa
TRACE::2026-05-04.17:05:48::SCWPlatform::DSA given C:/Xilinx/ECE_520/Sandbox/threat_detection_vitis/threat_app3/tempdsa/threat_detector_bd_wrapper2.xsa
TRACE::2026-05-04.17:05:48::SCWPlatform::DSA absoulate path C:/Xilinx/ECE_520/Sandbox/threat_detection_vitis/threat_app3/tempdsa/threat_detector_bd_wrapper2.xsa
TRACE::2026-05-04.17:05:48::SCWPlatform::DSA directory C:/Xilinx/ECE_520/Sandbox/threat_detection_vitis/threat_app3/tempdsa
TRACE::2026-05-04.17:05:48::SCWPlatform:: Platform Path C:/Xilinx/ECE_520/Sandbox/threat_detection_vitis/threat_app3/tempdsa/threat_detector_bd_wrapper2.xsa
TRACE::2026-05-04.17:05:48::SCWPlatform:: Unique name xilinx:zybo-z7-10::0.0
TRACE::2026-05-04.17:05:48::SCWPlatform::update - Opened existing hwdb threat_detector_bd_wrapper_4
TRACE::2026-05-04.17:05:48::SCWPlatform::Found the Hw Db part of the input DSA
TRACE::2026-05-04.17:05:48::SCWMssOS::Saving the mss changes C:/Xilinx/ECE_520/Sandbox/threat_detection_vitis/threat_app3/zynq_fsbl/zynq_fsbl_bsp/system.mss
TRACE::2026-05-04.17:05:48::SCWMssOS::Found a swdesign opened with the mssfile.
TRACE::2026-05-04.17:05:48::SCWMssOS::Completed writemss as part of save.
TRACE::2026-05-04.17:05:48::SCWMssOS::Commit changes completed.
TRACE::2026-05-04.17:05:48::SCWMssOS::Completed hw sync for the mss in domain: zynq_fsbl
TRACE::2026-05-04.17:05:48::SCWMssOS::Removing the swdes entry for  C:/Xilinx/ECE_520/Sandbox/threat_detection_vitis/threat_app3/zynq_fsbl/zynq_fsbl_bsp/system.mss
TRACE::2026-05-04.17:05:48::SCWMssOS::Saving the mss changes C:/Xilinx/ECE_520/Sandbox/threat_detection_vitis/threat_app3/ps7_cortexa9_0/standalone_domain/bsp/system.mss
TRACE::2026-05-04.17:05:48::SCWMssOS::Found a swdesign opened with the mssfile.
TRACE::2026-05-04.17:05:48::SCWMssOS::Completed writemss as part of save.
TRACE::2026-05-04.17:05:48::SCWMssOS::Commit changes completed.
TRACE::2026-05-04.17:05:48::SCWMssOS::Completed hw sync for the mss in domain: standalone_domain
TRACE::2026-05-04.17:05:48::SCWMssOS::Removing the swdes entry for  C:/Xilinx/ECE_520/Sandbox/threat_detection_vitis/threat_app3/ps7_cortexa9_0/standalone_domain/bsp/system.mss
TRACE::2026-05-04.17:05:48::SCWPlatform::Trying to open the hw design at C:/Xilinx/ECE_520/Sandbox/threat_detection_vitis/threat_app3/hw/threat_detector_bd_wrapper2.xsa
TRACE::2026-05-04.17:05:48::SCWPlatform::DSA given C:/Xilinx/ECE_520/Sandbox/threat_detection_vitis/threat_app3/hw/threat_detector_bd_wrapper2.xsa
TRACE::2026-05-04.17:05:48::SCWPlatform::DSA absoulate path C:/Xilinx/ECE_520/Sandbox/threat_detection_vitis/threat_app3/hw/threat_detector_bd_wrapper2.xsa
TRACE::2026-05-04.17:05:48::SCWPlatform::DSA directory C:/Xilinx/ECE_520/Sandbox/threat_detection_vitis/threat_app3/hw
TRACE::2026-05-04.17:05:48::SCWPlatform:: Platform Path C:/Xilinx/ECE_520/Sandbox/threat_detection_vitis/threat_app3/hw/threat_detector_bd_wrapper2.xsa
TRACE::2026-05-04.17:05:48::SCWPlatform:: Unique name xilinx:zybo-z7-10::0.0
TRACE::2026-05-04.17:05:48::SCWPlatform::Do not have an existing db opened. 
TRACE::2026-05-04.17:05:49::SCWPlatform::Opened new HwDB with name threat_detector_bd_wrapper_5
TRACE::2026-05-04.17:05:49::SCWMssOS::Saving the mss changes C:/Xilinx/ECE_520/Sandbox/threat_detection_vitis/threat_app3/zynq_fsbl/zynq_fsbl_bsp/system.mss
TRACE::2026-05-04.17:05:49::SCWMssOS::Adding the swdes entry, mss present, able to open swdb C:/Xilinx/ECE_520/Sandbox/threat_detection_vitis/threat_app3/zynq_fsbl/zynq_fsbl_bsp/system.mss with des name system
TRACE::2026-05-04.17:05:49::SCWMssOS::Writing the mss file completed C:/Xilinx/ECE_520/Sandbox/threat_detection_vitis/threat_app3/zynq_fsbl/zynq_fsbl_bsp/system.mss
TRACE::2026-05-04.17:05:49::SCWMssOS::Commit changes completed.
TRACE::2026-05-04.17:05:49::SCWMssOS::Saving the mss changes C:/Xilinx/ECE_520/Sandbox/threat_detection_vitis/threat_app3/ps7_cortexa9_0/standalone_domain/bsp/system.mss
TRACE::2026-05-04.17:05:49::SCWMssOS::Adding the swdes entry, mss present, able to open swdb C:/Xilinx/ECE_520/Sandbox/threat_detection_vitis/threat_app3/ps7_cortexa9_0/standalone_domain/bsp/system.mss with des name system_0
TRACE::2026-05-04.17:05:49::SCWMssOS::Writing the mss file completed C:/Xilinx/ECE_520/Sandbox/threat_detection_vitis/threat_app3/ps7_cortexa9_0/standalone_domain/bsp/system.mss
TRACE::2026-05-04.17:05:49::SCWMssOS::Commit changes completed.
TRACE::2026-05-04.17:05:49::SCWPlatform::Trying to open the hw design at C:/Xilinx/ECE_520/Sandbox/threat_detection_vitis/threat_app3/hw/threat_detector_bd_wrapper2.xsa
TRACE::2026-05-04.17:05:49::SCWPlatform::DSA given C:/Xilinx/ECE_520/Sandbox/threat_detection_vitis/threat_app3/hw/threat_detector_bd_wrapper2.xsa
TRACE::2026-05-04.17:05:49::SCWPlatform::DSA absoulate path C:/Xilinx/ECE_520/Sandbox/threat_detection_vitis/threat_app3/hw/threat_detector_bd_wrapper2.xsa
TRACE::2026-05-04.17:05:49::SCWPlatform::DSA directory C:/Xilinx/ECE_520/Sandbox/threat_detection_vitis/threat_app3/hw
TRACE::2026-05-04.17:05:49::SCWPlatform:: Platform Path C:/Xilinx/ECE_520/Sandbox/threat_detection_vitis/threat_app3/hw/threat_detector_bd_wrapper2.xsa
TRACE::2026-05-04.17:05:49::SCWPlatform:: Unique name xilinx:zybo-z7-10::0.0
TRACE::2026-05-04.17:05:49::SCWPlatform::Trying to set the existing hwdb with name threat_detector_bd_wrapper_5
TRACE::2026-05-04.17:05:49::SCWPlatform::Opened existing hwdb threat_detector_bd_wrapper_5
TRACE::2026-05-04.17:05:49::SCWPlatform::Found the Hw Db part of the input DSA
TRACE::2026-05-04.17:05:49::SCWMssOS::Checking the sw design at  C:/Xilinx/ECE_520/Sandbox/threat_detection_vitis/threat_app3/zynq_fsbl/zynq_fsbl_bsp/system.mss
TRACE::2026-05-04.17:05:49::SCWMssOS::DEBUG:  swdes dump  C:/Xilinx/ECE_520/Sandbox/threat_detection_vitis/threat_app3/ps7_cortexa9_0/standalone_domain/bsp/system.mss|system_0||
C:/Xilinx/ECE_520/Sandbox/threat_detection_vitis/threat_app3/zynq_fsbl/zynq_fsbl_bsp/system.mss|system||

TRACE::2026-05-04.17:05:49::SCWMssOS::Sw design exists and opened at  C:/Xilinx/ECE_520/Sandbox/threat_detection_vitis/threat_app3/zynq_fsbl/zynq_fsbl_bsp/system.mss
TRACE::2026-05-04.17:05:49::SCWPlatform::Trying to open the hw design at C:/Xilinx/ECE_520/Sandbox/threat_detection_vitis/threat_app3/hw/threat_detector_bd_wrapper2.xsa
TRACE::2026-05-04.17:05:49::SCWPlatform::DSA given C:/Xilinx/ECE_520/Sandbox/threat_detection_vitis/threat_app3/hw/threat_detector_bd_wrapper2.xsa
TRACE::2026-05-04.17:05:49::SCWPlatform::DSA absoulate path C:/Xilinx/ECE_520/Sandbox/threat_detection_vitis/threat_app3/hw/threat_detector_bd_wrapper2.xsa
TRACE::2026-05-04.17:05:49::SCWPlatform::DSA directory C:/Xilinx/ECE_520/Sandbox/threat_detection_vitis/threat_app3/hw
TRACE::2026-05-04.17:05:49::SCWPlatform:: Platform Path C:/Xilinx/ECE_520/Sandbox/threat_detection_vitis/threat_app3/hw/threat_detector_bd_wrapper2.xsa
TRACE::2026-05-04.17:05:49::SCWPlatform:: Unique name xilinx:zybo-z7-10::0.0
TRACE::2026-05-04.17:05:49::SCWPlatform::Trying to set the existing hwdb with name threat_detector_bd_wrapper_5
TRACE::2026-05-04.17:05:49::SCWPlatform::Opened existing hwdb threat_detector_bd_wrapper_5
TRACE::2026-05-04.17:05:49::SCWPlatform::Found the Hw Db part of the input DSA
TRACE::2026-05-04.17:05:49::SCWMssOS::Checking the sw design at  C:/Xilinx/ECE_520/Sandbox/threat_detection_vitis/threat_app3/ps7_cortexa9_0/standalone_domain/bsp/system.mss
TRACE::2026-05-04.17:05:49::SCWMssOS::DEBUG:  swdes dump  C:/Xilinx/ECE_520/Sandbox/threat_detection_vitis/threat_app3/ps7_cortexa9_0/standalone_domain/bsp/system.mss|system_0||
C:/Xilinx/ECE_520/Sandbox/threat_detection_vitis/threat_app3/zynq_fsbl/zynq_fsbl_bsp/system.mss|system||

TRACE::2026-05-04.17:05:49::SCWMssOS::Sw design exists and opened at  C:/Xilinx/ECE_520/Sandbox/threat_detection_vitis/threat_app3/ps7_cortexa9_0/standalone_domain/bsp/system.mss
TRACE::2026-05-04.17:05:49::SCWWriter::formatted JSON is {
	"platformName":	"threat_app3",
	"sprVersion":	"2.0",
	"mode":	"gui",
	"dsaType":	"Fixed",
	"platformDesc":	"threat_app3",
	"platHandOff":	"C:/Xilinx/ECE_520/Sandbox/threat_detector_final_soc/threat_detector_bd_wrapper2.xsa",
	"platIntHandOff":	"<platformDir>/hw/threat_detector_bd_wrapper2.xsa",
	"deviceType":	"zynq",
	"platIsPrebuiltAutogen":	"false",
	"platIsNoBootBsp":	"false",
	"hasFsblMakeHasChanges":	"false",
	"hasPmufwMakeHasChanges":	"false",
	"fsblExtraCompilerFlags":	"-MMD -MP       -mcpu=cortex-a9 -mfpu=vfpv3 -mfloat-abi=hard ",
	"platPreBuiltFlag":	false,
	"platformSamplesDir":	"",
	"platActiveSys":	"threat_app3",
	"systems":	[{
			"systemName":	"threat_app3",
			"systemDesc":	"threat_app3",
			"sysIsBootAutoGen":	"true",
			"systemDispName":	"threat_app3",
			"sysActiveDom":	"zynq_fsbl",
			"sysDefaultDom":	"standalone_domain",
			"domains":	[{
					"domainName":	"zynq_fsbl",
					"domainDispName":	"zynq_fsbl",
					"domainDesc":	"FSBL Application BSP - Auto Generated.",
					"processors":	"ps7_cortexa9_0",
					"os":	"standalone",
					"sdxOs":	"standalone",
					"debugEnable":	"",
					"domRuntimes":	["cpp"],
					"swRepo":	"",
					"mssOsVer":	"8.1",
					"mssFile":	"",
					"md5Digest":	"2d480a6ac3a68567e554fb8c0140dea01",
					"compatibleApp":	"zynq_fsbl",
					"domType":	"bootDomain",
					"arch":	"32-bit",
					"appSettings":	{
						"appCompilerFlags":	"",
						"appLinkerFlags":	""
					},
					"addedLibs":	["xilffs:5.0", "xilrsa:1.6"],
					"libOptions":	{
						"libsContainingOptions":	[]
					},
					"changedDrivers":	{
						"ps7_cortexa9_0":	"cpu_cortexa9:2.11",
						"threat_detector_0":	"none:",
						"changedCells":	["ps7_cortexa9_0", "threat_detector_0"]
					},
					"prebuiltLibs":	{
						"prebuiltIncPath":	[],
						"prebuiltLibPath":	[]
					},
					"isolation":	{
					}
				}, {
					"domainName":	"standalone_domain",
					"domainDispName":	"standalone on ps7_cortexa9_0",
					"domainDesc":	"standalone_domain",
					"processors":	"ps7_cortexa9_0",
					"os":	"standalone",
					"sdxOs":	"standalone",
					"qemuArgs":	"<platformDir>/resources/threat_app3/standalone_domain/qemu_args.txt",
					"qemuData":	"<platformDir>/resources/threat_app3/standalone_domain/qemu",
					"debugEnable":	"False",
					"domRuntimes":	["cpp"],
					"swRepo":	"",
					"mssOsVer":	"8.1",
					"mssFile":	"",
					"md5Digest":	"56368e7a65f121d5a992aab310446bf21",
					"compatibleApp":	"",
					"domType":	"mssDomain",
					"appSettings":	{
						"appCompilerFlags":	"",
						"appLinkerFlags":	""
					},
					"addedLibs":	[],
					"libOptions":	{
						"libsContainingOptions":	[]
					},
					"changedDrivers":	{
						"threat_detector_0":	"none:",
						"changedCells":	["threat_detector_0"]
					},
					"prebuiltLibs":	{
						"prebuiltIncPath":	[],
						"prebuiltLibPath":	[]
					},
					"isolation":	{
					}
				}]
		}]
}
TRACE::2026-05-04.17:05:50::SCWPlatform::Clearing the existing platform
TRACE::2026-05-04.17:05:50::SCWSystem::Clearing the existing sysconfig
TRACE::2026-05-04.17:05:50::SCWBDomain::clearing the fsbl build
TRACE::2026-05-04.17:05:50::SCWMssOS::Removing the swdes entry for  C:/Xilinx/ECE_520/Sandbox/threat_detection_vitis/threat_app3/zynq_fsbl/zynq_fsbl_bsp/system.mss
TRACE::2026-05-04.17:05:50::SCWMssOS::Removing the swdes entry for  C:/Xilinx/ECE_520/Sandbox/threat_detection_vitis/threat_app3/ps7_cortexa9_0/standalone_domain/bsp/system.mss
TRACE::2026-05-04.17:05:50::SCWSystem::Clearing the domains completed.
TRACE::2026-05-04.17:05:50::SCWPlatform::Clearing the opened hw db.
TRACE::2026-05-04.17:05:50::SCWPlatform::DSA given C:/Xilinx/ECE_520/Sandbox/threat_detection_vitis/threat_app3/hw/threat_detector_bd_wrapper2.xsa
TRACE::2026-05-04.17:05:50::SCWPlatform::DSA absoulate path C:/Xilinx/ECE_520/Sandbox/threat_detection_vitis/threat_app3/hw/threat_detector_bd_wrapper2.xsa
TRACE::2026-05-04.17:05:50::SCWPlatform:: Platform location is C:/Xilinx/ECE_520/Sandbox/threat_detection_vitis/threat_app3/hw
TRACE::2026-05-04.17:05:50::SCWPlatform:: Platform Path C:/Xilinx/ECE_520/Sandbox/threat_detection_vitis/threat_app3/hw/threat_detector_bd_wrapper2.xsa
TRACE::2026-05-04.17:05:50::SCWPlatform:: Unique name xilinx:zybo-z7-10::0.0
TRACE::2026-05-04.17:05:50::SCWPlatform::Removing the HwDB with name C:/Xilinx/ECE_520/Sandbox/threat_detection_vitis/threat_app3/hw/threat_detector_bd_wrapper2.xsa
TRACE::2026-05-04.17:05:50::SCWPlatform::Trying to open the hw design at C:/Xilinx/ECE_520/Sandbox/threat_detection_vitis/threat_app3/hw/threat_detector_bd_wrapper2.xsa
TRACE::2026-05-04.17:05:50::SCWPlatform::DSA given C:/Xilinx/ECE_520/Sandbox/threat_detection_vitis/threat_app3/hw/threat_detector_bd_wrapper2.xsa
TRACE::2026-05-04.17:05:50::SCWPlatform::DSA absoulate path C:/Xilinx/ECE_520/Sandbox/threat_detection_vitis/threat_app3/hw/threat_detector_bd_wrapper2.xsa
TRACE::2026-05-04.17:05:50::SCWPlatform::DSA directory C:/Xilinx/ECE_520/Sandbox/threat_detection_vitis/threat_app3/hw
TRACE::2026-05-04.17:05:50::SCWPlatform:: Platform Path C:/Xilinx/ECE_520/Sandbox/threat_detection_vitis/threat_app3/hw/threat_detector_bd_wrapper2.xsa
TRACE::2026-05-04.17:05:50::SCWPlatform:: Unique name xilinx:zybo-z7-10::0.0
TRACE::2026-05-04.17:05:50::SCWPlatform::Do not have an existing db opened. 
TRACE::2026-05-04.17:05:52::SCWPlatform::Opened new HwDB with name threat_detector_bd_wrapper_6
TRACE::2026-05-04.17:05:52::SCWReader::Active system found as  threat_app3
TRACE::2026-05-04.17:05:52::SCWReader::Handling sysconfig threat_app3
TRACE::2026-05-04.17:05:52::SCWDomain::checking for install qemu data   : 
TRACE::2026-05-04.17:05:52::SCWDomain:: Using the QEMU Data from install at  : C:/Xilinx/Vitis/2023.1/data/emulation/platforms/zynq/sw/a9_standalone/qemu/
TRACE::2026-05-04.17:05:52::SCWDomain:: Using the QEMU args  from install at  : C:/Xilinx/Vitis/2023.1/data/emulation/platforms/zynq/sw/a9_standalone/qemu/qemu_args.txt
TRACE::2026-05-04.17:05:52::SCWPlatform::Trying to open the hw design at C:/Xilinx/ECE_520/Sandbox/threat_detection_vitis/threat_app3/hw/threat_detector_bd_wrapper2.xsa
TRACE::2026-05-04.17:05:52::SCWPlatform::DSA given C:/Xilinx/ECE_520/Sandbox/threat_detection_vitis/threat_app3/hw/threat_detector_bd_wrapper2.xsa
TRACE::2026-05-04.17:05:52::SCWPlatform::DSA absoulate path C:/Xilinx/ECE_520/Sandbox/threat_detection_vitis/threat_app3/hw/threat_detector_bd_wrapper2.xsa
TRACE::2026-05-04.17:05:52::SCWPlatform::DSA directory C:/Xilinx/ECE_520/Sandbox/threat_detection_vitis/threat_app3/hw
TRACE::2026-05-04.17:05:52::SCWPlatform:: Platform Path C:/Xilinx/ECE_520/Sandbox/threat_detection_vitis/threat_app3/hw/threat_detector_bd_wrapper2.xsa
TRACE::2026-05-04.17:05:52::SCWPlatform:: Unique name xilinx:zybo-z7-10::0.0
TRACE::2026-05-04.17:05:52::SCWPlatform::Trying to set the existing hwdb with name threat_detector_bd_wrapper_6
TRACE::2026-05-04.17:05:52::SCWPlatform::Opened existing hwdb threat_detector_bd_wrapper_6
TRACE::2026-05-04.17:05:52::SCWPlatform::Found the Hw Db part of the input DSA
TRACE::2026-05-04.17:05:52::SCWPlatform::Trying to open the hw design at C:/Xilinx/ECE_520/Sandbox/threat_detection_vitis/threat_app3/hw/threat_detector_bd_wrapper2.xsa
TRACE::2026-05-04.17:05:52::SCWPlatform::DSA given C:/Xilinx/ECE_520/Sandbox/threat_detection_vitis/threat_app3/hw/threat_detector_bd_wrapper2.xsa
TRACE::2026-05-04.17:05:52::SCWPlatform::DSA absoulate path C:/Xilinx/ECE_520/Sandbox/threat_detection_vitis/threat_app3/hw/threat_detector_bd_wrapper2.xsa
TRACE::2026-05-04.17:05:52::SCWPlatform::DSA directory C:/Xilinx/ECE_520/Sandbox/threat_detection_vitis/threat_app3/hw
TRACE::2026-05-04.17:05:52::SCWPlatform:: Platform Path C:/Xilinx/ECE_520/Sandbox/threat_detection_vitis/threat_app3/hw/threat_detector_bd_wrapper2.xsa
TRACE::2026-05-04.17:05:52::SCWPlatform:: Unique name xilinx:zybo-z7-10::0.0
TRACE::2026-05-04.17:05:52::SCWPlatform::Trying to set the existing hwdb with name threat_detector_bd_wrapper_6
TRACE::2026-05-04.17:05:52::SCWPlatform::Opened existing hwdb threat_detector_bd_wrapper_6
TRACE::2026-05-04.17:05:52::SCWPlatform::Found the Hw Db part of the input DSA
TRACE::2026-05-04.17:05:52::SCWPlatform::Trying to open the hw design at C:/Xilinx/ECE_520/Sandbox/threat_detection_vitis/threat_app3/hw/threat_detector_bd_wrapper2.xsa
TRACE::2026-05-04.17:05:52::SCWPlatform::DSA given C:/Xilinx/ECE_520/Sandbox/threat_detection_vitis/threat_app3/hw/threat_detector_bd_wrapper2.xsa
TRACE::2026-05-04.17:05:52::SCWPlatform::DSA absoulate path C:/Xilinx/ECE_520/Sandbox/threat_detection_vitis/threat_app3/hw/threat_detector_bd_wrapper2.xsa
TRACE::2026-05-04.17:05:52::SCWPlatform::DSA directory C:/Xilinx/ECE_520/Sandbox/threat_detection_vitis/threat_app3/hw
TRACE::2026-05-04.17:05:52::SCWPlatform:: Platform Path C:/Xilinx/ECE_520/Sandbox/threat_detection_vitis/threat_app3/hw/threat_detector_bd_wrapper2.xsa
TRACE::2026-05-04.17:05:52::SCWPlatform:: Unique name xilinx:zybo-z7-10::0.0
TRACE::2026-05-04.17:05:52::SCWPlatform::Trying to set the existing hwdb with name threat_detector_bd_wrapper_6
TRACE::2026-05-04.17:05:52::SCWPlatform::Opened existing hwdb threat_detector_bd_wrapper_6
TRACE::2026-05-04.17:05:52::SCWPlatform::Found the Hw Db part of the input DSA
TRACE::2026-05-04.17:05:52::SCWReader::Boot application domain added for zynq_fsbl
TRACE::2026-05-04.17:05:52::SCWPlatform::Trying to open the hw design at C:/Xilinx/ECE_520/Sandbox/threat_detection_vitis/threat_app3/hw/threat_detector_bd_wrapper2.xsa
TRACE::2026-05-04.17:05:52::SCWPlatform::DSA given C:/Xilinx/ECE_520/Sandbox/threat_detection_vitis/threat_app3/hw/threat_detector_bd_wrapper2.xsa
TRACE::2026-05-04.17:05:52::SCWPlatform::DSA absoulate path C:/Xilinx/ECE_520/Sandbox/threat_detection_vitis/threat_app3/hw/threat_detector_bd_wrapper2.xsa
TRACE::2026-05-04.17:05:52::SCWPlatform::DSA directory C:/Xilinx/ECE_520/Sandbox/threat_detection_vitis/threat_app3/hw
TRACE::2026-05-04.17:05:52::SCWPlatform:: Platform Path C:/Xilinx/ECE_520/Sandbox/threat_detection_vitis/threat_app3/hw/threat_detector_bd_wrapper2.xsa
TRACE::2026-05-04.17:05:52::SCWPlatform:: Unique name xilinx:zybo-z7-10::0.0
TRACE::2026-05-04.17:05:52::SCWPlatform::Trying to set the existing hwdb with name threat_detector_bd_wrapper_6
TRACE::2026-05-04.17:05:52::SCWPlatform::Opened existing hwdb threat_detector_bd_wrapper_6
TRACE::2026-05-04.17:05:52::SCWPlatform::Found the Hw Db part of the input DSA
TRACE::2026-05-04.17:05:52::SCWMssOS::Checking the sw design at  C:/Xilinx/ECE_520/Sandbox/threat_detection_vitis/threat_app3/zynq_fsbl/zynq_fsbl_bsp/system.mss
TRACE::2026-05-04.17:05:52::SCWMssOS::DEBUG:  swdes dump  
TRACE::2026-05-04.17:05:52::SCWMssOS::No sw design opened at  C:/Xilinx/ECE_520/Sandbox/threat_detection_vitis/threat_app3/zynq_fsbl/zynq_fsbl_bsp/system.mss
TRACE::2026-05-04.17:05:52::SCWMssOS::mss exists loading the mss file  C:/Xilinx/ECE_520/Sandbox/threat_detection_vitis/threat_app3/zynq_fsbl/zynq_fsbl_bsp/system.mss
TRACE::2026-05-04.17:05:52::SCWMssOS::Opened the sw design from mss  C:/Xilinx/ECE_520/Sandbox/threat_detection_vitis/threat_app3/zynq_fsbl/zynq_fsbl_bsp/system.mss
TRACE::2026-05-04.17:05:52::SCWMssOS::Adding the swdes entry C:/Xilinx/ECE_520/Sandbox/threat_detection_vitis/threat_app3/zynq_fsbl/zynq_fsbl_bsp/system.mss with des name system
TRACE::2026-05-04.17:05:52::SCWMssOS::updating the scw layer about changes
TRACE::2026-05-04.17:05:52::SCWMssOS::Opened the sw design.  C:/Xilinx/ECE_520/Sandbox/threat_detection_vitis/threat_app3/zynq_fsbl/zynq_fsbl_bsp/system.mss
TRACE::2026-05-04.17:05:52::SCWPlatform::Trying to open the hw design at C:/Xilinx/ECE_520/Sandbox/threat_detection_vitis/threat_app3/hw/threat_detector_bd_wrapper2.xsa
TRACE::2026-05-04.17:05:52::SCWPlatform::DSA given C:/Xilinx/ECE_520/Sandbox/threat_detection_vitis/threat_app3/hw/threat_detector_bd_wrapper2.xsa
TRACE::2026-05-04.17:05:52::SCWPlatform::DSA absoulate path C:/Xilinx/ECE_520/Sandbox/threat_detection_vitis/threat_app3/hw/threat_detector_bd_wrapper2.xsa
TRACE::2026-05-04.17:05:52::SCWPlatform::DSA directory C:/Xilinx/ECE_520/Sandbox/threat_detection_vitis/threat_app3/hw
TRACE::2026-05-04.17:05:52::SCWPlatform:: Platform Path C:/Xilinx/ECE_520/Sandbox/threat_detection_vitis/threat_app3/hw/threat_detector_bd_wrapper2.xsa
TRACE::2026-05-04.17:05:52::SCWPlatform:: Unique name xilinx:zybo-z7-10::0.0
TRACE::2026-05-04.17:05:52::SCWPlatform::Trying to set the existing hwdb with name threat_detector_bd_wrapper_6
TRACE::2026-05-04.17:05:52::SCWPlatform::Opened existing hwdb threat_detector_bd_wrapper_6
TRACE::2026-05-04.17:05:52::SCWPlatform::Found the Hw Db part of the input DSA
TRACE::2026-05-04.17:05:52::SCWMssOS::Checking the sw design at  C:/Xilinx/ECE_520/Sandbox/threat_detection_vitis/threat_app3/zynq_fsbl/zynq_fsbl_bsp/system.mss
TRACE::2026-05-04.17:05:52::SCWMssOS::DEBUG:  swdes dump  C:/Xilinx/ECE_520/Sandbox/threat_detection_vitis/threat_app3/zynq_fsbl/zynq_fsbl_bsp/system.mss|system||

TRACE::2026-05-04.17:05:52::SCWMssOS::Sw design exists and opened at  C:/Xilinx/ECE_520/Sandbox/threat_detection_vitis/threat_app3/zynq_fsbl/zynq_fsbl_bsp/system.mss
TRACE::2026-05-04.17:05:52::SCWMssOS:: library already available in sw design:  xilffs:5.0
TRACE::2026-05-04.17:05:52::SCWPlatform::Trying to open the hw design at C:/Xilinx/ECE_520/Sandbox/threat_detection_vitis/threat_app3/hw/threat_detector_bd_wrapper2.xsa
TRACE::2026-05-04.17:05:52::SCWPlatform::DSA given C:/Xilinx/ECE_520/Sandbox/threat_detection_vitis/threat_app3/hw/threat_detector_bd_wrapper2.xsa
TRACE::2026-05-04.17:05:52::SCWPlatform::DSA absoulate path C:/Xilinx/ECE_520/Sandbox/threat_detection_vitis/threat_app3/hw/threat_detector_bd_wrapper2.xsa
TRACE::2026-05-04.17:05:52::SCWPlatform::DSA directory C:/Xilinx/ECE_520/Sandbox/threat_detection_vitis/threat_app3/hw
TRACE::2026-05-04.17:05:52::SCWPlatform:: Platform Path C:/Xilinx/ECE_520/Sandbox/threat_detection_vitis/threat_app3/hw/threat_detector_bd_wrapper2.xsa
TRACE::2026-05-04.17:05:52::SCWPlatform:: Unique name xilinx:zybo-z7-10::0.0
TRACE::2026-05-04.17:05:52::SCWPlatform::Trying to set the existing hwdb with name threat_detector_bd_wrapper_6
TRACE::2026-05-04.17:05:52::SCWPlatform::Opened existing hwdb threat_detector_bd_wrapper_6
TRACE::2026-05-04.17:05:52::SCWPlatform::Found the Hw Db part of the input DSA
TRACE::2026-05-04.17:05:52::SCWMssOS::Checking the sw design at  C:/Xilinx/ECE_520/Sandbox/threat_detection_vitis/threat_app3/zynq_fsbl/zynq_fsbl_bsp/system.mss
TRACE::2026-05-04.17:05:52::SCWMssOS::DEBUG:  swdes dump  C:/Xilinx/ECE_520/Sandbox/threat_detection_vitis/threat_app3/zynq_fsbl/zynq_fsbl_bsp/system.mss|system||

TRACE::2026-05-04.17:05:52::SCWMssOS::Sw design exists and opened at  C:/Xilinx/ECE_520/Sandbox/threat_detection_vitis/threat_app3/zynq_fsbl/zynq_fsbl_bsp/system.mss
TRACE::2026-05-04.17:05:52::SCWMssOS:: library already available in sw design:  xilrsa:1.6
TRACE::2026-05-04.17:05:52::SCWPlatform::Trying to open the hw design at C:/Xilinx/ECE_520/Sandbox/threat_detection_vitis/threat_app3/hw/threat_detector_bd_wrapper2.xsa
TRACE::2026-05-04.17:05:52::SCWPlatform::DSA given C:/Xilinx/ECE_520/Sandbox/threat_detection_vitis/threat_app3/hw/threat_detector_bd_wrapper2.xsa
TRACE::2026-05-04.17:05:52::SCWPlatform::DSA absoulate path C:/Xilinx/ECE_520/Sandbox/threat_detection_vitis/threat_app3/hw/threat_detector_bd_wrapper2.xsa
TRACE::2026-05-04.17:05:52::SCWPlatform::DSA directory C:/Xilinx/ECE_520/Sandbox/threat_detection_vitis/threat_app3/hw
TRACE::2026-05-04.17:05:52::SCWPlatform:: Platform Path C:/Xilinx/ECE_520/Sandbox/threat_detection_vitis/threat_app3/hw/threat_detector_bd_wrapper2.xsa
TRACE::2026-05-04.17:05:52::SCWPlatform:: Unique name xilinx:zybo-z7-10::0.0
TRACE::2026-05-04.17:05:52::SCWPlatform::Trying to set the existing hwdb with name threat_detector_bd_wrapper_6
TRACE::2026-05-04.17:05:52::SCWPlatform::Opened existing hwdb threat_detector_bd_wrapper_6
TRACE::2026-05-04.17:05:52::SCWPlatform::Found the Hw Db part of the input DSA
TRACE::2026-05-04.17:05:52::SCWMssOS::Checking the sw design at  C:/Xilinx/ECE_520/Sandbox/threat_detection_vitis/threat_app3/zynq_fsbl/zynq_fsbl_bsp/system.mss
TRACE::2026-05-04.17:05:52::SCWMssOS::DEBUG:  swdes dump  C:/Xilinx/ECE_520/Sandbox/threat_detection_vitis/threat_app3/zynq_fsbl/zynq_fsbl_bsp/system.mss|system||

TRACE::2026-05-04.17:05:52::SCWMssOS::Sw design exists and opened at  C:/Xilinx/ECE_520/Sandbox/threat_detection_vitis/threat_app3/zynq_fsbl/zynq_fsbl_bsp/system.mss
TRACE::2026-05-04.17:05:52::SCWPlatform::Trying to open the hw design at C:/Xilinx/ECE_520/Sandbox/threat_detection_vitis/threat_app3/hw/threat_detector_bd_wrapper2.xsa
TRACE::2026-05-04.17:05:52::SCWPlatform::DSA given C:/Xilinx/ECE_520/Sandbox/threat_detection_vitis/threat_app3/hw/threat_detector_bd_wrapper2.xsa
TRACE::2026-05-04.17:05:52::SCWPlatform::DSA absoulate path C:/Xilinx/ECE_520/Sandbox/threat_detection_vitis/threat_app3/hw/threat_detector_bd_wrapper2.xsa
TRACE::2026-05-04.17:05:52::SCWPlatform::DSA directory C:/Xilinx/ECE_520/Sandbox/threat_detection_vitis/threat_app3/hw
TRACE::2026-05-04.17:05:52::SCWPlatform:: Platform Path C:/Xilinx/ECE_520/Sandbox/threat_detection_vitis/threat_app3/hw/threat_detector_bd_wrapper2.xsa
TRACE::2026-05-04.17:05:52::SCWPlatform:: Unique name xilinx:zybo-z7-10::0.0
TRACE::2026-05-04.17:05:52::SCWPlatform::Trying to set the existing hwdb with name threat_detector_bd_wrapper_6
TRACE::2026-05-04.17:05:52::SCWPlatform::Opened existing hwdb threat_detector_bd_wrapper_6
TRACE::2026-05-04.17:05:52::SCWPlatform::Found the Hw Db part of the input DSA
TRACE::2026-05-04.17:05:52::SCWMssOS::Checking the sw design at  C:/Xilinx/ECE_520/Sandbox/threat_detection_vitis/threat_app3/zynq_fsbl/zynq_fsbl_bsp/system.mss
TRACE::2026-05-04.17:05:52::SCWMssOS::DEBUG:  swdes dump  C:/Xilinx/ECE_520/Sandbox/threat_detection_vitis/threat_app3/zynq_fsbl/zynq_fsbl_bsp/system.mss|system||

TRACE::2026-05-04.17:05:52::SCWMssOS::Sw design exists and opened at  C:/Xilinx/ECE_520/Sandbox/threat_detection_vitis/threat_app3/zynq_fsbl/zynq_fsbl_bsp/system.mss
TRACE::2026-05-04.17:05:52::SCWMssOS::Saving the mss changes C:/Xilinx/ECE_520/Sandbox/threat_detection_vitis/threat_app3/zynq_fsbl/zynq_fsbl_bsp/system.mss
TRACE::2026-05-04.17:05:52::SCWMssOS::Found a swdesign opened with the mssfile.
TRACE::2026-05-04.17:05:52::SCWMssOS::Completed writemss as part of save.
TRACE::2026-05-04.17:05:52::SCWMssOS::Commit changes completed.
TRACE::2026-05-04.17:05:52::SCWReader::Adding prebuilt librarypaths as   
TRACE::2026-05-04.17:05:52::SCWReader::Adding prebuilt incpaths  as   
TRACE::2026-05-04.17:05:52::SCWPlatform::Trying to open the hw design at C:/Xilinx/ECE_520/Sandbox/threat_detection_vitis/threat_app3/hw/threat_detector_bd_wrapper2.xsa
TRACE::2026-05-04.17:05:52::SCWPlatform::DSA given C:/Xilinx/ECE_520/Sandbox/threat_detection_vitis/threat_app3/hw/threat_detector_bd_wrapper2.xsa
TRACE::2026-05-04.17:05:52::SCWPlatform::DSA absoulate path C:/Xilinx/ECE_520/Sandbox/threat_detection_vitis/threat_app3/hw/threat_detector_bd_wrapper2.xsa
TRACE::2026-05-04.17:05:52::SCWPlatform::DSA directory C:/Xilinx/ECE_520/Sandbox/threat_detection_vitis/threat_app3/hw
TRACE::2026-05-04.17:05:52::SCWPlatform:: Platform Path C:/Xilinx/ECE_520/Sandbox/threat_detection_vitis/threat_app3/hw/threat_detector_bd_wrapper2.xsa
TRACE::2026-05-04.17:05:52::SCWPlatform:: Unique name xilinx:zybo-z7-10::0.0
TRACE::2026-05-04.17:05:52::SCWPlatform::Trying to set the existing hwdb with name threat_detector_bd_wrapper_6
TRACE::2026-05-04.17:05:52::SCWPlatform::Opened existing hwdb threat_detector_bd_wrapper_6
TRACE::2026-05-04.17:05:52::SCWPlatform::Found the Hw Db part of the input DSA
TRACE::2026-05-04.17:05:52::SCWMssOS::Checking the sw design at  C:/Xilinx/ECE_520/Sandbox/threat_detection_vitis/threat_app3/zynq_fsbl/zynq_fsbl_bsp/system.mss
TRACE::2026-05-04.17:05:52::SCWMssOS::DEBUG:  swdes dump  C:/Xilinx/ECE_520/Sandbox/threat_detection_vitis/threat_app3/zynq_fsbl/zynq_fsbl_bsp/system.mss|system||

TRACE::2026-05-04.17:05:52::SCWMssOS::Sw design exists and opened at  C:/Xilinx/ECE_520/Sandbox/threat_detection_vitis/threat_app3/zynq_fsbl/zynq_fsbl_bsp/system.mss
TRACE::2026-05-04.17:05:52::SCWReader::No isolation master present  
TRACE::2026-05-04.17:05:52::SCWDomain::checking for install qemu data   : 
TRACE::2026-05-04.17:05:52::SCWDomain:: Using the QEMU Data from install at  : C:/Xilinx/Vitis/2023.1/data/emulation/platforms/zynq/sw/a9_standalone/qemu/
TRACE::2026-05-04.17:05:52::SCWDomain:: Using the QEMU args  from install at  : C:/Xilinx/Vitis/2023.1/data/emulation/platforms/zynq/sw/a9_standalone/qemu/qemu_args.txt
TRACE::2026-05-04.17:05:52::SCWPlatform::Trying to open the hw design at C:/Xilinx/ECE_520/Sandbox/threat_detection_vitis/threat_app3/hw/threat_detector_bd_wrapper2.xsa
TRACE::2026-05-04.17:05:52::SCWPlatform::DSA given C:/Xilinx/ECE_520/Sandbox/threat_detection_vitis/threat_app3/hw/threat_detector_bd_wrapper2.xsa
TRACE::2026-05-04.17:05:52::SCWPlatform::DSA absoulate path C:/Xilinx/ECE_520/Sandbox/threat_detection_vitis/threat_app3/hw/threat_detector_bd_wrapper2.xsa
TRACE::2026-05-04.17:05:52::SCWPlatform::DSA directory C:/Xilinx/ECE_520/Sandbox/threat_detection_vitis/threat_app3/hw
TRACE::2026-05-04.17:05:52::SCWPlatform:: Platform Path C:/Xilinx/ECE_520/Sandbox/threat_detection_vitis/threat_app3/hw/threat_detector_bd_wrapper2.xsa
TRACE::2026-05-04.17:05:52::SCWPlatform:: Unique name xilinx:zybo-z7-10::0.0
TRACE::2026-05-04.17:05:52::SCWPlatform::Trying to set the existing hwdb with name threat_detector_bd_wrapper_6
TRACE::2026-05-04.17:05:52::SCWPlatform::Opened existing hwdb threat_detector_bd_wrapper_6
TRACE::2026-05-04.17:05:52::SCWPlatform::Found the Hw Db part of the input DSA
TRACE::2026-05-04.17:05:52::SCWPlatform::Trying to open the hw design at C:/Xilinx/ECE_520/Sandbox/threat_detection_vitis/threat_app3/hw/threat_detector_bd_wrapper2.xsa
TRACE::2026-05-04.17:05:52::SCWPlatform::DSA given C:/Xilinx/ECE_520/Sandbox/threat_detection_vitis/threat_app3/hw/threat_detector_bd_wrapper2.xsa
TRACE::2026-05-04.17:05:52::SCWPlatform::DSA absoulate path C:/Xilinx/ECE_520/Sandbox/threat_detection_vitis/threat_app3/hw/threat_detector_bd_wrapper2.xsa
TRACE::2026-05-04.17:05:52::SCWPlatform::DSA directory C:/Xilinx/ECE_520/Sandbox/threat_detection_vitis/threat_app3/hw
TRACE::2026-05-04.17:05:52::SCWPlatform:: Platform Path C:/Xilinx/ECE_520/Sandbox/threat_detection_vitis/threat_app3/hw/threat_detector_bd_wrapper2.xsa
TRACE::2026-05-04.17:05:52::SCWPlatform:: Unique name xilinx:zybo-z7-10::0.0
TRACE::2026-05-04.17:05:52::SCWPlatform::Trying to set the existing hwdb with name threat_detector_bd_wrapper_6
TRACE::2026-05-04.17:05:52::SCWPlatform::Opened existing hwdb threat_detector_bd_wrapper_6
TRACE::2026-05-04.17:05:52::SCWPlatform::Found the Hw Db part of the input DSA
TRACE::2026-05-04.17:05:52::SCWPlatform::Trying to open the hw design at C:/Xilinx/ECE_520/Sandbox/threat_detection_vitis/threat_app3/hw/threat_detector_bd_wrapper2.xsa
TRACE::2026-05-04.17:05:52::SCWPlatform::DSA given C:/Xilinx/ECE_520/Sandbox/threat_detection_vitis/threat_app3/hw/threat_detector_bd_wrapper2.xsa
TRACE::2026-05-04.17:05:52::SCWPlatform::DSA absoulate path C:/Xilinx/ECE_520/Sandbox/threat_detection_vitis/threat_app3/hw/threat_detector_bd_wrapper2.xsa
TRACE::2026-05-04.17:05:52::SCWPlatform::DSA directory C:/Xilinx/ECE_520/Sandbox/threat_detection_vitis/threat_app3/hw
TRACE::2026-05-04.17:05:52::SCWPlatform:: Platform Path C:/Xilinx/ECE_520/Sandbox/threat_detection_vitis/threat_app3/hw/threat_detector_bd_wrapper2.xsa
TRACE::2026-05-04.17:05:52::SCWPlatform:: Unique name xilinx:zybo-z7-10::0.0
TRACE::2026-05-04.17:05:52::SCWPlatform::Trying to set the existing hwdb with name threat_detector_bd_wrapper_6
TRACE::2026-05-04.17:05:52::SCWPlatform::Opened existing hwdb threat_detector_bd_wrapper_6
TRACE::2026-05-04.17:05:52::SCWPlatform::Found the Hw Db part of the input DSA
TRACE::2026-05-04.17:05:52::SCWMssOS::Checking the sw design at  C:/Xilinx/ECE_520/Sandbox/threat_detection_vitis/threat_app3/ps7_cortexa9_0/standalone_domain/bsp/system.mss
TRACE::2026-05-04.17:05:52::SCWMssOS::DEBUG:  swdes dump  C:/Xilinx/ECE_520/Sandbox/threat_detection_vitis/threat_app3/zynq_fsbl/zynq_fsbl_bsp/system.mss|system||

TRACE::2026-05-04.17:05:52::SCWMssOS::No sw design opened at  C:/Xilinx/ECE_520/Sandbox/threat_detection_vitis/threat_app3/ps7_cortexa9_0/standalone_domain/bsp/system.mss
TRACE::2026-05-04.17:05:52::SCWMssOS::mss exists loading the mss file  C:/Xilinx/ECE_520/Sandbox/threat_detection_vitis/threat_app3/ps7_cortexa9_0/standalone_domain/bsp/system.mss
TRACE::2026-05-04.17:05:52::SCWMssOS::Opened the sw design from mss  C:/Xilinx/ECE_520/Sandbox/threat_detection_vitis/threat_app3/ps7_cortexa9_0/standalone_domain/bsp/system.mss
TRACE::2026-05-04.17:05:52::SCWMssOS::Adding the swdes entry C:/Xilinx/ECE_520/Sandbox/threat_detection_vitis/threat_app3/ps7_cortexa9_0/standalone_domain/bsp/system.mss with des name system_0
TRACE::2026-05-04.17:05:52::SCWMssOS::updating the scw layer about changes
TRACE::2026-05-04.17:05:52::SCWMssOS::Opened the sw design.  C:/Xilinx/ECE_520/Sandbox/threat_detection_vitis/threat_app3/ps7_cortexa9_0/standalone_domain/bsp/system.mss
TRACE::2026-05-04.17:05:52::SCWPlatform::Trying to open the hw design at C:/Xilinx/ECE_520/Sandbox/threat_detection_vitis/threat_app3/hw/threat_detector_bd_wrapper2.xsa
TRACE::2026-05-04.17:05:52::SCWPlatform::DSA given C:/Xilinx/ECE_520/Sandbox/threat_detection_vitis/threat_app3/hw/threat_detector_bd_wrapper2.xsa
TRACE::2026-05-04.17:05:52::SCWPlatform::DSA absoulate path C:/Xilinx/ECE_520/Sandbox/threat_detection_vitis/threat_app3/hw/threat_detector_bd_wrapper2.xsa
TRACE::2026-05-04.17:05:52::SCWPlatform::DSA directory C:/Xilinx/ECE_520/Sandbox/threat_detection_vitis/threat_app3/hw
TRACE::2026-05-04.17:05:52::SCWPlatform:: Platform Path C:/Xilinx/ECE_520/Sandbox/threat_detection_vitis/threat_app3/hw/threat_detector_bd_wrapper2.xsa
TRACE::2026-05-04.17:05:52::SCWPlatform:: Unique name xilinx:zybo-z7-10::0.0
TRACE::2026-05-04.17:05:52::SCWPlatform::Trying to set the existing hwdb with name threat_detector_bd_wrapper_6
TRACE::2026-05-04.17:05:52::SCWPlatform::Opened existing hwdb threat_detector_bd_wrapper_6
TRACE::2026-05-04.17:05:52::SCWPlatform::Found the Hw Db part of the input DSA
TRACE::2026-05-04.17:05:52::SCWMssOS::Checking the sw design at  C:/Xilinx/ECE_520/Sandbox/threat_detection_vitis/threat_app3/ps7_cortexa9_0/standalone_domain/bsp/system.mss
TRACE::2026-05-04.17:05:52::SCWMssOS::DEBUG:  swdes dump  C:/Xilinx/ECE_520/Sandbox/threat_detection_vitis/threat_app3/ps7_cortexa9_0/standalone_domain/bsp/system.mss|system_0||
C:/Xilinx/ECE_520/Sandbox/threat_detection_vitis/threat_app3/zynq_fsbl/zynq_fsbl_bsp/system.mss|system||

TRACE::2026-05-04.17:05:52::SCWMssOS::Sw design exists and opened at  C:/Xilinx/ECE_520/Sandbox/threat_detection_vitis/threat_app3/ps7_cortexa9_0/standalone_domain/bsp/system.mss
TRACE::2026-05-04.17:05:52::SCWMssOS::Saving the mss changes C:/Xilinx/ECE_520/Sandbox/threat_detection_vitis/threat_app3/ps7_cortexa9_0/standalone_domain/bsp/system.mss
TRACE::2026-05-04.17:05:52::SCWMssOS::Found a swdesign opened with the mssfile.
TRACE::2026-05-04.17:05:52::SCWMssOS::Completed writemss as part of save.
TRACE::2026-05-04.17:05:52::SCWMssOS::Commit changes completed.
TRACE::2026-05-04.17:05:52::SCWReader::Adding prebuilt librarypaths as   
TRACE::2026-05-04.17:05:52::SCWReader::Adding prebuilt incpaths  as   
TRACE::2026-05-04.17:05:52::SCWPlatform::Trying to open the hw design at C:/Xilinx/ECE_520/Sandbox/threat_detection_vitis/threat_app3/hw/threat_detector_bd_wrapper2.xsa
TRACE::2026-05-04.17:05:52::SCWPlatform::DSA given C:/Xilinx/ECE_520/Sandbox/threat_detection_vitis/threat_app3/hw/threat_detector_bd_wrapper2.xsa
TRACE::2026-05-04.17:05:52::SCWPlatform::DSA absoulate path C:/Xilinx/ECE_520/Sandbox/threat_detection_vitis/threat_app3/hw/threat_detector_bd_wrapper2.xsa
TRACE::2026-05-04.17:05:52::SCWPlatform::DSA directory C:/Xilinx/ECE_520/Sandbox/threat_detection_vitis/threat_app3/hw
TRACE::2026-05-04.17:05:52::SCWPlatform:: Platform Path C:/Xilinx/ECE_520/Sandbox/threat_detection_vitis/threat_app3/hw/threat_detector_bd_wrapper2.xsa
TRACE::2026-05-04.17:05:52::SCWPlatform:: Unique name xilinx:zybo-z7-10::0.0
TRACE::2026-05-04.17:05:52::SCWPlatform::Trying to set the existing hwdb with name threat_detector_bd_wrapper_6
TRACE::2026-05-04.17:05:52::SCWPlatform::Opened existing hwdb threat_detector_bd_wrapper_6
TRACE::2026-05-04.17:05:52::SCWPlatform::Found the Hw Db part of the input DSA
TRACE::2026-05-04.17:05:52::SCWMssOS::Checking the sw design at  C:/Xilinx/ECE_520/Sandbox/threat_detection_vitis/threat_app3/ps7_cortexa9_0/standalone_domain/bsp/system.mss
TRACE::2026-05-04.17:05:52::SCWMssOS::DEBUG:  swdes dump  C:/Xilinx/ECE_520/Sandbox/threat_detection_vitis/threat_app3/ps7_cortexa9_0/standalone_domain/bsp/system.mss|system_0||
C:/Xilinx/ECE_520/Sandbox/threat_detection_vitis/threat_app3/zynq_fsbl/zynq_fsbl_bsp/system.mss|system||

TRACE::2026-05-04.17:05:52::SCWMssOS::Sw design exists and opened at  C:/Xilinx/ECE_520/Sandbox/threat_detection_vitis/threat_app3/ps7_cortexa9_0/standalone_domain/bsp/system.mss
TRACE::2026-05-04.17:05:52::SCWReader::No isolation master present  
LOG::2026-05-04.17:18:00::SCWPlatform::Started generating the artifacts platform threat_app3
TRACE::2026-05-04.17:18:00::SCWPlatform::Sanity checking of platform is completed
LOG::2026-05-04.17:18:00::SCWPlatform::Started generating the artifacts for system configuration threat_app3
LOG::2026-05-04.17:18:00::SCWSystem::Checking the domain zynq_fsbl
LOG::2026-05-04.17:18:00::SCWSystem::Doing application build for :  zynq_fsbl
TRACE::2026-05-04.17:18:00::SCWBDomain::Not a forced makefile updation, No changes are present. 
TRACE::2026-05-04.17:18:00::SCWDomain::Skipping the build for domain :  zynq_fsbl
LOG::2026-05-04.17:18:00::SCWSystem::Checking the domain standalone_domain
LOG::2026-05-04.17:18:00::SCWSystem::Not a boot domain 
LOG::2026-05-04.17:18:00::SCWSystem::Started Processing the domain standalone_domain
TRACE::2026-05-04.17:18:00::SCWDomain::Generating domain artifcats
TRACE::2026-05-04.17:18:00::SCWMssOS::Generating standalone artifcats
TRACE::2026-05-04.17:18:00::SCWMssOS::Copying the qemu file from  C:/Xilinx/ECE_520/Sandbox/threat_detection_vitis/threat_app3/resources/threat_app3/standalone_domain/qemu_args.txt To C:/Xilinx/ECE_520/Sandbox/threat_detection_vitis/threat_app3/export/threat_app3/sw/threat_app3/qemu/
TRACE::2026-05-04.17:18:00::SCWMssOS::Copying the qemu file from  C:/Xilinx/ECE_520/Sandbox/threat_detection_vitis/threat_app3/resources/threat_app3/standalone_domain/qemu_args.txt To C:/Xilinx/ECE_520/Sandbox/threat_detection_vitis/threat_app3/export/threat_app3/sw/threat_app3/standalone_domain/qemu/
TRACE::2026-05-04.17:18:00::SCWMssOS:: Copying the user libraries. 
TRACE::2026-05-04.17:18:00::SCWPlatform::Trying to open the hw design at C:/Xilinx/ECE_520/Sandbox/threat_detection_vitis/threat_app3/hw/threat_detector_bd_wrapper2.xsa
TRACE::2026-05-04.17:18:00::SCWPlatform::DSA given C:/Xilinx/ECE_520/Sandbox/threat_detection_vitis/threat_app3/hw/threat_detector_bd_wrapper2.xsa
TRACE::2026-05-04.17:18:00::SCWPlatform::DSA absoulate path C:/Xilinx/ECE_520/Sandbox/threat_detection_vitis/threat_app3/hw/threat_detector_bd_wrapper2.xsa
TRACE::2026-05-04.17:18:00::SCWPlatform::DSA directory C:/Xilinx/ECE_520/Sandbox/threat_detection_vitis/threat_app3/hw
TRACE::2026-05-04.17:18:00::SCWPlatform:: Platform Path C:/Xilinx/ECE_520/Sandbox/threat_detection_vitis/threat_app3/hw/threat_detector_bd_wrapper2.xsa
TRACE::2026-05-04.17:18:00::SCWPlatform:: Unique name xilinx:zybo-z7-10::0.0
TRACE::2026-05-04.17:18:00::SCWPlatform::Trying to set the existing hwdb with name threat_detector_bd_wrapper_6
TRACE::2026-05-04.17:18:00::SCWPlatform::Could not get the HWDB from existing dbname
TRACE::2026-05-04.17:18:00::SCWPlatform::Do not have an existing db opened. Attempting to open the hwDb. 
TRACE::2026-05-04.17:18:00::SCWPlatform::Opened new HwDB with name threat_detector_bd_wrapper_7
TRACE::2026-05-04.17:18:00::SCWMssOS::Checking the sw design at  C:/Xilinx/ECE_520/Sandbox/threat_detection_vitis/threat_app3/ps7_cortexa9_0/standalone_domain/bsp/system.mss
TRACE::2026-05-04.17:18:00::SCWMssOS::DEBUG:  swdes dump  C:/Xilinx/ECE_520/Sandbox/threat_detection_vitis/threat_app3/ps7_cortexa9_0/standalone_domain/bsp/system.mss|system_0||
C:/Xilinx/ECE_520/Sandbox/threat_detection_vitis/threat_app3/zynq_fsbl/zynq_fsbl_bsp/system.mss|system||

TRACE::2026-05-04.17:18:00::SCWMssOS::Sw design exists and opened at  C:/Xilinx/ECE_520/Sandbox/threat_detection_vitis/threat_app3/ps7_cortexa9_0/standalone_domain/bsp/system.mss
TRACE::2026-05-04.17:18:00::SCWMssOS::Completed writing the mss file at C:/Xilinx/ECE_520/Sandbox/threat_detection_vitis/threat_app3/ps7_cortexa9_0/standalone_domain/bsp
TRACE::2026-05-04.17:18:00::SCWMssOS::Mss edits present, copying mssfile into export location C:/Xilinx/ECE_520/Sandbox/threat_detection_vitis/threat_app3/ps7_cortexa9_0/standalone_domain/bsp/system.mss
TRACE::2026-05-04.17:18:00::SCWMssOS::bsp generated is stale removing and regenerating. 
TRACE::2026-05-04.17:18:03::SCWMssOS::doing bsp build ... 
TRACE::2026-05-04.17:18:03::SCWMssOS::System Command Ran  C: & cd  C:/Xilinx/ECE_520/Sandbox/threat_detection_vitis/threat_app3/ps7_cortexa9_0/standalone_domain/bsp & make 
TRACE::2026-05-04.17:18:03::SCWMssOS::make --no-print-directory seq_libs

TRACE::2026-05-04.17:18:03::SCWMssOS::'Finished building libraries sequentially.'

TRACE::2026-05-04.17:18:03::SCWMssOS::make -j 12 --no-print-directory par_libs

TRACE::2026-05-04.17:18:03::SCWMssOS::"Running Make include in ps7_cortexa9_0/libsrc/coresightps_dcc_v1_8/src"

TRACE::2026-05-04.17:18:03::SCWMssOS::make -C ps7_cortexa9_0/libsrc/coresightps_dcc_v1_8/src -s include  "SHELL=CMD" "COMPILER=arm-none-eabi-gcc" "ASSEMBLER=arm-none
TRACE::2026-05-04.17:18:03::SCWMssOS::-eabi-as" "ARCHIVER=arm-none-eabi-ar" "COMPILER_FLAGS=  -O2 -c" "EXTRA_COMPILER_FLAGS=-mcpu=cortex-a9 -mfpu=vfpv3 -mfloat-abi=h
TRACE::2026-05-04.17:18:03::SCWMssOS::ard -nostartfiles -g -Wall -Wextra -fno-tree-loop-distribute-patterns"

TRACE::2026-05-04.17:18:03::SCWMssOS::"Running Make include in ps7_cortexa9_0/libsrc/cpu_cortexa9_v2_11/src"

TRACE::2026-05-04.17:18:03::SCWMssOS::make -C ps7_cortexa9_0/libsrc/cpu_cortexa9_v2_11/src -s include  "SHELL=CMD" "COMPILER=arm-none-eabi-gcc" "ASSEMBLER=arm-none-e
TRACE::2026-05-04.17:18:03::SCWMssOS::abi-as" "ARCHIVER=arm-none-eabi-ar" "COMPILER_FLAGS=  -O2 -c" "EXTRA_COMPILER_FLAGS=-mcpu=cortex-a9 -mfpu=vfpv3 -mfloat-abi=har
TRACE::2026-05-04.17:18:03::SCWMssOS::d -nostartfiles -g -Wall -Wextra -fno-tree-loop-distribute-patterns"

TRACE::2026-05-04.17:18:03::SCWMssOS::"Running Make include in ps7_cortexa9_0/libsrc/ddrps_v1_2/src"

TRACE::2026-05-04.17:18:03::SCWMssOS::make -C ps7_cortexa9_0/libsrc/ddrps_v1_2/src -s include  "SHELL=CMD" "COMPILER=arm-none-eabi-gcc" "ASSEMBLER=arm-none-eabi-as" 
TRACE::2026-05-04.17:18:03::SCWMssOS::"ARCHIVER=arm-none-eabi-ar" "COMPILER_FLAGS=  -O2 -c" "EXTRA_COMPILER_FLAGS=-mcpu=cortex-a9 -mfpu=vfpv3 -mfloat-abi=hard -nosta
TRACE::2026-05-04.17:18:03::SCWMssOS::rtfiles -g -Wall -Wextra -fno-tree-loop-distribute-patterns"

TRACE::2026-05-04.17:18:03::SCWMssOS::"Running Make include in ps7_cortexa9_0/libsrc/devcfg_v3_7/src"

TRACE::2026-05-04.17:18:03::SCWMssOS::make -C ps7_cortexa9_0/libsrc/devcfg_v3_7/src -s include  "SHELL=CMD" "COMPILER=arm-none-eabi-gcc" "ASSEMBLER=arm-none-eabi-as"
TRACE::2026-05-04.17:18:03::SCWMssOS:: "ARCHIVER=arm-none-eabi-ar" "COMPILER_FLAGS=  -O2 -c" "EXTRA_COMPILER_FLAGS=-mcpu=cortex-a9 -mfpu=vfpv3 -mfloat-abi=hard -nost
TRACE::2026-05-04.17:18:03::SCWMssOS::artfiles -g -Wall -Wextra -fno-tree-loop-distribute-patterns"

TRACE::2026-05-04.17:18:03::SCWMssOS::"Running Make include in ps7_cortexa9_0/libsrc/dmaps_v2_8/src"

TRACE::2026-05-04.17:18:03::SCWMssOS::make -C ps7_cortexa9_0/libsrc/dmaps_v2_8/src -s include  "SHELL=CMD" "COMPILER=arm-none-eabi-gcc" "ASSEMBLER=arm-none-eabi-as" 
TRACE::2026-05-04.17:18:03::SCWMssOS::"ARCHIVER=arm-none-eabi-ar" "COMPILER_FLAGS=  -O2 -c" "EXTRA_COMPILER_FLAGS=-mcpu=cortex-a9 -mfpu=vfpv3 -mfloat-abi=hard -nosta
TRACE::2026-05-04.17:18:03::SCWMssOS::rtfiles -g -Wall -Wextra -fno-tree-loop-distribute-patterns"

TRACE::2026-05-04.17:18:04::SCWMssOS::"Running Make include in ps7_cortexa9_0/libsrc/emacps_v3_18/src"

TRACE::2026-05-04.17:18:04::SCWMssOS::make -C ps7_cortexa9_0/libsrc/emacps_v3_18/src -s include  "SHELL=CMD" "COMPILER=arm-none-eabi-gcc" "ASSEMBLER=arm-none-eabi-as
TRACE::2026-05-04.17:18:04::SCWMssOS::" "ARCHIVER=arm-none-eabi-ar" "COMPILER_FLAGS=  -O2 -c" "EXTRA_COMPILER_FLAGS=-mcpu=cortex-a9 -mfpu=vfpv3 -mfloat-abi=hard -nos
TRACE::2026-05-04.17:18:04::SCWMssOS::tartfiles -g -Wall -Wextra -fno-tree-loop-distribute-patterns"

TRACE::2026-05-04.17:18:04::SCWMssOS::"Running Make include in ps7_cortexa9_0/libsrc/gpiops_v3_11/src"

TRACE::2026-05-04.17:18:04::SCWMssOS::make -C ps7_cortexa9_0/libsrc/gpiops_v3_11/src -s include  "SHELL=CMD" "COMPILER=arm-none-eabi-gcc" "ASSEMBLER=arm-none-eabi-as
TRACE::2026-05-04.17:18:04::SCWMssOS::" "ARCHIVER=arm-none-eabi-ar" "COMPILER_FLAGS=  -O2 -c" "EXTRA_COMPILER_FLAGS=-mcpu=cortex-a9 -mfpu=vfpv3 -mfloat-abi=hard -nos
TRACE::2026-05-04.17:18:04::SCWMssOS::tartfiles -g -Wall -Wextra -fno-tree-loop-distribute-patterns"

TRACE::2026-05-04.17:18:04::SCWMssOS::"Running Make include in ps7_cortexa9_0/libsrc/qspips_v3_10/src"

TRACE::2026-05-04.17:18:04::SCWMssOS::make -C ps7_cortexa9_0/libsrc/qspips_v3_10/src -s include  "SHELL=CMD" "COMPILER=arm-none-eabi-gcc" "ASSEMBLER=arm-none-eabi-as
TRACE::2026-05-04.17:18:04::SCWMssOS::" "ARCHIVER=arm-none-eabi-ar" "COMPILER_FLAGS=  -O2 -c" "EXTRA_COMPILER_FLAGS=-mcpu=cortex-a9 -mfpu=vfpv3 -mfloat-abi=hard -nos
TRACE::2026-05-04.17:18:04::SCWMssOS::tartfiles -g -Wall -Wextra -fno-tree-loop-distribute-patterns"

TRACE::2026-05-04.17:18:04::SCWMssOS::"Running Make include in ps7_cortexa9_0/libsrc/scugic_v5_1/src"

TRACE::2026-05-04.17:18:04::SCWMssOS::make -C ps7_cortexa9_0/libsrc/scugic_v5_1/src -s include  "SHELL=CMD" "COMPILER=arm-none-eabi-gcc" "ASSEMBLER=arm-none-eabi-as"
TRACE::2026-05-04.17:18:04::SCWMssOS:: "ARCHIVER=arm-none-eabi-ar" "COMPILER_FLAGS=  -O2 -c" "EXTRA_COMPILER_FLAGS=-mcpu=cortex-a9 -mfpu=vfpv3 -mfloat-abi=hard -nost
TRACE::2026-05-04.17:18:04::SCWMssOS::artfiles -g -Wall -Wextra -fno-tree-loop-distribute-patterns"

TRACE::2026-05-04.17:18:04::SCWMssOS::"Running Make include in ps7_cortexa9_0/libsrc/scutimer_v2_4/src"

TRACE::2026-05-04.17:18:04::SCWMssOS::make -C ps7_cortexa9_0/libsrc/scutimer_v2_4/src -s include  "SHELL=CMD" "COMPILER=arm-none-eabi-gcc" "ASSEMBLER=arm-none-eabi-a
TRACE::2026-05-04.17:18:04::SCWMssOS::s" "ARCHIVER=arm-none-eabi-ar" "COMPILER_FLAGS=  -O2 -c" "EXTRA_COMPILER_FLAGS=-mcpu=cortex-a9 -mfpu=vfpv3 -mfloat-abi=hard -no
TRACE::2026-05-04.17:18:04::SCWMssOS::startfiles -g -Wall -Wextra -fno-tree-loop-distribute-patterns"

TRACE::2026-05-04.17:18:04::SCWMssOS::"Running Make include in ps7_cortexa9_0/libsrc/scuwdt_v2_4/src"

TRACE::2026-05-04.17:18:04::SCWMssOS::make -C ps7_cortexa9_0/libsrc/scuwdt_v2_4/src -s include  "SHELL=CMD" "COMPILER=arm-none-eabi-gcc" "ASSEMBLER=arm-none-eabi-as"
TRACE::2026-05-04.17:18:04::SCWMssOS:: "ARCHIVER=arm-none-eabi-ar" "COMPILER_FLAGS=  -O2 -c" "EXTRA_COMPILER_FLAGS=-mcpu=cortex-a9 -mfpu=vfpv3 -mfloat-abi=hard -nost
TRACE::2026-05-04.17:18:04::SCWMssOS::artfiles -g -Wall -Wextra -fno-tree-loop-distribute-patterns"

TRACE::2026-05-04.17:18:04::SCWMssOS::"Running Make include in ps7_cortexa9_0/libsrc/sdps_v4_1/src"

TRACE::2026-05-04.17:18:04::SCWMssOS::make -C ps7_cortexa9_0/libsrc/sdps_v4_1/src -s include  "SHELL=CMD" "COMPILER=arm-none-eabi-gcc" "ASSEMBLER=arm-none-eabi-as" "
TRACE::2026-05-04.17:18:04::SCWMssOS::ARCHIVER=arm-none-eabi-ar" "COMPILER_FLAGS=  -O2 -c" "EXTRA_COMPILER_FLAGS=-mcpu=cortex-a9 -mfpu=vfpv3 -mfloat-abi=hard -nostar
TRACE::2026-05-04.17:18:04::SCWMssOS::tfiles -g -Wall -Wextra -fno-tree-loop-distribute-patterns"

TRACE::2026-05-04.17:18:04::SCWMssOS::"Running Make include in ps7_cortexa9_0/libsrc/standalone_v8_1/src"

TRACE::2026-05-04.17:18:04::SCWMssOS::make -C ps7_cortexa9_0/libsrc/standalone_v8_1/src -s include  "SHELL=CMD" "COMPILER=arm-none-eabi-gcc" "ASSEMBLER=arm-none-eabi
TRACE::2026-05-04.17:18:04::SCWMssOS::-as" "ARCHIVER=arm-none-eabi-ar" "COMPILER_FLAGS=  -O2 -c" "EXTRA_COMPILER_FLAGS=-mcpu=cortex-a9 -mfpu=vfpv3 -mfloat-abi=hard -
TRACE::2026-05-04.17:18:04::SCWMssOS::nostartfiles -g -Wall -Wextra -fno-tree-loop-distribute-patterns"

TRACE::2026-05-04.17:18:04::SCWMssOS::"Running Make include in ps7_cortexa9_0/libsrc/uartps_v3_12/src"

TRACE::2026-05-04.17:18:04::SCWMssOS::make -C ps7_cortexa9_0/libsrc/uartps_v3_12/src -s include  "SHELL=CMD" "COMPILER=arm-none-eabi-gcc" "ASSEMBLER=arm-none-eabi-as
TRACE::2026-05-04.17:18:04::SCWMssOS::" "ARCHIVER=arm-none-eabi-ar" "COMPILER_FLAGS=  -O2 -c" "EXTRA_COMPILER_FLAGS=-mcpu=cortex-a9 -mfpu=vfpv3 -mfloat-abi=hard -nos
TRACE::2026-05-04.17:18:04::SCWMssOS::tartfiles -g -Wall -Wextra -fno-tree-loop-distribute-patterns"

TRACE::2026-05-04.17:18:04::SCWMssOS::"Running Make include in ps7_cortexa9_0/libsrc/usbps_v2_7/src"

TRACE::2026-05-04.17:18:04::SCWMssOS::make -C ps7_cortexa9_0/libsrc/usbps_v2_7/src -s include  "SHELL=CMD" "COMPILER=arm-none-eabi-gcc" "ASSEMBLER=arm-none-eabi-as" 
TRACE::2026-05-04.17:18:04::SCWMssOS::"ARCHIVER=arm-none-eabi-ar" "COMPILER_FLAGS=  -O2 -c" "EXTRA_COMPILER_FLAGS=-mcpu=cortex-a9 -mfpu=vfpv3 -mfloat-abi=hard -nosta
TRACE::2026-05-04.17:18:04::SCWMssOS::rtfiles -g -Wall -Wextra -fno-tree-loop-distribute-patterns"

TRACE::2026-05-04.17:18:04::SCWMssOS::"Running Make include in ps7_cortexa9_0/libsrc/xadcps_v2_6/src"

TRACE::2026-05-04.17:18:04::SCWMssOS::make -C ps7_cortexa9_0/libsrc/xadcps_v2_6/src -s include  "SHELL=CMD" "COMPILER=arm-none-eabi-gcc" "ASSEMBLER=arm-none-eabi-as"
TRACE::2026-05-04.17:18:04::SCWMssOS:: "ARCHIVER=arm-none-eabi-ar" "COMPILER_FLAGS=  -O2 -c" "EXTRA_COMPILER_FLAGS=-mcpu=cortex-a9 -mfpu=vfpv3 -mfloat-abi=hard -nost
TRACE::2026-05-04.17:18:04::SCWMssOS::artfiles -g -Wall -Wextra -fno-tree-loop-distribute-patterns"

TRACE::2026-05-04.17:18:04::SCWMssOS::"Running Make libs in ps7_cortexa9_0/libsrc/coresightps_dcc_v1_8/src"

TRACE::2026-05-04.17:18:04::SCWMssOS::make -C ps7_cortexa9_0/libsrc/coresightps_dcc_v1_8/src -s libs  "SHELL=CMD" "COMPILER=arm-none-eabi-gcc" "ASSEMBLER=arm-none-ea
TRACE::2026-05-04.17:18:04::SCWMssOS::bi-as" "ARCHIVER=arm-none-eabi-ar" "COMPILER_FLAGS=  -O2 -c" "EXTRA_COMPILER_FLAGS=-mcpu=cortex-a9 -mfpu=vfpv3 -mfloat-abi=hard
TRACE::2026-05-04.17:18:04::SCWMssOS:: -nostartfiles -g -Wall -Wextra -fno-tree-loop-distribute-patterns"

TRACE::2026-05-04.17:18:04::SCWMssOS::"Running Make libs in ps7_cortexa9_0/libsrc/cpu_cortexa9_v2_11/src"

TRACE::2026-05-04.17:18:04::SCWMssOS::make -C ps7_cortexa9_0/libsrc/cpu_cortexa9_v2_11/src -s libs  "SHELL=CMD" "COMPILER=arm-none-eabi-gcc" "ASSEMBLER=arm-none-eabi
TRACE::2026-05-04.17:18:04::SCWMssOS::-as" "ARCHIVER=arm-none-eabi-ar" "COMPILER_FLAGS=  -O2 -c" "EXTRA_COMPILER_FLAGS=-mcpu=cortex-a9 -mfpu=vfpv3 -mfloat-abi=hard -
TRACE::2026-05-04.17:18:04::SCWMssOS::nostartfiles -g -Wall -Wextra -fno-tree-loop-distribute-patterns"

TRACE::2026-05-04.17:18:04::SCWMssOS::"Running Make libs in ps7_cortexa9_0/libsrc/ddrps_v1_2/src"

TRACE::2026-05-04.17:18:04::SCWMssOS::make -C ps7_cortexa9_0/libsrc/ddrps_v1_2/src -s libs  "SHELL=CMD" "COMPILER=arm-none-eabi-gcc" "ASSEMBLER=arm-none-eabi-as" "AR
TRACE::2026-05-04.17:18:04::SCWMssOS::CHIVER=arm-none-eabi-ar" "COMPILER_FLAGS=  -O2 -c" "EXTRA_COMPILER_FLAGS=-mcpu=cortex-a9 -mfpu=vfpv3 -mfloat-abi=hard -nostartf
TRACE::2026-05-04.17:18:04::SCWMssOS::iles -g -Wall -Wextra -fno-tree-loop-distribute-patterns"

TRACE::2026-05-04.17:18:04::SCWMssOS::"Running Make libs in ps7_cortexa9_0/libsrc/devcfg_v3_7/src"

TRACE::2026-05-04.17:18:04::SCWMssOS::make -C ps7_cortexa9_0/libsrc/devcfg_v3_7/src -s libs  "SHELL=CMD" "COMPILER=arm-none-eabi-gcc" "ASSEMBLER=arm-none-eabi-as" "A
TRACE::2026-05-04.17:18:04::SCWMssOS::RCHIVER=arm-none-eabi-ar" "COMPILER_FLAGS=  -O2 -c" "EXTRA_COMPILER_FLAGS=-mcpu=cortex-a9 -mfpu=vfpv3 -mfloat-abi=hard -nostart
TRACE::2026-05-04.17:18:04::SCWMssOS::files -g -Wall -Wextra -fno-tree-loop-distribute-patterns"

TRACE::2026-05-04.17:18:04::SCWMssOS::"Running Make libs in ps7_cortexa9_0/libsrc/dmaps_v2_8/src"

TRACE::2026-05-04.17:18:05::SCWMssOS::make -C ps7_cortexa9_0/libsrc/dmaps_v2_8/src -s libs  "SHELL=CMD" "COMPILER=arm-none-eabi-gcc" "ASSEMBLER=arm-none-eabi-as" "AR
TRACE::2026-05-04.17:18:05::SCWMssOS::CHIVER=arm-none-eabi-ar" "COMPILER_FLAGS=  -O2 -c" "EXTRA_COMPILER_FLAGS=-mcpu=cortex-a9 -mfpu=vfpv3 -mfloat-abi=hard -nostartf
TRACE::2026-05-04.17:18:05::SCWMssOS::iles -g -Wall -Wextra -fno-tree-loop-distribute-patterns"

TRACE::2026-05-04.17:18:05::SCWMssOS::"Running Make libs in ps7_cortexa9_0/libsrc/emacps_v3_18/src"

TRACE::2026-05-04.17:18:05::SCWMssOS::make -C ps7_cortexa9_0/libsrc/emacps_v3_18/src -s libs  "SHELL=CMD" "COMPILER=arm-none-eabi-gcc" "ASSEMBLER=arm-none-eabi-as" "
TRACE::2026-05-04.17:18:05::SCWMssOS::ARCHIVER=arm-none-eabi-ar" "COMPILER_FLAGS=  -O2 -c" "EXTRA_COMPILER_FLAGS=-mcpu=cortex-a9 -mfpu=vfpv3 -mfloat-abi=hard -nostar
TRACE::2026-05-04.17:18:05::SCWMssOS::tfiles -g -Wall -Wextra -fno-tree-loop-distribute-patterns"

TRACE::2026-05-04.17:18:05::SCWMssOS::"Running Make libs in ps7_cortexa9_0/libsrc/gpiops_v3_11/src"

TRACE::2026-05-04.17:18:05::SCWMssOS::make -C ps7_cortexa9_0/libsrc/gpiops_v3_11/src -s libs  "SHELL=CMD" "COMPILER=arm-none-eabi-gcc" "ASSEMBLER=arm-none-eabi-as" "
TRACE::2026-05-04.17:18:05::SCWMssOS::ARCHIVER=arm-none-eabi-ar" "COMPILER_FLAGS=  -O2 -c" "EXTRA_COMPILER_FLAGS=-mcpu=cortex-a9 -mfpu=vfpv3 -mfloat-abi=hard -nostar
TRACE::2026-05-04.17:18:05::SCWMssOS::tfiles -g -Wall -Wextra -fno-tree-loop-distribute-patterns"

TRACE::2026-05-04.17:18:05::SCWMssOS::"Running Make libs in ps7_cortexa9_0/libsrc/qspips_v3_10/src"

TRACE::2026-05-04.17:18:05::SCWMssOS::make -C ps7_cortexa9_0/libsrc/qspips_v3_10/src -s libs  "SHELL=CMD" "COMPILER=arm-none-eabi-gcc" "ASSEMBLER=arm-none-eabi-as" "
TRACE::2026-05-04.17:18:05::SCWMssOS::ARCHIVER=arm-none-eabi-ar" "COMPILER_FLAGS=  -O2 -c" "EXTRA_COMPILER_FLAGS=-mcpu=cortex-a9 -mfpu=vfpv3 -mfloat-abi=hard -nostar
TRACE::2026-05-04.17:18:05::SCWMssOS::tfiles -g -Wall -Wextra -fno-tree-loop-distribute-patterns"

TRACE::2026-05-04.17:18:06::SCWMssOS::"Running Make libs in ps7_cortexa9_0/libsrc/scugic_v5_1/src"

TRACE::2026-05-04.17:18:06::SCWMssOS::make -C ps7_cortexa9_0/libsrc/scugic_v5_1/src -s libs  "SHELL=CMD" "COMPILER=arm-none-eabi-gcc" "ASSEMBLER=arm-none-eabi-as" "A
TRACE::2026-05-04.17:18:06::SCWMssOS::RCHIVER=arm-none-eabi-ar" "COMPILER_FLAGS=  -O2 -c" "EXTRA_COMPILER_FLAGS=-mcpu=cortex-a9 -mfpu=vfpv3 -mfloat-abi=hard -nostart
TRACE::2026-05-04.17:18:06::SCWMssOS::files -g -Wall -Wextra -fno-tree-loop-distribute-patterns"

TRACE::2026-05-04.17:18:06::SCWMssOS::"Running Make libs in ps7_cortexa9_0/libsrc/scutimer_v2_4/src"

TRACE::2026-05-04.17:18:06::SCWMssOS::make -C ps7_cortexa9_0/libsrc/scutimer_v2_4/src -s libs  "SHELL=CMD" "COMPILER=arm-none-eabi-gcc" "ASSEMBLER=arm-none-eabi-as" 
TRACE::2026-05-04.17:18:06::SCWMssOS::"ARCHIVER=arm-none-eabi-ar" "COMPILER_FLAGS=  -O2 -c" "EXTRA_COMPILER_FLAGS=-mcpu=cortex-a9 -mfpu=vfpv3 -mfloat-abi=hard -nosta
TRACE::2026-05-04.17:18:06::SCWMssOS::rtfiles -g -Wall -Wextra -fno-tree-loop-distribute-patterns"

TRACE::2026-05-04.17:18:06::SCWMssOS::"Running Make libs in ps7_cortexa9_0/libsrc/scuwdt_v2_4/src"

TRACE::2026-05-04.17:18:06::SCWMssOS::make -C ps7_cortexa9_0/libsrc/scuwdt_v2_4/src -s libs  "SHELL=CMD" "COMPILER=arm-none-eabi-gcc" "ASSEMBLER=arm-none-eabi-as" "A
TRACE::2026-05-04.17:18:06::SCWMssOS::RCHIVER=arm-none-eabi-ar" "COMPILER_FLAGS=  -O2 -c" "EXTRA_COMPILER_FLAGS=-mcpu=cortex-a9 -mfpu=vfpv3 -mfloat-abi=hard -nostart
TRACE::2026-05-04.17:18:06::SCWMssOS::files -g -Wall -Wextra -fno-tree-loop-distribute-patterns"

TRACE::2026-05-04.17:18:06::SCWMssOS::"Running Make libs in ps7_cortexa9_0/libsrc/sdps_v4_1/src"

TRACE::2026-05-04.17:18:06::SCWMssOS::make -C ps7_cortexa9_0/libsrc/sdps_v4_1/src -s libs  "SHELL=CMD" "COMPILER=arm-none-eabi-gcc" "ASSEMBLER=arm-none-eabi-as" "ARC
TRACE::2026-05-04.17:18:06::SCWMssOS::HIVER=arm-none-eabi-ar" "COMPILER_FLAGS=  -O2 -c" "EXTRA_COMPILER_FLAGS=-mcpu=cortex-a9 -mfpu=vfpv3 -mfloat-abi=hard -nostartfi
TRACE::2026-05-04.17:18:06::SCWMssOS::les -g -Wall -Wextra -fno-tree-loop-distribute-patterns"

TRACE::2026-05-04.17:18:06::SCWMssOS::"Running Make libs in ps7_cortexa9_0/libsrc/standalone_v8_1/src"

TRACE::2026-05-04.17:18:06::SCWMssOS::make -C ps7_cortexa9_0/libsrc/standalone_v8_1/src -s libs  "SHELL=CMD" "COMPILER=arm-none-eabi-gcc" "ASSEMBLER=arm-none-eabi-as
TRACE::2026-05-04.17:18:06::SCWMssOS::" "ARCHIVER=arm-none-eabi-ar" "COMPILER_FLAGS=  -O2 -c" "EXTRA_COMPILER_FLAGS=-mcpu=cortex-a9 -mfpu=vfpv3 -mfloat-abi=hard -nos
TRACE::2026-05-04.17:18:06::SCWMssOS::tartfiles -g -Wall -Wextra -fno-tree-loop-distribute-patterns"

TRACE::2026-05-04.17:18:06::SCWMssOS::"Running Make libs in ps7_cortexa9_0/libsrc/uartps_v3_12/src"

TRACE::2026-05-04.17:18:06::SCWMssOS::make -C ps7_cortexa9_0/libsrc/uartps_v3_12/src -s libs  "SHELL=CMD" "COMPILER=arm-none-eabi-gcc" "ASSEMBLER=arm-none-eabi-as" "
TRACE::2026-05-04.17:18:06::SCWMssOS::ARCHIVER=arm-none-eabi-ar" "COMPILER_FLAGS=  -O2 -c" "EXTRA_COMPILER_FLAGS=-mcpu=cortex-a9 -mfpu=vfpv3 -mfloat-abi=hard -nostar
TRACE::2026-05-04.17:18:06::SCWMssOS::tfiles -g -Wall -Wextra -fno-tree-loop-distribute-patterns"

TRACE::2026-05-04.17:18:06::SCWMssOS::"Running Make libs in ps7_cortexa9_0/libsrc/usbps_v2_7/src"

TRACE::2026-05-04.17:18:06::SCWMssOS::make -C ps7_cortexa9_0/libsrc/usbps_v2_7/src -s libs  "SHELL=CMD" "COMPILER=arm-none-eabi-gcc" "ASSEMBLER=arm-none-eabi-as" "AR
TRACE::2026-05-04.17:18:06::SCWMssOS::CHIVER=arm-none-eabi-ar" "COMPILER_FLAGS=  -O2 -c" "EXTRA_COMPILER_FLAGS=-mcpu=cortex-a9 -mfpu=vfpv3 -mfloat-abi=hard -nostartf
TRACE::2026-05-04.17:18:06::SCWMssOS::iles -g -Wall -Wextra -fno-tree-loop-distribute-patterns"

TRACE::2026-05-04.17:18:06::SCWMssOS::"Running Make libs in ps7_cortexa9_0/libsrc/xadcps_v2_6/src"

TRACE::2026-05-04.17:18:06::SCWMssOS::make -C ps7_cortexa9_0/libsrc/xadcps_v2_6/src -s libs  "SHELL=CMD" "COMPILER=arm-none-eabi-gcc" "ASSEMBLER=arm-none-eabi-as" "A
TRACE::2026-05-04.17:18:06::SCWMssOS::RCHIVER=arm-none-eabi-ar" "COMPILER_FLAGS=  -O2 -c" "EXTRA_COMPILER_FLAGS=-mcpu=cortex-a9 -mfpu=vfpv3 -mfloat-abi=hard -nostart
TRACE::2026-05-04.17:18:06::SCWMssOS::files -g -Wall -Wextra -fno-tree-loop-distribute-patterns"

TRACE::2026-05-04.17:18:08::SCWMssOS::'Finished building libraries parallelly.'

TRACE::2026-05-04.17:18:08::SCWMssOS::make --no-print-directory archive

TRACE::2026-05-04.17:18:08::SCWMssOS::arm-none-eabi-ar -r  ps7_cortexa9_0/lib/libxil.a ps7_cortexa9_0/lib/_exit.o ps7_cortexa9_0/lib/_open.o ps7_cortexa9_0/lib/_sbrk
TRACE::2026-05-04.17:18:08::SCWMssOS::.o ps7_cortexa9_0/lib/abort.o ps7_cortexa9_0/lib/asm_vectors.o ps7_cortexa9_0/lib/boot.o ps7_cortexa9_0/lib/close.o ps7_cortexa
TRACE::2026-05-04.17:18:08::SCWMssOS::9_0/lib/cpputest_time.o ps7_cortexa9_0/lib/cpu_init.o ps7_cortexa9_0/lib/errno.o ps7_cortexa9_0/lib/fcntl.o ps7_cortexa9_0/lib/
TRACE::2026-05-04.17:18:08::SCWMssOS::fstat.o ps7_cortexa9_0/lib/getentropy.o ps7_cortexa9_0/lib/getpid.o ps7_cortexa9_0/lib/inbyte.o ps7_cortexa9_0/lib/isatty.o ps7
TRACE::2026-05-04.17:18:08::SCWMssOS::_cortexa9_0/lib/kill.o ps7_cortexa9_0/lib/lseek.o ps7_cortexa9_0/lib/open.o ps7_cortexa9_0/lib/outbyte.o ps7_cortexa9_0/lib/pri
TRACE::2026-05-04.17:18:08::SCWMssOS::nt.o ps7_cortexa9_0/lib/putnum.o ps7_cortexa9_0/lib/read.o ps7_cortexa9_0/lib/sbrk.o ps7_cortexa9_0/lib/sleep.o ps7_cortexa9_0/
TRACE::2026-05-04.17:18:08::SCWMssOS::lib/time.o ps7_cortexa9_0/lib/translation_table.o ps7_cortexa9_0/lib/unlink.o ps7_cortexa9_0/lib/usleep.o ps7_cortexa9_0/lib/ve
TRACE::2026-05-04.17:18:08::SCWMssOS::ctors.o ps7_cortexa9_0/lib/write.o ps7_cortexa9_0/lib/xadcps.o ps7_cortexa9_0/lib/xadcps_g.o ps7_cortexa9_0/lib/xadcps_intr.o p
TRACE::2026-05-04.17:18:08::SCWMssOS::s7_cortexa9_0/lib/xadcps_selftest.o ps7_cortexa9_0/lib/xadcps_sinit.o ps7_cortexa9_0/lib/xcoresightpsdcc.o ps7_cortexa9_0/lib/x
TRACE::2026-05-04.17:18:08::SCWMssOS::devcfg.o ps7_cortexa9_0/lib/xdevcfg_g.o ps7_cortexa9_0/lib/xdevcfg_hw.o ps7_cortexa9_0/lib/xdevcfg_intr.o ps7_cortexa9_0/lib/xd
TRACE::2026-05-04.17:18:08::SCWMssOS::evcfg_selftest.o ps7_cortexa9_0/lib/xdevcfg_sinit.o ps7_cortexa9_0/lib/xdmaps.o ps7_cortexa9_0/lib/xdmaps_g.o ps7_cortexa9_0/li
TRACE::2026-05-04.17:18:08::SCWMssOS::b/xdmaps_hw.o ps7_cortexa9_0/lib/xdmaps_selftest.o ps7_cortexa9_0/lib/xdmaps_sinit.o ps7_cortexa9_0/lib/xemacps.o ps7_cortexa9_
TRACE::2026-05-04.17:18:08::SCWMssOS::0/lib/xemacps_bdring.o ps7_cortexa9_0/lib/xemacps_control.o ps7_cortexa9_0/lib/xemacps_g.o ps7_cortexa9_0/lib/xemacps_hw.o ps7_
TRACE::2026-05-04.17:18:08::SCWMssOS::cortexa9_0/lib/xemacps_intr.o ps7_cortexa9_0/lib/xemacps_sinit.o ps7_cortexa9_0/lib/xgpiops.o ps7_cortexa9_0/lib/xgpiops_g.o ps
TRACE::2026-05-04.17:18:08::SCWMssOS::7_cortexa9_0/lib/xgpiops_hw.o ps7_cortexa9_0/lib/xgpiops_intr.o ps7_cortexa9_0/lib/xgpiops_selftest.o ps7_cortexa9_0/lib/xgpiop
TRACE::2026-05-04.17:18:08::SCWMssOS::s_sinit.o ps7_cortexa9_0/lib/xil-crt0.o ps7_cortexa9_0/lib/xil_assert.o ps7_cortexa9_0/lib/xil_cache.o ps7_cortexa9_0/lib/xil_c
TRACE::2026-05-04.17:18:08::SCWMssOS::locking.o ps7_cortexa9_0/lib/xil_exception.o ps7_cortexa9_0/lib/xil_mem.o ps7_cortexa9_0/lib/xil_misc_psreset_api.o ps7_cortexa
TRACE::2026-05-04.17:18:08::SCWMssOS::9_0/lib/xil_mmu.o ps7_cortexa9_0/lib/xil_printf.o ps7_cortexa9_0/lib/xil_sleepcommon.o ps7_cortexa9_0/lib/xil_sleeptimer.o ps7_
TRACE::2026-05-04.17:18:08::SCWMssOS::cortexa9_0/lib/xil_spinlock.o ps7_cortexa9_0/lib/xil_testcache.o ps7_cortexa9_0/lib/xil_testio.o ps7_cortexa9_0/lib/xil_testmem
TRACE::2026-05-04.17:18:08::SCWMssOS::.o ps7_cortexa9_0/lib/xil_util.o ps7_cortexa9_0/lib/xinterrupt_wrap.o ps7_cortexa9_0/lib/xl2cc_counter.o ps7_cortexa9_0/lib/xpl
TRACE::2026-05-04.17:18:08::SCWMssOS::atform_info.o ps7_cortexa9_0/lib/xpm_counter.o ps7_cortexa9_0/lib/xqspips.o ps7_cortexa9_0/lib/xqspips_g.o ps7_cortexa9_0/lib/x
TRACE::2026-05-04.17:18:08::SCWMssOS::qspips_hw.o ps7_cortexa9_0/lib/xqspips_options.o ps7_cortexa9_0/lib/xqspips_selftest.o ps7_cortexa9_0/lib/xqspips_sinit.o ps7_c
TRACE::2026-05-04.17:18:08::SCWMssOS::ortexa9_0/lib/xscugic.o ps7_cortexa9_0/lib/xscugic_g.o ps7_cortexa9_0/lib/xscugic_hw.o ps7_cortexa9_0/lib/xscugic_intr.o ps7_co
TRACE::2026-05-04.17:18:08::SCWMssOS::rtexa9_0/lib/xscugic_selftest.o ps7_cortexa9_0/lib/xscugic_sinit.o ps7_cortexa9_0/lib/xscutimer.o ps7_cortexa9_0/lib/xscutimer_
TRACE::2026-05-04.17:18:08::SCWMssOS::g.o ps7_cortexa9_0/lib/xscutimer_selftest.o ps7_cortexa9_0/lib/xscutimer_sinit.o ps7_cortexa9_0/lib/xscuwdt.o ps7_cortexa9_0/li
TRACE::2026-05-04.17:18:08::SCWMssOS::b/xscuwdt_g.o ps7_cortexa9_0/lib/xscuwdt_selftest.o ps7_cortexa9_0/lib/xscuwdt_sinit.o ps7_cortexa9_0/lib/xsdps.o ps7_cortexa9_
TRACE::2026-05-04.17:18:08::SCWMssOS::0/lib/xsdps_card.o ps7_cortexa9_0/lib/xsdps_g.o ps7_cortexa9_0/lib/xsdps_host.o ps7_cortexa9_0/lib/xsdps_options.o ps7_cortexa9
TRACE::2026-05-04.17:18:08::SCWMssOS::_0/lib/xsdps_sinit.o ps7_cortexa9_0/lib/xtime_l.o ps7_cortexa9_0/lib/xuartps.o ps7_cortexa9_0/lib/xuartps_g.o ps7_cortexa9_0/li
TRACE::2026-05-04.17:18:08::SCWMssOS::b/xuartps_hw.o ps7_cortexa9_0/lib/xuartps_intr.o ps7_cortexa9_0/lib/xuartps_options.o ps7_cortexa9_0/lib/xuartps_selftest.o ps7
TRACE::2026-05-04.17:18:08::SCWMssOS::_cortexa9_0/lib/xuartps_sinit.o ps7_cortexa9_0/lib/xusbps.o ps7_cortexa9_0/lib/xusbps_endpoint.o ps7_cortexa9_0/lib/xusbps_g.o 
TRACE::2026-05-04.17:18:08::SCWMssOS::ps7_cortexa9_0/lib/xusbps_hw.o ps7_cortexa9_0/lib/xusbps_intr.o ps7_cortexa9_0/lib/xusbps_sinit.o

TRACE::2026-05-04.17:18:08::SCWMssOS::'Finished building libraries'

TRACE::2026-05-04.17:18:08::SCWMssOS:: Checking if to create the Supporting Applications
TRACE::2026-05-04.17:18:08::SCWMssOS:: No Linux domain exists, trying to generate FSBL 
LOG::2026-05-04.17:18:08::SCWSystem::Completed Processing the domain standalone_domain
LOG::2026-05-04.17:18:08::SCWSystem::Completed Processing the sysconfig threat_app3
LOG::2026-05-04.17:18:08::SCWPlatform::Completed generating the artifacts for system configuration threat_app3
TRACE::2026-05-04.17:18:08::SCWPlatform::Started preparing the platform 
TRACE::2026-05-04.17:18:08::SCWSystem::Writing the bif file for system config threat_app3
TRACE::2026-05-04.17:18:08::SCWSystem::dir created 
TRACE::2026-05-04.17:18:08::SCWSystem::Writing the bif 
TRACE::2026-05-04.17:18:08::SCWPlatform::Started writing the spfm file 
TRACE::2026-05-04.17:18:08::SCWPlatform::Started writing the xpfm file 
TRACE::2026-05-04.17:18:08::SCWPlatform::Completed generating the platform
TRACE::2026-05-04.17:18:08::SCWMssOS::Saving the mss changes C:/Xilinx/ECE_520/Sandbox/threat_detection_vitis/threat_app3/zynq_fsbl/zynq_fsbl_bsp/system.mss
TRACE::2026-05-04.17:18:08::SCWMssOS::Found a swdesign opened with the mssfile.
TRACE::2026-05-04.17:18:08::SCWMssOS::Completed writemss as part of save.
TRACE::2026-05-04.17:18:08::SCWMssOS::Commit changes completed.
TRACE::2026-05-04.17:18:08::SCWMssOS::Saving the mss changes C:/Xilinx/ECE_520/Sandbox/threat_detection_vitis/threat_app3/ps7_cortexa9_0/standalone_domain/bsp/system.mss
TRACE::2026-05-04.17:18:08::SCWMssOS::Adding the swdes entry, mss present, able to open swdb C:/Xilinx/ECE_520/Sandbox/threat_detection_vitis/threat_app3/ps7_cortexa9_0/standalone_domain/bsp/system.mss with des name system_0
TRACE::2026-05-04.17:18:08::SCWMssOS::Writing the mss file completed C:/Xilinx/ECE_520/Sandbox/threat_detection_vitis/threat_app3/ps7_cortexa9_0/standalone_domain/bsp/system.mss
TRACE::2026-05-04.17:18:08::SCWMssOS::Commit changes completed.
TRACE::2026-05-04.17:18:08::SCWPlatform::Trying to open the hw design at C:/Xilinx/ECE_520/Sandbox/threat_detection_vitis/threat_app3/hw/threat_detector_bd_wrapper2.xsa
TRACE::2026-05-04.17:18:08::SCWPlatform::DSA given C:/Xilinx/ECE_520/Sandbox/threat_detection_vitis/threat_app3/hw/threat_detector_bd_wrapper2.xsa
TRACE::2026-05-04.17:18:08::SCWPlatform::DSA absoulate path C:/Xilinx/ECE_520/Sandbox/threat_detection_vitis/threat_app3/hw/threat_detector_bd_wrapper2.xsa
TRACE::2026-05-04.17:18:08::SCWPlatform::DSA directory C:/Xilinx/ECE_520/Sandbox/threat_detection_vitis/threat_app3/hw
TRACE::2026-05-04.17:18:08::SCWPlatform:: Platform Path C:/Xilinx/ECE_520/Sandbox/threat_detection_vitis/threat_app3/hw/threat_detector_bd_wrapper2.xsa
TRACE::2026-05-04.17:18:08::SCWPlatform:: Unique name xilinx:zybo-z7-10::0.0
TRACE::2026-05-04.17:18:08::SCWPlatform::Trying to set the existing hwdb with name threat_detector_bd_wrapper_7
TRACE::2026-05-04.17:18:08::SCWPlatform::Opened existing hwdb threat_detector_bd_wrapper_7
TRACE::2026-05-04.17:18:08::SCWPlatform::Found the Hw Db part of the input DSA
TRACE::2026-05-04.17:18:08::SCWMssOS::Checking the sw design at  C:/Xilinx/ECE_520/Sandbox/threat_detection_vitis/threat_app3/zynq_fsbl/zynq_fsbl_bsp/system.mss
TRACE::2026-05-04.17:18:08::SCWMssOS::DEBUG:  swdes dump  C:/Xilinx/ECE_520/Sandbox/threat_detection_vitis/threat_app3/ps7_cortexa9_0/standalone_domain/bsp/system.mss|system_0||
C:/Xilinx/ECE_520/Sandbox/threat_detection_vitis/threat_app3/zynq_fsbl/zynq_fsbl_bsp/system.mss|system||

TRACE::2026-05-04.17:18:08::SCWMssOS::Sw design exists and opened at  C:/Xilinx/ECE_520/Sandbox/threat_detection_vitis/threat_app3/zynq_fsbl/zynq_fsbl_bsp/system.mss
TRACE::2026-05-04.17:18:08::SCWPlatform::Trying to open the hw design at C:/Xilinx/ECE_520/Sandbox/threat_detection_vitis/threat_app3/hw/threat_detector_bd_wrapper2.xsa
TRACE::2026-05-04.17:18:08::SCWPlatform::DSA given C:/Xilinx/ECE_520/Sandbox/threat_detection_vitis/threat_app3/hw/threat_detector_bd_wrapper2.xsa
TRACE::2026-05-04.17:18:08::SCWPlatform::DSA absoulate path C:/Xilinx/ECE_520/Sandbox/threat_detection_vitis/threat_app3/hw/threat_detector_bd_wrapper2.xsa
TRACE::2026-05-04.17:18:08::SCWPlatform::DSA directory C:/Xilinx/ECE_520/Sandbox/threat_detection_vitis/threat_app3/hw
TRACE::2026-05-04.17:18:08::SCWPlatform:: Platform Path C:/Xilinx/ECE_520/Sandbox/threat_detection_vitis/threat_app3/hw/threat_detector_bd_wrapper2.xsa
TRACE::2026-05-04.17:18:08::SCWPlatform:: Unique name xilinx:zybo-z7-10::0.0
TRACE::2026-05-04.17:18:08::SCWPlatform::Trying to set the existing hwdb with name threat_detector_bd_wrapper_7
TRACE::2026-05-04.17:18:08::SCWPlatform::Opened existing hwdb threat_detector_bd_wrapper_7
TRACE::2026-05-04.17:18:08::SCWPlatform::Found the Hw Db part of the input DSA
TRACE::2026-05-04.17:18:08::SCWMssOS::Checking the sw design at  C:/Xilinx/ECE_520/Sandbox/threat_detection_vitis/threat_app3/ps7_cortexa9_0/standalone_domain/bsp/system.mss
TRACE::2026-05-04.17:18:08::SCWMssOS::DEBUG:  swdes dump  C:/Xilinx/ECE_520/Sandbox/threat_detection_vitis/threat_app3/ps7_cortexa9_0/standalone_domain/bsp/system.mss|system_0||
C:/Xilinx/ECE_520/Sandbox/threat_detection_vitis/threat_app3/zynq_fsbl/zynq_fsbl_bsp/system.mss|system||

TRACE::2026-05-04.17:18:08::SCWMssOS::Sw design exists and opened at  C:/Xilinx/ECE_520/Sandbox/threat_detection_vitis/threat_app3/ps7_cortexa9_0/standalone_domain/bsp/system.mss
TRACE::2026-05-04.17:18:08::SCWWriter::formatted JSON is {
	"platformName":	"threat_app3",
	"sprVersion":	"2.0",
	"mode":	"gui",
	"dsaType":	"Fixed",
	"platformDesc":	"threat_app3",
	"platHandOff":	"C:/Xilinx/ECE_520/Sandbox/threat_detector_final_soc/threat_detector_bd_wrapper2.xsa",
	"platIntHandOff":	"<platformDir>/hw/threat_detector_bd_wrapper2.xsa",
	"deviceType":	"zynq",
	"platIsPrebuiltAutogen":	"false",
	"platIsNoBootBsp":	"false",
	"hasFsblMakeHasChanges":	"false",
	"hasPmufwMakeHasChanges":	"false",
	"fsblExtraCompilerFlags":	"-MMD -MP       -mcpu=cortex-a9 -mfpu=vfpv3 -mfloat-abi=hard ",
	"platPreBuiltFlag":	false,
	"platformSamplesDir":	"",
	"platActiveSys":	"threat_app3",
	"systems":	[{
			"systemName":	"threat_app3",
			"systemDesc":	"threat_app3",
			"sysIsBootAutoGen":	"true",
			"systemDispName":	"threat_app3",
			"sysActiveDom":	"zynq_fsbl",
			"sysDefaultDom":	"standalone_domain",
			"domains":	[{
					"domainName":	"zynq_fsbl",
					"domainDispName":	"zynq_fsbl",
					"domainDesc":	"FSBL Application BSP - Auto Generated.",
					"processors":	"ps7_cortexa9_0",
					"os":	"standalone",
					"sdxOs":	"standalone",
					"debugEnable":	"",
					"domRuntimes":	["cpp"],
					"swRepo":	"",
					"mssOsVer":	"8.1",
					"mssFile":	"",
					"md5Digest":	"2d480a6ac3a68567e554fb8c0140dea01",
					"compatibleApp":	"zynq_fsbl",
					"domType":	"bootDomain",
					"arch":	"32-bit",
					"appSettings":	{
						"appCompilerFlags":	"",
						"appLinkerFlags":	""
					},
					"addedLibs":	["xilffs:5.0", "xilrsa:1.6"],
					"libOptions":	{
						"libsContainingOptions":	[]
					},
					"changedDrivers":	{
						"ps7_cortexa9_0":	"cpu_cortexa9:2.11",
						"threat_detector_0":	"none:",
						"changedCells":	["ps7_cortexa9_0", "threat_detector_0"]
					},
					"prebuiltLibs":	{
						"prebuiltIncPath":	[],
						"prebuiltLibPath":	[]
					},
					"isolation":	{
					}
				}, {
					"domainName":	"standalone_domain",
					"domainDispName":	"standalone on ps7_cortexa9_0",
					"domainDesc":	"standalone_domain",
					"processors":	"ps7_cortexa9_0",
					"os":	"standalone",
					"sdxOs":	"standalone",
					"qemuArgs":	"<platformDir>/resources/threat_app3/standalone_domain/qemu_args.txt",
					"qemuData":	"<platformDir>/resources/threat_app3/standalone_domain/qemu",
					"debugEnable":	"False",
					"domRuntimes":	["cpp"],
					"swRepo":	"",
					"mssOsVer":	"8.1",
					"mssFile":	"",
					"md5Digest":	"56368e7a65f121d5a992aab310446bf2",
					"compatibleApp":	"",
					"domType":	"mssDomain",
					"appSettings":	{
						"appCompilerFlags":	"",
						"appLinkerFlags":	""
					},
					"addedLibs":	[],
					"libOptions":	{
						"libsContainingOptions":	[]
					},
					"changedDrivers":	{
						"threat_detector_0":	"none:",
						"changedCells":	["threat_detector_0"]
					},
					"prebuiltLibs":	{
						"prebuiltIncPath":	[],
						"prebuiltLibPath":	[]
					},
					"isolation":	{
					}
				}]
		}]
}
KEYINFO::2026-05-04.17:18:08::SCWPlatform::updated the xpfm file.
TRACE::2026-05-04.17:18:10::SCWPlatform::Trying to open the hw design at C:/Xilinx/ECE_520/Sandbox/threat_detection_vitis/threat_app3/hw/threat_detector_bd_wrapper2.xsa
TRACE::2026-05-04.17:18:10::SCWPlatform::DSA given C:/Xilinx/ECE_520/Sandbox/threat_detection_vitis/threat_app3/hw/threat_detector_bd_wrapper2.xsa
TRACE::2026-05-04.17:18:10::SCWPlatform::DSA absoulate path C:/Xilinx/ECE_520/Sandbox/threat_detection_vitis/threat_app3/hw/threat_detector_bd_wrapper2.xsa
TRACE::2026-05-04.17:18:10::SCWPlatform::DSA directory C:/Xilinx/ECE_520/Sandbox/threat_detection_vitis/threat_app3/hw
TRACE::2026-05-04.17:18:10::SCWPlatform:: Platform Path C:/Xilinx/ECE_520/Sandbox/threat_detection_vitis/threat_app3/hw/threat_detector_bd_wrapper2.xsa
TRACE::2026-05-04.17:18:10::SCWPlatform:: Unique name xilinx:zybo-z7-10::0.0
TRACE::2026-05-04.17:18:10::SCWPlatform::Trying to set the existing hwdb with name threat_detector_bd_wrapper_7
TRACE::2026-05-04.17:18:10::SCWPlatform::Opened existing hwdb threat_detector_bd_wrapper_7
TRACE::2026-05-04.17:18:10::SCWPlatform::Found the Hw Db part of the input DSA
TRACE::2026-05-04.17:18:10::SCWMssOS::Checking the sw design at  C:/Xilinx/ECE_520/Sandbox/threat_detection_vitis/threat_app3/ps7_cortexa9_0/standalone_domain/bsp/system.mss
TRACE::2026-05-04.17:18:10::SCWMssOS::DEBUG:  swdes dump  C:/Xilinx/ECE_520/Sandbox/threat_detection_vitis/threat_app3/ps7_cortexa9_0/standalone_domain/bsp/system.mss|system_0||
C:/Xilinx/ECE_520/Sandbox/threat_detection_vitis/threat_app3/zynq_fsbl/zynq_fsbl_bsp/system.mss|system||

TRACE::2026-05-04.17:18:10::SCWMssOS::Sw design exists and opened at  C:/Xilinx/ECE_520/Sandbox/threat_detection_vitis/threat_app3/ps7_cortexa9_0/standalone_domain/bsp/system.mss
